Plot_ID,Shape,Plot_size_m2,parent_plot,Northing,Easting,AGB(Mg/ha)_Y,AGB(Mg/ha)_J,AGB(Mg/ha)_C,AGB(Mg/ha)_W,AGB(Mg/ha)_Mean,Point_density,Vegetation_density,Max_height,Mean_height,P25,P50,P75,P95
c_100_001,circle,100,1,4974552.016,525148.9151041645,179.86751012738324,194.1866949598683,199.50297875898144,167.2861322330074,185.2108290198101,53.6,0.6041044776119403,28.8,20.536306,19.0825,21.84,24.5675,27.0415
c_100_002,circle,100,1,4974558.652571437,525144.0933527754,37.26566795698399,41.06864098334345,39.91377662979276,35.03989036668233,38.32199398420063,47.04,0.6998299319727891,28.8,19.55543,15.9475,20.83,23.83,25.97
c_100_003,circle,100,1,4974556.117626716,525136.2915951425,202.57953764028574,218.5362105707173,224.43697654178365,184.4568788713441,207.5024009060327,42.58,0.9335368717707844,28.49,19.705938,17.195,21.94,23.98,26.443
c_100_004,circle,100,1,4974547.914373283,525136.2915951425,181.18248052666314,204.40154208648198,197.57810657770708,174.69198531360502,189.46352862611428,43.78,0.9769301050708086,27.45,17.63631,14.19,19.46,22.03,25.02
c_100_005,circle,100,1,4974545.379428563,525144.0933527754,186.32217908124937,210.7093207229299,206.03540660688427,179.45946693445197,195.63159333637887,49.08,0.9138141809290954,28.16,17.945778,13.62,19.79,22.78,25.99
c_100_006,circle,100,2,4975569.679,524912.4301041645,35.2087584236715,41.018883945432975,36.86021075950313,31.537485389713446,36.156334629580265,41.54,0.7096774193548387,33.17,17.6211,9.52,20.085,24.4,31.4595
c_100_007,circle,100,2,4975576.315571437,524907.6083527755,26.952151793098608,30.152387603924886,27.986102578023893,25.3231670289556,27.603452251000746,41.34,0.634978229317852,26.95,12.714804,9.96,12.69,15.89,19.307999
c_100_008,circle,100,2,4975573.780626716,524899.8065951425,56.01057844456741,63.36645874829409,57.99545340203666,53.018254368856184,57.59768624093859,67.97,0.8650875386199794,31.7,17.397287,9.22,18.86,24.55,29.16
c_100_009,circle,100,2,4975565.577373283,524899.8065951425,492.9852253675856,538.0750204465763,537.3345807485277,445.5783672497497,503.4932984531099,55.18,0.9603117071402683,32.12,21.287714,19.13,23.75,27.29,30.32
c_100_010,circle,100,2,4975563.042428562,524907.6083527755,124.40985874688647,133.8920389180169,138.44619906824244,114.3467635203689,127.77371506337867,44.15,0.8518686296715742,31.7,23.929482,21.68,24.49,27.17,29.83
c_100_011,circle,100,3,4975188.667,525012.9261041644,164.10568103933036,200.57537570635827,177.9419314572661,166.52728397522085,177.2875680445439,50.11,0.8487327878666933,25.08,10.53296,7.33,9.12,12.67,20.5
c_100_012,circle,100,3,4975195.3035714375,525008.1043527754,324.3285412361868,373.4993409178093,345.3561998461929,311.22918761927326,338.60331740486555,63.01,0.8295508649420726,27.45,16.363705,9.465,18.2,22.95,25.41
c_100_013,circle,100,3,4975192.768626717,525000.3025951424,75.80327472483353,97.1558023996185,74.51199408254845,74.04810010597375,80.37979282824355,47.69,0.6921786538058293,25.41,9.439457,6.24,8.46,10.75,22.54
c_100_014,circle,100,3,4975184.565373284,525000.3025951424,188.7317170718613,207.46728691379434,175.0341600477282,186.00237290251175,189.30888423397388,52.9,0.8351606805293006,20.97,11.449397,7.65,10.1,16.0375,19.27
c_100_015,circle,100,3,4975182.030428563,525008.1043527754,65.97541460943204,99.91053110004131,69.39399753401679,73.00472284711141,77.07116652265039,43.8,0.8089041095890411,17.17,8.579594,6.645,8.33,10.12,14.6189995
c_100_016,circle,100,4,4974882.089,525131.9381041644,118.36196309860297,133.54474025843726,127.92871233506695,115.86951090166298,123.92623164844254,59.61,0.8069115920147626,21.48,9.522461,6.23,8.75,12.36,18.1
c_100_017,circle,100,4,4974888.725571437,525127.1163527754,79.15246088390676,85.82832325779879,86.16073529464782,75.63205910205272,81.69339463460153,48.3,0.868944099378882,21.15,9.900424,5.06,9.09,14.88,18.622
c_100_018,circle,100,4,4974886.190626716,525119.3145951424,262.3239944024989,288.93269872097835,290.29642973816516,246.5786733170751,272.03294904467936,49.37,0.9220174194855175,20.72,10.010832,5.2,10.16,14.95,17.7545
c_100_019,circle,100,4,4974877.987373283,525119.3145951424,53.9637525677983,59.58633491169039,56.62093492338198,52.74197870669333,55.728250277391,50.9,0.9259332023575638,21.21,11.247664,7.74,11.44,15.01,18.99
c_100_020,circle,100,4,4974875.452428563,525127.1163527754,94.18572310099552,103.8808178519877,100.64819320228298,91.68023548601427,97.59874241032013,51.73,0.7929634641407307,18.04,8.981221,5.55,8.23,12.17,16.02
c_100_021,circle,100,5,4975907.399,524776.0341041645,87.51004304635333,98.51887724152645,88.16871136730185,82.38090670028156,89.1446345888658,50.68,0.7973559589581689,24.085,12.632585,8.445,13.645,17.065,19.735
c_100_022,circle,100,5,4975914.035571437,524771.2123527754,48.26345170418232,54.737514282156724,49.33782055258786,50.055334712169156,50.59853031277402,46.01,0.9032818952401652,24.755,13.448149,9.2225,14.32,17.8875,21.275
c_100_023,circle,100,5,4975911.500626717,524763.4105951424,44.43960379229222,70.1320248805958,71.38042252750074,66.36077209385827,63.07820582356176,50.0,0.9426,23.035,13.2227955,8.655,14.935,18.145,20.413
c_100_024,circle,100,5,4975903.297373284,524763.4105951424,239.74790751429393,278.5672984166209,262.05774751292586,238.80893362469175,254.7954717671331,47.72,0.8880972338642079,24.195,13.114766,9.4475,12.975,16.875,22.155
c_100_025,circle,100,5,4975900.762428563,524771.2123527754,167.3268288615101,162.6910010377094,144.42612375288408,151.82949648504444,156.56836253428702,53.63,0.7667350363602461,30.355,16.279388,12.122499,15.145,20.685,27.704
c_100_026,circle,100,6,4976225.143,524514.8141041645,29.222033328914243,32.46633664246144,29.822012605403412,28.26754368476638,29.94448156538637,14.19,0.981677237491191,26.0,13.839999,10.97,13.17,16.51,22.67
c_100_027,circle,100,6,4976231.779571437,524509.9923527754,91.13036649341558,103.64229410207564,92.4498806318154,84.47581675425363,92.92458949539007,15.85,0.9772870662460568,26.57,15.299639,12.91,15.35,18.03,21.666
c_100_028,circle,100,6,4976229.244626717,524502.1905951424,193.3673271227191,214.7132898339948,206.12742769211553,180.53436286321627,198.68560187801143,18.0,0.9277777777777778,26.2,15.972862,14.345,16.79,18.2775,21.4955
c_100_029,circle,100,6,4976221.041373284,524502.1905951424,198.0928121487848,220.3279765786661,207.80541281895034,181.89416770529587,202.03009231292427,17.53,0.9127210496292071,24.82,17.375395,15.184999,17.895,20.192501,23.62
c_100_030,circle,100,6,4976218.506428563,524509.9923527754,450.0466857642714,489.9325260467127,491.2268140041339,417.47481273150345,462.1702096366554,22.8,0.9486842105263158,26.7,17.041758,13.65,17.11,20.985,24.22
c_100_031,circle,100,7,4976269.182,525031.5591041645,264.54523310946877,301.3319472989632,285.7557325236783,242.8716443194945,273.62613931290116,65.27,0.9143557530258924,23.14,16.599249,13.34,17.474998,20.56,22.08
c_100_032,circle,100,7,4976275.818571437,525026.7373527754,203.18702869964102,255.31782545940914,240.8143311993484,182.42013086232814,220.4348290551817,66.73,0.9283680503521654,22.39,15.720765,12.54,16.05,19.41,21.79
c_100_033,circle,100,7,4976273.283626717,525018.9355951424,124.96850192953843,188.21728017398488,138.39844590719215,136.34806208198694,146.98307252317562,49.22,0.9890288500609509,25.95,11.5372715,8.85,11.47,13.6,19.5965
c_100_034,circle,100,7,4976265.0803732835,525018.9355951424,44.88220762072505,51.47388674022678,46.825914618084845,54.826754546339686,49.50219088134409,40.78,0.9818538499264345,19.14,10.35296,8.18,11.02,12.512501,14.478499
c_100_035,circle,100,7,4976262.545428563,525026.7373527754,167.28672446273904,162.7432303221698,155.19932237178602,154.46630468657253,159.92389546081685,58.41,0.9712378017462763,24.17,14.296773,11.6,13.74,17.85,21.42
c_100_036,circle,100,8,4976535.25,524990.7311041645,52.39665893684077,59.60562931762353,50.90304591923962,50.07535070997118,53.24517122091878,52.45,0.9643469971401335,22.14,9.6505995,7.41,9.32,11.3975,17.481499
c_100_037,circle,100,8,4976541.886571437,524985.9093527754,114.20013028156312,122.1297277460309,122.89044724382325,100.50519466101619,114.93137498310836,54.96,0.9144832605531296,26.61,13.756347,8.17,12.09,19.92,24.71
c_100_038,circle,100,8,4976539.351626717,524978.1075951424,59.30293748524959,62.16835431559371,58.6045732102999,41.07011246665281,55.286494369449,53.4,0.9099250936329588,33.4,15.778433,10.06,14.4,20.445,28.3
c_100_039,circle,100,8,4976531.148373283,524978.1075951424,84.99685801993752,85.75410206698237,81.32421249066113,81.2918310644517,83.34175091050818,63.35,0.8044198895027624,26.01,13.655649,9.1875,14.51,18.05,21.522501
c_100_040,circle,100,8,4976528.613428563,524985.9093527754,100.68114098618233,113.29139313758662,101.88770537469776,93.66672887532631,102.38174209344827,65.04,0.8826875768757687,30.71,15.052294,8.37,15.8,19.92,28.03
c_100_041,circle,100,9,4976764.273,524978.2421041644,268.69994346985845,301.9538118448886,295.9049441116572,236.51465383708071,275.76833831587123,53.17,0.9565544479969907,32.33,16.275871,11.49,16.03,20.05,26.9725
c_100_042,circle,100,9,4976770.909571437,524973.4203527754,314.93517493990873,363.6605716903992,345.7637118859345,270.6341938491071,323.7484130913374,57.11,0.9746104009805638,32.98,20.100677,15.5525,21.055,25.11,30.6225
c_100_043,circle,100,9,4976768.374626717,524965.6185951424,0.0,0.0,0.0,0.0,0.0,46.08,0.7654079861111112,29.03,13.119529,8.285,12.95,16.94,25.494
c_100_044,circle,100,9,4976760.1713732835,524965.6185951424,161.32260248203622,173.35864518420806,179.8056714358506,146.54919751197292,165.25902915351696,54.11,0.6828682313805211,31.83,17.738035,9.9,20.08,25.564999,30.16
c_100_045,circle,100,9,4976757.636428563,524973.4203527754,229.3843786315313,294.77792604269587,245.28883437388797,182.06587129391775,237.87925258550823,51.11,0.7742124828800626,24.16,11.106725,7.85,10.43,13.75,21.042
c_100_046,circle,100,10,4975957.068,525217.4551041644,170.22449992860356,197.01003916331024,176.9697869055932,163.73892494820893,176.98581273642898,55.3,0.9768535262206148,21.11,13.111767,10.34,13.665,15.85,18.18
c_100_047,circle,100,10,4975963.704571437,525212.6333527754,329.7449216880723,388.16595967240977,344.05408716562937,324.339261281275,346.5760574518466,56.25,0.9685333333333334,23.56,16.691933,15.49,17.25,18.5,20.15
c_100_048,circle,100,10,4975961.1696267165,525204.8315951424,214.65504421237893,255.10492396507672,223.62819059277155,228.04242156690384,230.35764508428275,51.22,0.9453338539632956,22.17,17.267242,16.41,17.81,18.81,20.24
c_100_049,circle,100,10,4975952.966373283,525204.8315951424,242.06114228080975,285.27275615726876,249.3660757250458,258.52130355943257,258.8053194306392,52.61,0.9724386998669454,23.6,16.927834,15.22,17.7,19.13,20.81
c_100_050,circle,100,10,4975950.431428563,525212.6333527754,136.94820210752505,154.48890865999192,141.21296868239705,142.21595679597496,143.71650906147224,55.54,0.977133597407274,22.16,13.032454,11.26,13.3,15.14,17.487
c_100_051,circle,100,11,4975613.36,525395.1981041644,293.2281202971634,322.92951086050584,320.39197793249406,275.41316839277886,302.9906943707356,72.88,0.9235729967069155,29.62,19.484888,14.76,21.11,24.634998,27.17
c_100_052,circle,100,11,4975619.996571437,525390.3763527754,102.79771582671366,113.00843239199625,104.23164453331725,104.63464245810621,106.16810880253334,63.87,0.7313292625645843,27.83,15.574375,11.71,15.97,19.12,25.0
c_100_053,circle,100,11,4975617.461626717,525382.5745951424,64.08400730362973,69.97614192550272,63.95176359805649,68.38783557167898,66.59993709971698,56.87,0.8461403200281343,20.27,11.840089,8.72,12.16,15.282499,17.65
c_100_054,circle,100,11,4975609.258373284,525382.5745951424,184.31100623024457,215.8943695082128,189.63020669343018,184.49678683288045,193.583092316192,59.26,0.9863314208572392,19.9,11.646007,7.64,12.02,15.39,18.608
c_100_055,circle,100,11,4975606.723428563,525390.3763527754,221.41286197791163,257.9528353324896,227.55243800719188,217.6437777964352,231.1404782785071,61.71,0.9708313077297035,27.6,12.972705,8.2,13.14,17.244999,22.125
c_100_056,circle,100,12,4975652.244,525885.3421041644,167.62338857468507,184.97559462769433,167.0770523568974,166.66373135231467,171.58494172789787,48.25,0.9363730569948187,24.5,15.008514,11.622499,15.9,18.6675,21.46
c_100_057,circle,100,12,4975658.880571437,525880.5203527753,140.18698897678857,151.61414246542034,132.68678166512382,138.63827795462436,140.78154776548928,42.13,0.9515784476619986,26.27,15.3534975,11.9,14.96,19.42,23.44
c_100_058,circle,100,12,4975656.3456267165,525872.7185951424,266.4637333667651,233.67888004421684,221.04584701297978,234.11041505053538,238.82471886862427,45.44,0.9152728873239436,26.27,17.591696,12.52,19.56,22.63,24.95
c_100_059,circle,100,12,4975648.142373283,525872.7185951424,267.4170591002196,259.72843330752033,233.15215362764104,236.27181254284207,249.14236464455578,46.97,0.9116457313178624,25.79,17.324991,12.5625,18.79,22.09,24.43
c_100_060,circle,100,12,4975645.607428563,525880.5203527753,215.05836568673396,192.2994181210404,184.3280253546341,200.56689307327377,198.06317555892053,45.08,0.9066104702750666,25.19,15.712015,10.56,17.4,21.01,23.927
c_100_061,circle,100,13,4975983.789,525694.5511041644,426.928770547307,465.80915282674397,469.1584956411501,393.91393812067525,438.9525892839691,53.64,0.8976510067114094,30.17,17.013752,9.4,19.02,24.09,27.573
c_100_062,circle,100,13,4975990.425571437,525689.7293527754,269.59694461174615,296.0520692549903,296.0575924988567,247.29913428316095,277.2514351621885,49.39,0.9455355335088075,31.12,17.494656,11.89,17.535,23.685001,27.4655
c_100_063,circle,100,13,4975987.890626716,525681.9275951424,58.2631242456884,64.51855234068861,60.27748547932926,54.86575013835577,59.48122805101551,40.3,0.9774193548387097,31.2,15.530475,11.64,16.18,20.12,24.05
c_100_064,circle,100,13,4975979.687373283,525681.9275951424,191.112842289771,207.92916838763873,207.77592565698518,177.96142405313464,196.1948400968824,40.38,0.9918276374442794,32.11,20.525818,15.34,22.8,26.71,29.578
c_100_065,circle,100,13,4975977.152428563,525689.7293527754,0.0,0.0,0.0,0.0,0.0,20.8,0.6572115384615385,26.72,9.655098,4.32,8.1,11.665,24.617
c_100_066,circle,100,14,4976328.71,525891.6001041644,85.284627635959,92.0271261570751,88.45682964921714,80.5075308836683,86.56902858147987,51.21,0.9269673891818004,16.92,10.272471,8.405,10.53,12.33,14.55
c_100_067,circle,100,14,4976335.346571437,525886.7783527754,65.31766828238491,71.58898390521087,68.14137989572504,59.97857070578231,66.25665069727579,52.25,0.8564593301435407,16.99,9.49431,7.13,9.81,11.985,14.41
c_100_068,circle,100,14,4976332.8116267165,525878.9765951424,100.41735240625044,117.77665506397153,103.64985499529317,104.81693697912705,106.66519986116054,45.85,0.8647764449291166,17.88,10.520272,8.51,10.99,12.71,14.768001
c_100_069,circle,100,14,4976324.608373283,525878.9765951424,59.34194756062011,64.30185645117416,62.11667156259678,55.0551789176635,60.203913623013634,33.28,0.9221754807692307,17.56,10.798671,9.14,11.19,12.78,15.096001
c_100_070,circle,100,14,4976322.073428563,525886.7783527754,111.64085816005645,134.1144289750285,115.72537804243697,116.54827328843041,119.50723461648809,39.24,0.872579001019368,17.24,9.039953,7.1275,9.42,10.95,13.87
c_100_071,circle,100,15,4976514.12,524480.9681041645,133.9980407498368,150.81864092564874,137.02361565808206,126.01494101670906,136.96380958756916,16.0,0.84125,21.76,13.9537,11.28,14.08,17.0375,19.5475
c_100_072,circle,100,15,4976520.756571437,524476.1463527754,27.781669007723877,31.610115191888795,26.806512892094666,30.180991879590454,29.094822242824446,15.37,0.8848405985686402,22.61,15.216816,13.077499,16.14,18.2425,20.2
c_100_073,circle,100,15,4976518.221626717,524468.3445951424,27.072631649798335,30.409281036438095,27.344130007371476,26.916274955383678,27.935579412247897,19.72,0.7672413793103449,21.26,12.332049,9.23,12.0,15.82,19.3
c_100_074,circle,100,15,4976510.018373284,524468.3445951424,153.54872408016004,174.56276551484112,151.6216805788029,152.42152692933726,158.03867427578533,16.72,0.8977272727272727,21.75,13.33912,11.59,14.2,16.26,18.52
c_100_075,circle,100,15,4976507.483428563,524476.1463527754,131.96468951214146,150.33459510752942,132.6404800149512,128.97261123380963,135.97809396710792,16.92,0.9284869976359338,21.08,12.2618265,10.455,13.17,14.925,17.224998
c_100_076,circle,100,16,4975318.712,525560.0031041645,119.21011097068217,129.36511721328404,131.51050438077726,112.03097532065766,123.02917697135028,63.2,0.9452531645569621,21.43,15.130805,13.51,15.6,17.27,19.13
c_100_077,circle,100,16,4975325.348571437,525555.1813527754,168.4646661087052,182.28695487411176,186.41294977648204,157.8174975196429,173.74551706973546,64.35,0.9075369075369075,21.8,15.5694,13.7275,16.16,18.01,19.96
c_100_078,circle,100,16,4975322.813626717,525547.3795951424,103.46446308591281,112.27616308454772,111.40724060463845,101.60880289597189,107.18916741776772,68.34,0.779777582674861,22.68,15.883157,14.33,16.14,17.91,19.856
c_100_079,circle,100,16,4975314.610373284,525547.3795951424,68.83757350491248,74.33705382499942,76.33056777146449,64.39112915703114,70.97408106460188,77.5,0.7646451612903226,22.97,16.59212,14.83,16.75,18.88,21.22
c_100_080,circle,100,16,4975312.075428563,525555.1813527754,180.70669305723015,196.5882163365759,198.83758927414507,168.5987520580993,186.18281268151262,72.98,0.8600986571663469,22.11,15.639231,13.76,16.72,18.65,20.04
c_100_081,circle,100,17,4975371.046,526084.8701041645,129.32796464513348,154.39102545446428,135.8858886432529,122.47544062721781,135.52007984251713,34.76,0.8081127733026467,17.33,11.90707,10.01,12.74,14.36,15.81
c_100_082,circle,100,17,4975377.682571437,526080.0483527754,125.45558751545782,138.73387532839484,129.9638799634136,128.8140827397913,130.7418563867644,36.13,0.7699972322169942,17.74,12.125802,10.45,12.91,14.51,16.06
c_100_083,circle,100,17,4975375.147626717,526072.2465951424,94.57375533934432,112.10182120674476,97.44664142934886,93.25545419495472,99.34441804259816,32.7,0.9522935779816514,19.35,11.680883,9.2125,12.27,14.48,17.17
c_100_084,circle,100,17,4975366.944373284,526072.2465951424,70.47427571215931,78.15514352987276,76.55357041271952,67.60732613635854,73.19757894777753,24.35,0.8127310061601642,19.51,12.683435,9.655,13.98,15.97,17.873001
c_100_085,circle,100,17,4975364.409428563,526080.0483527754,86.34781374378471,104.85892154850596,95.20966725814463,83.5061187088764,92.48063031482792,32.04,0.6900749063670412,18.0,11.318232,8.684999,12.49,14.27,16.15
c_100_086,circle,100,18,4975406.248,526556.0241041644,28.189750082973145,30.908228784805537,30.763419524395434,25.816311471797167,28.91942746599282,49.03,0.7907403630430349,15.23,7.484248,5.68,7.82,9.29,11.07
c_100_087,circle,100,18,4975412.884571437,526551.2023527754,3.5126515904378564,3.8588206314323283,3.8255945706433914,3.1916064871822853,3.5971683199239655,44.35,0.47756482525366406,10.52,5.962361,4.11,5.67,7.71,9.62
c_100_088,circle,100,18,4975410.349626716,526543.4005951424,96.27723252400422,106.62136821698645,100.53437127156128,89.51399131221234,98.23674083119107,62.97,0.7284421152929966,19.89,9.385149,6.5150003,9.25,12.5,16.167
c_100_089,circle,100,18,4975402.146373283,526543.4005951424,84.83579286891626,93.7048349881892,88.3761633588444,78.35804891819001,86.31871003353496,51.69,0.6384213580963436,19.63,8.540558,5.7775,8.415,10.79,15.0405
c_100_090,circle,100,18,4975399.611428563,526551.2023527754,132.27191808169877,146.4692474634851,137.6473835756299,120.90102033759193,134.32239236460143,46.93,0.8139782655018112,18.35,9.26448,5.54,8.465,13.26,16.8105
c_100_091,circle,100,19,4975693.698,526343.3581041645,274.454378848258,300.4358430937139,294.5615606897321,259.65804518329753,282.2774569537504,48.03,0.8981886321049344,24.73,15.872645,12.66,17.11,19.8,22.2735
c_100_092,circle,100,19,4975700.334571437,526338.5363527754,90.01324816980897,95.1687395404854,92.99735598959201,82.29494384616218,90.11857188651214,44.46,0.9129554655870445,22.7,12.91038,8.715,14.28,17.015,20.1
c_100_093,circle,100,19,4975697.799626716,526330.7345951424,52.72284712805223,57.99897050675408,55.087099298542476,52.24557261533013,54.51362238716973,44.1,0.9256235827664399,23.55,12.773405,10.1025,13.54,16.2475,20.1495
c_100_094,circle,100,19,4975689.596373283,526330.7345951424,38.698599122561305,41.594788802506216,41.11861294524799,38.51774077488374,39.98243541129981,48.66,0.9438964241676943,27.48,14.872328,11.27,15.31,19.15,23.39
c_100_095,circle,100,19,4975687.061428563,526338.5363527754,180.22640093404425,217.90017685598144,185.46262914867077,147.15201299658557,182.6853049838205,48.94,0.9405394360441357,23.54,14.742196,12.31,15.81,18.04,20.75
c_100_096,circle,100,20,4976026.288,526567.9401041645,206.4193523033383,247.00761096580584,211.06550515718516,226.65893691113635,222.78785133436642,54.97,0.9616154265963253,21.28,14.201074,12.12,14.65,16.7875,19.2
c_100_097,circle,100,20,4976032.924571437,526563.1183527755,211.4009783055819,238.56366917499292,217.12995876160264,210.86746277660808,219.49051725469639,54.64,0.9095900439238653,21.28,12.553887,9.3225,13.1,15.69,19.355501
c_100_098,circle,100,20,4976030.389626716,526555.3165951425,285.4876839849827,329.43241058758815,289.8960804386131,303.9052683232451,302.18036083360727,58.85,0.9114698385726423,22.68,14.049437,10.53,15.33,17.95,20.08
c_100_099,circle,100,20,4976022.186373283,526555.3165951425,172.35931911970468,207.93770784903558,175.0553079143286,201.31654227488215,189.16721928948778,54.23,0.9481836621796054,19.96,12.7674265,9.61,13.56,16.43,18.65
c_100_100,circle,100,20,4976019.651428563,526563.1183527755,211.9597070545561,271.5865194398795,218.75996839203398,233.68208670170162,233.99707039704282,51.76,0.9787480680061824,23.88,14.686282,12.112499,14.96,17.5,20.5075
c_100_101,circle,100,21,4976291.761,525445.8661041645,207.51767686347605,236.92211528506652,219.74124289698824,207.31832992503658,217.87484124264182,62.25,0.9185542168674699,28.1,16.934174,13.66,17.16,20.377499,25.1845
c_100_102,circle,100,21,4976298.397571437,525441.0443527754,211.74993779012004,234.60939083645485,227.24568608008826,212.35200746402072,221.48925554267097,58.41,0.9571991097414826,28.24,19.500563,16.51,21.41,23.1,25.88
c_100_103,circle,100,21,4976295.8626267165,525433.2425951425,292.54969508198565,320.5401076379919,322.3552801528877,278.4665419572575,303.4779062075307,60.96,0.9796587926509186,28.52,19.751133,17.1575,22.165,24.29,26.78
c_100_104,circle,100,21,4976287.659373283,525433.2425951425,196.0262132377843,223.8562524872941,205.12191319001516,184.82842416883656,202.45820077098256,61.08,0.971185330713818,28.52,15.680546,10.51,15.955,20.9,25.31
c_100_105,circle,100,21,4976285.124428563,525441.0443527754,265.4181495516498,292.81495567282104,276.5749596417162,263.5206854907151,274.58218758922555,67.03,0.8834850067134119,27.8,15.152653,10.87,15.66,19.29,24.3895
c_100_106,circle,100,22,4976583.131,525413.7531041645,78.9248045461706,87.07117576441455,81.27895249470727,76.57380359187329,80.96218409929142,46.17,0.5837123673380983,26.42,15.555607,13.85,16.52,18.67,22.023
c_100_107,circle,100,22,4976589.767571437,525408.9313527754,54.55186409054485,61.568943765729784,56.80240515360602,63.936211058177896,59.21485601701464,56.13,0.7562800641368252,20.46,14.074363,11.8,14.82,16.76,18.52
c_100_108,circle,100,22,4976587.232626717,525401.1295951424,91.37918500955116,101.85178812498684,94.79301213147794,85.95078192330767,93.4936917973309,53.69,0.7669957161482586,19.78,11.88764,9.51,13.17,15.1,16.93
c_100_109,circle,100,22,4976579.0293732835,525401.1295951424,33.58241625003711,37.551102308491124,34.87612872559033,31.60900629263509,34.40466339418841,42.64,0.6972326454033771,16.59,11.149174,9.73,12.03,13.76,15.36
c_100_110,circle,100,22,4976576.494428563,525408.9313527754,13.439414381092314,15.049817927610555,13.950693441752456,12.658239852721334,13.774541400794163,54.14,0.7728112301440709,29.78,17.701485,14.16,18.35,22.36,26.4185
c_100_111,circle,100,23,4975689.685,526591.8451041644,84.48065801586512,91.47721627196029,90.63513166625322,83.54652810886967,87.53488351573708,39.58,0.9229408792319354,30.14,17.490774,7.52,21.45,24.91,28.053999
c_100_112,circle,100,23,4975696.321571437,526587.0233527754,328.2459401012678,331.6020621419725,338.9027179707884,299.18901809845715,324.48493457812145,53.81,0.9117264448987177,30.14,21.695269,20.87,24.31,26.29,28.03
c_100_113,circle,100,23,4975693.786626716,526579.2215951424,117.33581135139822,126.75461073868341,130.06045452817497,109.60546732313634,120.93908598534823,41.6,0.5463942307692308,30.06,18.768896,8.01,23.36,25.43,28.084
c_100_114,circle,100,23,4975685.583373283,526579.2215951424,253.8276622735714,275.78174269490773,281.3043301943379,237.45157852140125,262.0913284210546,53.92,0.7770771513353115,30.27,20.161333,17.1525,22.685001,25.17,27.8255
c_100_115,circle,100,23,4975683.0484285625,526587.0233527754,183.2423105381429,195.09423908741974,198.50766360918055,156.30349434107123,183.2869268939536,64.53,0.9205020920502092,29.52,17.150984,10.42,19.65,24.01,27.52
c_100_116,circle,100,24,4975979.232,526260.3771041645,36.37749535278179,40.5904430043341,37.680704864806586,34.43187456494473,37.2701294467168,36.21,0.8307097486882077,22.53,12.933528,8.55,14.165,17.4025,19.8765
c_100_117,circle,100,24,4975985.868571437,526255.5553527754,296.52131222115133,291.5043000066994,280.0866056523642,230.70149725275235,274.70342878324186,62.2,0.8295819935691319,24.15,13.649652,10.54,14.58,17.5,19.6105
c_100_118,circle,100,24,4975983.333626716,526247.7535951424,121.21762177163403,102.76961455964305,102.57013893846809,102.29936240100386,107.21418441768726,59.56,0.7369039623908663,27.7,18.389315,14.9,20.59,23.06,25.596
c_100_119,circle,100,24,4975975.130373283,526247.7535951424,0.0,0.0,0.0,0.0,0.0,36.95,0.18186738836265223,23.81,14.083171,12.5875,14.23,15.247499,21.9445
c_100_120,circle,100,24,4975972.595428563,526255.5553527754,34.8124171253098,37.75405471559202,38.17916048875797,32.98646493303341,35.9330243156733,33.95,0.5469808541973491,16.98,11.517227,8.03,13.6,15.46,16.65
c_100_121,circle,100,25,4976208.282,526368.7571041645,42.230539052811416,50.49115117038454,43.37129807868013,43.36285505378494,44.86396083891526,47.64,0.963056255247691,18.01,8.545845,6.9674997,8.78,10.15,12.6465
c_100_122,circle,100,25,4976214.918571437,526363.9353527754,31.173462192148573,33.59694609447522,32.63918665636823,30.280906138953974,31.9226252704865,47.17,0.9474242103031588,15.25,8.67727,7.88,9.03,9.97,11.22
c_100_123,circle,100,25,4976212.383626716,526356.1335951424,78.66434942944056,88.19899255550352,80.65956857158078,75.60202773525751,80.7812345729456,45.98,0.9449760765550239,18.86,8.746102,6.28,8.44,10.74,15.41
c_100_124,circle,100,25,4976204.180373283,526356.1335951424,55.008963108838635,61.50477684199478,55.97800986186048,54.11810743916601,56.65246431296497,49.52,0.9513327948303716,19.15,10.438325,6.68,10.75,13.95,17.1
c_100_125,circle,100,25,4976201.645428563,526363.9353527754,143.14966773362116,158.9999230607513,140.47793284179858,136.95717874889203,144.89617559626578,55.05,0.9271571298819256,20.86,12.056327,7.86,12.82,16.0025,18.727
c_100_126,circle,100,29,4975605.615,524633.8301041644,172.5758165107828,187.4849622618245,190.16029722646746,162.1389943754554,178.09001759363252,21.08,0.9003795066413662,25.41,16.279583,12.8575,18.0,20.467499,22.96
c_100_127,circle,100,29,4975612.251571437,524629.0083527754,184.03755163309287,200.14279705268748,201.98582495164703,173.0585966263341,189.80619256594036,22.51,0.8916037316748112,23.26,14.419177,10.395,16.23,18.38,20.667
c_100_128,circle,100,29,4975609.716626717,524621.2065951424,227.52066548292157,246.65488942464924,251.25980913654013,213.97872410267507,234.8535220366965,19.3,0.8155440414507772,24.72,18.21892,16.83,20.03,21.33,22.9135
c_100_129,circle,100,29,4975601.513373284,524621.2065951424,166.20972042413064,180.40193703591453,183.32430806744614,156.02535197846828,171.4903293764899,16.61,0.9295605057194462,24.86,17.35375,15.515,19.25,21.055,22.788502
c_100_130,circle,100,29,4975598.978428563,524629.0083527754,327.0887006852931,354.91596715004397,360.87596388511093,307.47354584022753,337.58854439016886,20.26,0.8746298124383021,26.08,18.057482,15.8,20.04,21.89,24.06
c_100_131,circle,100,30,4977166.833,524599.7771041645,199.4577487975845,219.31835526183008,223.8901090937242,191.11731297913605,208.4458815330687,42.45,0.7992932862190812,16.21,7.827519,5.1,8.12,9.91,13.31
c_100_132,circle,100,30,4977173.469571437,524594.9553527754,43.67062997571133,53.551491070242925,55.176559130323426,50.58351030953755,50.74554762145381,42.51,0.8612091272641731,16.32,8.694521,5.29,9.04,12.24,14.07
c_100_133,circle,100,30,4977170.934626716,524587.1535951424,42.57986331771623,52.898755912766504,52.841529835928114,47.69800047672243,49.00453738578332,42.36,0.8420679886685553,16.32,8.987113,5.84,9.52,12.17,14.32
c_100_134,circle,100,30,4977162.731373283,524587.1535951424,127.32576433368813,173.30338515672426,170.44209216044754,143.09381171324924,153.54126334102727,41.09,0.8021416403017766,14.76,8.509576,5.1475,9.51,11.3925,13.32
c_100_135,circle,100,30,4977160.1964285625,524594.9553527754,163.56970440251146,162.50719365837367,162.17309428360224,138.6009062797575,156.71272465606123,38.57,0.7243971998962925,16.67,6.938958,4.04,6.105,9.61,13.42
c_100_136,circle,100,31,4976243.76,524842.2482041648,143.2035144014905,156.6864124624118,138.64451832509292,146.55383566802445,146.2720702142549,63.7,0.9058084772370487,25.77,12.97464,9.13,13.684999,16.74,20.32
c_100_137,circle,100,31,4976250.396571437,524837.4264527757,286.9463382603949,315.71073503807395,316.70576180408744,271.52583177578515,297.7221667195854,57.51,0.9796557120500783,30.83,18.662897,14.22,18.86,24.15,28.39
c_100_138,circle,100,31,4976247.861626716,524829.6246951427,21.66700717720279,23.88737709628775,22.51605462175546,25.517985701251945,23.397106149124486,52.42,0.9935139259824495,29.54,19.267696,16.82,20.55,23.07,26.5065
c_100_139,circle,100,31,4976239.658373283,524829.6246951427,162.1557854275012,176.06336940834066,176.29367717470618,163.43162034777993,169.486113089582,52.04,0.9711760184473482,25.87,14.081479,9.8,14.305,18.35,23.12
c_100_140,circle,100,31,4976237.123428563,524837.4264527757,181.08049036023274,182.5764894198793,169.43891469484095,173.11258402836316,176.55211962582902,54.71,0.9579601535368306,23.13,14.278176,11.34,14.82,17.59,20.7
c_100_141,circle,100,32,4975778.346899999,525035.093504164,0.0,0.0,0.0,0.0,0.0,64.38,0.953246349798074,27.32,19.89739,17.87,21.12,22.99,25.03
c_100_142,circle,100,32,4975784.983471436,525030.271752775,99.88703095276458,100.97010804780814,95.2127584257449,116.12850932792385,103.04960168856036,67.91,0.9845383595935797,27.65,19.906242,15.63,21.24,23.77,25.7775
c_100_143,circle,100,32,4975782.448526716,525022.469995142,72.54518547902997,71.35578913321778,67.66710245237387,81.66964462823528,73.30943042321422,66.97,0.996117664625952,27.65,18.305803,14.8,19.17,22.43,24.665
c_100_144,circle,100,32,4975774.245273283,525022.469995142,98.97160385798828,112.51390447231692,104.65259335635687,94.05271293403116,102.54770365517331,68.42,0.984361297866121,26.07,19.27588,16.28,20.76,22.715,24.29
c_100_145,circle,100,32,4975771.710328562,525030.271752775,522.6831431344807,548.9279968304907,536.9383217854365,502.8490942987572,527.8496390122913,65.26,0.9650628256205945,26.2,19.547586,16.3325,20.89,23.08,24.96
c_100_146,circle,100,33,4975431.0747,525203.5490041642,116.05058465947903,129.17918279348947,120.69268409724522,108.27374039348635,118.54904798592503,62.64,0.8911238825031929,20.47,12.855394,11.02,13.53,15.3475,17.8495
c_100_147,circle,100,33,4975437.711271437,525198.7272527751,3.4795787213463285,3.9305159610009617,3.6021247167945263,3.232334858780737,3.5611385644806384,60.9,0.922824302134647,21.23,13.120628,10.24,13.95,16.46,18.6705
c_100_148,circle,100,33,4975435.176326716,525190.9254951421,108.3229958235396,120.23547060262074,112.66552573609195,101.63676169222481,110.71518846361928,59.92,0.9355807743658211,21.23,12.168026,9.46,12.41,15.51,18.67
c_100_149,circle,100,33,4975426.973073283,525190.9254951421,282.495905003803,314.99526369529644,292.89497593911375,272.7151354916679,290.7753200324703,66.88,0.9102870813397129,21.25,13.696385,11.48,14.46,16.97,19.1465
c_100_150,circle,100,33,4975424.438128563,525198.7272527751,5.350359475621782,6.02705067069696,5.543599293773564,5.0057222293453565,5.481682917359415,54.96,0.9541484716157205,20.72,12.228938,9.737499,13.23,15.16,17.16
c_100_151,circle,100,34,4975783.509400001,525507.7773041647,0.0,0.0,0.0,0.0,0.0,29.25,0.2294017094017094,30.11,14.505007,2.5149999,22.14,23.955,27.445
c_100_152,circle,100,34,4975790.145971438,525502.9555527756,0.0,0.0,0.0,0.0,0.0,24.47,0.21536575398447078,28.31,18.506376,18.19,18.69,23.91,26.69
c_100_153,circle,100,34,4975787.611026717,525495.1537951427,153.61115926365463,165.1184208820443,171.16003943258022,139.88000997612093,157.44240738860003,49.89,0.7963519743435559,32.69,23.8315,21.05,24.59,27.57,30.454
c_100_154,circle,100,34,4975779.407773284,525495.1537951427,52.48566986510504,56.9320672627895,51.948897420071646,57.49100607369283,54.714410155414754,52.75,0.8358293838862559,33.61,25.270155,23.35,26.49,28.95,31.28
c_100_155,circle,100,34,4975776.872828564,525502.9555527756,328.64457533640376,354.0809183725239,358.95213218267173,310.867765984031,338.13634796890756,56.49,0.6268366082492477,33.65,24.095957,23.16,26.36,28.73,31.5
c_100_156,circle,100,35,4975143.703,524719.7977041645,0.0,0.0,0.0,0.0,0.0,11.59,0.5901639344262295,22.81,13.079518,9.525,13.205,17.2525,20.942999
c_100_157,circle,100,35,4975150.339571437,524714.9759527755,33.83150947707922,83.25591243011785,83.09222452062943,77.67149393600593,69.4627850909581,10.0,0.9,20.13,14.211323,12.235,14.79,17.2625,18.8715
c_100_158,circle,100,35,4975147.804626716,524707.1741951425,6.435232253261304,9.785553004437304,10.939793453221755,9.70603823384246,9.216654236190706,6.34,0.6529968454258676,20.13,12.572874,10.12,12.74,16.4375,18.7235
c_100_159,circle,100,35,4975139.601373283,524707.1741951425,0.0,0.0,0.0,0.0,0.0,4.35,0.27586206896551724,21.2,10.281751,5.3375,9.365,15.85,18.515501
c_100_160,circle,100,35,4975137.066428563,524714.9759527755,51.27505334556857,76.28258076193592,73.90811458451408,67.76825159101118,67.30850007075743,18.48,0.7483766233766234,26.25,16.96872,12.82,18.29,21.52,24.239
c_100_161,circle,100,36,4976621.261,525716.6788041644,163.85657867782487,232.5246673645227,222.13263458442515,200.10870975130968,204.65564759452062,55.49,0.7969003424040367,22.81,14.225771,10.5625,15.33,18.11,21.6
c_100_162,circle,100,36,4976627.897571437,525711.8570527753,167.60143094483968,185.56671997527582,176.06787440493133,156.02175838287283,171.31444592697991,58.01,0.9151870367178073,19.4,12.000603,8.23,13.19,15.73,17.59
c_100_163,circle,100,36,4976625.3626267165,525704.0552951423,25.35708235210301,48.22591149218191,29.731658902617237,29.866534835320508,33.295296895555666,35.72,0.6710526315789473,17.89,8.60119,5.42,7.99,11.54,15.94
c_100_164,circle,100,36,4976617.159373283,525704.0552951423,44.89742466566554,69.55618555764744,50.8577974023428,48.33739989110991,53.412201879191414,35.1,0.7071225071225071,20.6,10.245142,6.74,10.38,13.04,17.4595
c_100_165,circle,100,36,4976614.624428563,525711.8570527753,108.74456372218805,126.00973851681886,111.90152326457363,109.78631703465712,114.11053563455943,57.99,0.862217623728229,22.65,13.71102,9.945,15.065001,17.76,20.4105
c_100_166,circle,100,37,4976493.278200001,526118.8610041641,150.1940956538219,156.52516239891457,156.8035820135441,139.54099495670994,150.76595875574762,38.23,0.8896154852210306,27.11,18.327541,16.13,19.94,22.54,25.16
c_100_167,circle,100,37,4976499.914771439,526114.039252775,283.0324212972364,305.35533421460264,314.15395788687795,263.17766205396924,291.4298438631715,32.35,0.9471406491499227,28.81,21.0905,20.34,22.61,24.39,26.39
c_100_168,circle,100,37,4976497.379826718,526106.237495142,424.612232779745,419.09877413344935,422.65587808458696,377.4318568026701,410.94968545011284,34.77,0.9919470808167961,27.58,20.033245,18.86,21.3,23.44,25.032001
c_100_169,circle,100,37,4976489.176573285,526106.237495142,382.72114568014695,316.8193986791633,319.67413483715154,317.3515409854407,334.1415550454756,37.38,0.9796682718031032,27.73,18.088175,15.8525,19.19,22.07,25.029501
c_100_170,circle,100,37,4976486.641628564,526114.039252775,231.17274615817396,207.45093231396933,207.98607661533288,202.44657582560285,212.26408272826976,37.38,0.9103798822899947,27.38,17.960674,16.619999,19.6,21.65,23.6
c_100_171,circle,100,38,4976145.162599999,526069.6271041647,118.23385765663008,131.87366659454602,120.89477239826363,126.00827409862673,124.2526426870166,47.21,0.7551366235966956,25.51,16.368713,14.27,16.85,18.93,22.038
c_100_172,circle,100,38,4976151.799171437,526064.8053527756,301.1376043004855,328.12554175291336,319.75677762331475,312.51542715517826,315.383837707973,51.83,0.9535018329153,24.05,15.401372,12.8025,16.2,18.1775,21.54
c_100_173,circle,100,38,4976149.264226716,526057.0035951426,152.1836653901843,164.41412947040888,162.46681958905012,141.29464121257496,155.08981391555454,49.78,0.9186420249096022,24.05,13.3921795,9.68,13.35,17.56,21.09
c_100_174,circle,100,38,4976141.060973283,526057.0035951426,112.77568439572758,121.56289246886212,120.492240049067,108.26291585060218,115.77343319106473,48.61,0.9607076733182472,25.61,15.363047,12.282499,16.53,18.62,21.9065
c_100_175,circle,100,38,4976138.526028562,526064.8053527756,207.0964174912624,231.37862985638174,225.96248466533473,195.12885797593182,214.89159749722768,47.24,0.8016511430990686,26.14,16.619656,14.58,17.26,19.325,23.77
c_100_176,circle,100,39,4976667.816199999,524722.8881041646,252.32622708707268,273.695232472833,279.39053407426024,228.40031523513758,258.45307721732587,53.47,0.9654011595287076,30.24,21.040003,18.14,22.38,24.66,27.46
c_100_177,circle,100,39,4976674.452771436,524718.0663527756,34.1809152298525,44.89713325774923,35.384009388874446,35.93303348291225,37.59877283984711,31.16,0.7686136071887034,26.21,9.977373,4.025,6.66,16.349998,23.263
c_100_178,circle,100,39,4976671.917826716,524710.2645951426,8.516050829314866,9.195807114905342,8.602808089457618,8.635904752159254,8.73764269645927,32.41,0.43659364393705646,20.98,4.094311,2.76,3.69,5.06,6.793
c_100_179,circle,100,39,4976663.714573283,524710.2645951426,2.2657268162572604,2.4530700156635863,2.2601034561274043,2.3189613221455345,2.324465402548446,33.32,0.6956782713085234,27.7,15.173101,10.8525,15.6,18.04,25.5115
c_100_180,circle,100,39,4976661.179628562,524718.0663527756,293.7808910443519,317.0084192519367,324.59502498993623,272.3570147643165,301.93533751263533,54.21,0.9806308799114555,30.84,19.550388,15.1075,20.26,24.442501,28.522501
c_100_181,circle,100,40,4975142.120300001,525343.4124041643,269.43547949858373,326.26765189667486,296.29957918264427,260.6819403661807,288.1711627360209,53.97,0.9292199370020382,29.43,16.549181,12.97,17.14,20.84,23.983
c_100_182,circle,100,40,4975148.756871439,525338.5906527753,455.20774410197714,518.9467162855193,500.130220469006,423.266151697989,474.3877081386229,51.89,0.9225284255155136,30.77,19.61896,14.155,21.09,25.21,29.09
c_100_183,circle,100,40,4975146.221926718,525330.7888951423,219.36574219166562,255.09662951494795,228.95657661692255,211.60236002111196,228.75532708616203,52.26,0.9297742058936089,29.97,16.26015,11.69,17.13,20.39,25.052
c_100_184,circle,100,40,4975138.018673285,525330.7888951423,94.53995575943034,135.1154970778234,101.10339444610347,101.40618048533612,108.04125694217333,55.01,0.8829303762952191,23.93,13.503719,9.28,13.41,18.1,21.242
c_100_185,circle,100,40,4975135.483728564,525338.5906527753,53.78333511940022,87.17319446264057,57.812419711393204,63.131419004344316,65.47509207444458,63.44,0.9188209331651954,25.32,15.4084215,11.45,15.41,19.91,23.47
c_100_186,circle,100,41,4975247.676100001,526358.9107041644,162.13867062497653,176.01471832370737,175.68094327572922,157.0586117956611,167.72323600501855,31.6,0.7680379746835443,29.87,15.150141,7.6400003,11.59,23.92,27.24
c_100_187,circle,100,41,4975254.312671438,526354.0889527753,234.97089026645682,258.20100061503933,246.67240098407447,233.95476683728035,243.44976467571274,34.43,0.8896311356375254,30.56,18.54316,8.41,23.2,25.865002,28.659
c_100_188,circle,100,41,4975251.777726717,526346.2871951424,203.43065353936896,224.02582313537602,218.30580861460157,195.17966997999883,210.23548881733635,30.86,0.7663642255346728,29.85,16.425539,7.72,19.08,24.61,27.828
c_100_189,circle,100,41,4975243.574473284,526346.2871951424,128.59737739044024,138.65000296137268,142.2972064841179,119.14853485743657,132.17328042334185,28.67,0.9079176839902336,27.21,15.172205,8.2,14.57,22.275002,25.418
c_100_190,circle,100,41,4975241.039528564,526354.0889527753,158.60035635554044,181.40905764339914,168.99371565109504,157.70236834258893,166.6763744981559,32.54,0.9600491702519975,25.83,12.97678,8.55,12.4,17.71,21.91
c_100_191,circle,100,42,4976260.5759,526712.6133041648,331.69566053315896,359.40364734155935,364.9530611272111,308.6576609981596,341.1775075000223,18.55,0.9380053908355795,27.51,17.302948,13.25,18.1,21.5725,24.631498
c_100_192,circle,100,42,4976267.212471437,526707.7915527758,74.03162358852687,81.41416900160706,80.0242194189269,69.36036511482723,76.20759428097202,19.24,0.9194386694386695,25.24,15.049818,11.91,15.43,18.92,21.838
c_100_193,circle,100,42,4976264.677526716,526699.9897951428,3.159640370514301,3.458859662593064,3.128535733734043,3.2932617582853645,3.2600743812816932,15.33,0.918460534898891,21.54,13.938088,11.5975,14.54,17.11,18.85
c_100_194,circle,100,42,4976256.474273283,526699.9897951428,101.18847992430238,112.36293035064791,106.07238409043728,94.66919480450218,103.57324729247243,15.51,0.8878143133462283,22.05,15.855781,14.98,16.9,18.29,20.024
c_100_195,circle,100,42,4976253.9393285625,526707.7915527758,42.97452632329791,48.312208668054,43.52999636333518,43.081649630896095,44.47459524639579,13.31,0.9113448534936138,20.39,15.5510645,13.62,16.13,18.15,19.79
c_100_196,circle,100,43,4976353.940300001,526487.5284041647,243.48916595952122,271.94732745965223,252.10257549423562,233.70575872028266,250.31120690842292,52.74,0.9791429654910884,23.81,15.498581,13.14,15.88,19.04,21.837
c_100_197,circle,100,43,4976360.576871438,526482.7066527756,140.23780404517336,132.48764681624306,127.49458183534986,124.86945624184786,131.27237223465355,52.05,0.9707973102785783,23.34,15.847057,12.87,17.32,19.7,21.98
c_100_198,circle,100,43,4976358.041926717,526474.9048951427,194.91219030224306,204.8645360234853,193.44051217451215,181.68077764683787,193.7245040367696,56.24,0.9281650071123755,25.11,17.034752,14.49,18.535,20.92,22.51
c_100_199,circle,100,43,4976349.838673284,526474.9048951427,108.93166696339415,121.80971499074019,113.12684720247705,102.4001096938415,111.56708471261322,57.79,0.953452154351964,26.25,16.183527,12.0425,16.295,20.67,23.93
c_100_200,circle,100,43,4976347.303728564,526482.7066527756,187.02132061403776,192.9849870114296,181.70952373179728,176.1699681187023,184.47144986899173,60.3,0.9580431177446103,25.85,16.009274,12.05,16.49,20.57,23.76
c_150_001,circle,150,1,4974552.016,525147.6471170106,224.44307941302378,241.80654086452975,249.48974224072032,206.61671955404503,230.5890205180797,50.46,0.6508125247720967,28.8,20.381104,18.99,21.76,24.41,26.9
c_150_002,circle,150,1,4974557.446643991,525143.7015231962,108.45374804602434,117.54826366401075,119.4515217448449,100.68877936134847,111.53557820405712,45.20666666666666,0.7302757705353192,28.8,20.018843,16.727499,21.33,24.05,26.4345
c_150_003,circle,150,1,4974555.372322568,525137.3174182986,270.20497342108104,293.9333383253405,297.2658622142827,250.209425667287,277.90339990699783,45.62,0.9181645477129914,28.58,19.61296,17.1,21.3,23.68,26.06
c_150_004,circle,150,1,4974548.659677432,525137.3174182986,120.78832035110877,136.26769472432133,131.7187377184714,116.46132354240335,126.30901908407621,44.03333333333333,0.9657834973504921,27.45,18.43137,15.74,19.97,22.77,25.24
c_150_005,circle,150,1,4974546.585356008,525143.7015231962,186.28960328986156,208.1984514539506,205.01781315056735,178.01299124029626,194.37971478366896,47.6,0.8854341736694678,28.26,18.413723,15.4025,19.93,22.69,25.8
c_150_006,circle,150,2,4975569.679,524911.1621170106,23.472505615781,27.345922630288648,24.573473839668758,21.024990259808966,24.10422308638684,41.11333333333334,0.6870439435706178,33.17,18.422401,10.72,20.62,24.69,31.124
c_150_007,circle,150,2,4975575.109643991,524907.2165231962,28.830393989627595,32.704973177176214,30.01918964569697,26.62819159871549,29.545687102804067,44.54,0.6493039964077234,30.09,13.90776,9.67,12.975,17.79,25.43
c_150_008,circle,150,2,4975573.035322567,524900.8324182986,169.4026939970933,183.99191701312603,186.03936249036988,153.98588868507056,173.35496554641495,62.13333333333333,0.8261802575107297,31.7,17.49281,9.56,19.25,24.3,28.86
c_150_009,circle,150,2,4975566.322677432,524900.8324182986,328.65681691172375,358.7166802977175,358.2230538323518,297.05224483316647,335.66219896873986,55.92,0.9036719122556033,32.12,21.761312,19.4275,24.03,27.5,30.3205
c_150_010,circle,150,2,4975564.248356008,524907.2165231962,82.93990583125765,89.26135927867793,92.29746604549496,76.23117568024594,85.18247670891911,41.20666666666666,0.8068273742112927,32.4,23.407774,21.27,24.25,27.0,29.937
c_150_011,circle,150,3,4975188.667,525011.6581170105,127.58006704545267,158.61646404329198,137.17721834588895,130.63482347238852,138.50214322675555,49.78,0.8236239453595822,25.13,10.524539,6.9925,9.0,12.7,21.18
c_150_012,circle,150,3,4975194.097643992,525007.7125231961,280.14773226927014,322.1833543285536,301.033242442854,267.94544410605977,292.82744328668434,58.04666666666667,0.8011944412541633,27.45,14.907238,8.48,14.425,21.91,25.13
c_150_013,circle,150,3,4975192.023322568,525001.3284182985,118.0699031677691,140.74936017598168,121.85393343064477,115.7411704672364,124.10359181040798,49.63333333333333,0.7190060443250503,26.3,10.876955,6.67,9.0,13.42,23.944
c_150_014,circle,150,3,4975185.310677432,525001.3284182985,161.62572672656796,183.91756431274547,151.540973609725,156.2543824585283,163.3346617768917,52.82666666666667,0.8051489146895507,20.97,10.588122,7.43,9.54,14.31,18.9805
c_150_015,circle,150,3,4975183.236356009,525007.7125231961,83.56241102919022,111.73595881933852,85.76806386926003,84.06029492709307,91.28168216122046,44.10666666666667,0.7989721886336155,17.42,8.788344,6.6725,8.43,10.377501,15.03
c_150_016,circle,150,4,4974882.089,525130.6701170105,128.41316502881395,144.9344677825928,139.86559133466903,125.32637735728571,134.63490037584037,57.013333333333335,0.7981758652946679,21.94,9.853083,6.14,9.16,13.05,18.67
c_150_017,circle,150,4,4974887.519643991,525126.7245231961,60.93214417372258,68.49152193859388,65.70196630138616,59.88093411200225,63.75164163142622,49.946666666666665,0.8814735718099306,22.69,9.997113,5.48,9.22,14.41,18.6
c_150_018,circle,150,4,4974885.445322568,525120.3404182985,180.49792742664366,198.83916727914243,199.04898467538234,170.32864125823716,187.1786801598514,46.29333333333334,0.9019297235023042,22.56,9.733056,5.18,9.14,14.155,17.57
c_150_019,circle,150,4,4974878.732677432,525120.3404182985,69.65671646069174,78.2371102943819,74.68412398471409,68.29286328847505,72.71770350706569,49.233333333333334,0.9115775220040623,21.21,10.761324,7.12,10.69,14.07,18.2045
c_150_020,circle,150,4,4974876.658356008,525126.7245231961,73.91796126685732,81.7380770712316,78.46906127446051,72.18517541106866,76.57756875590452,52.693333333333335,0.8119939271255061,18.37,9.090092,5.92,8.64,12.195,15.6745
c_150_021,circle,150,5,4975907.399,524774.7661170105,77.89106127309563,87.5785573048721,78.31943583918945,74.90427767914524,79.6733330240756,48.95333333333333,0.8072994688819284,24.875,12.813192,8.4,13.625,17.155,20.1215
c_150_022,circle,150,5,4975912.829643992,524770.8205231961,85.44680535086357,96.73998358911967,87.65823605299565,83.15718481372251,88.25055245167535,48.733333333333334,0.9093023255813953,25.435,13.206719,8.945,13.835,17.755,21.145
c_150_023,circle,150,5,4975910.755322568,524764.4364182985,51.03004091234241,71.12797391542729,69.67808934762827,67.44527852978594,64.82034567629597,46.72666666666667,0.9213867884148952,23.325,13.073696,8.637501,14.565,17.775,20.295
c_150_024,circle,150,5,4975904.042677432,524764.4364182985,169.64389821370844,197.54220024438868,186.30938895666705,170.68399629123078,181.04487092649873,48.78,0.8925789257892579,24.195,12.805751,9.045,12.865,16.785,21.715
c_150_025,circle,150,5,4975901.968356009,524770.8205231961,167.65888865630262,179.5579358165748,163.36638955294336,164.43799067931099,168.75530117628296,53.38,0.7933058573747971,30.355,15.438043,11.445,14.865,19.9375,27.315
c_150_026,circle,150,6,4976225.143,524513.5461170105,66.96924527410101,75.93690323410812,66.73412168219775,62.02313936435404,67.91585238869023,16.773333333333333,0.9781399046104928,26.0,14.570475,11.72,14.04,17.22,22.85
c_150_027,circle,150,6,4976230.573643992,524509.6005231962,78.4709157990167,88.68936259986882,79.49039523946436,73.99768947314762,80.16209077787437,15.693333333333333,0.9762107051826678,26.57,15.213307,13.032499,15.3,17.83,21.176
c_150_028,circle,150,6,4976228.499322568,524503.2164182985,164.76729196340114,184.44273243826024,172.37025920646113,152.21140825200538,168.44792296503198,19.19333333333333,0.9419937478291073,26.21,15.923802,14.157499,16.54,18.26,22.3735
c_150_029,circle,150,6,4976221.786677432,524503.2164182985,154.42430239448908,171.95683545330888,161.1197552468642,144.60309822498982,158.025997829913,17.706666666666667,0.920933734939759,25.66,16.88687,14.64,17.21,19.835,23.43
c_150_030,circle,150,6,4976219.712356009,524509.6005231962,334.1090361873359,365.37461917391374,361.3154791965971,310.48454117386643,342.8209189329283,21.833333333333332,0.9581679389312977,26.7,16.623394,13.3,16.61,20.5075,24.04
c_150_031,circle,150,7,4976269.182,525030.2911170105,180.1727419191547,204.97502759350934,194.42796038589626,165.6982990770403,186.31850724390011,63.27333333333333,0.9177115161732168,23.14,15.976524,12.79,15.93,19.7975,21.96
c_150_032,circle,150,7,4976274.612643992,525026.3455231962,184.33031020216617,227.00373337399785,211.67664077982536,165.9901436057267,197.25020699042904,63.5,0.9246194225721784,22.39,15.3777,12.4,15.52,19.04,21.72
c_150_033,circle,150,7,4976272.538322568,525019.9614182985,86.09900583643034,128.49863946816714,95.0487577231025,93.8851312147687,100.88288356061717,49.42666666666667,0.987591043970866,25.95,12.130668,9.48,11.96,14.4575,19.8295
c_150_034,circle,150,7,4976265.825677432,525019.9614182985,58.826960071598215,68.54835196553984,61.6602852892691,62.28384101422967,62.829859585159205,43.45333333333333,0.9763731205891377,24.14,11.121408,8.92,11.645,13.28,16.088501
c_150_035,circle,150,7,4976263.751356008,525026.3455231962,144.406714616295,145.2904756716395,137.5283651338001,137.08923203801672,141.07869686493783,57.62,0.9590419993057966,24.51,14.38444,11.65,13.92,17.85,21.646
c_150_036,circle,150,8,4976535.25,524989.4631170105,122.62272665393564,134.16095833472986,128.06210215948738,110.87533705405346,123.9302810505516,56.14,0.9543997149982187,25.85,10.716833,7.74,9.73,13.33,19.74
c_150_037,circle,150,8,4976540.680643992,524985.5175231962,89.90111093969391,96.89106244971755,95.6668922241328,81.07896308729268,90.88450717520922,52.99333333333333,0.9174738960875581,26.61,12.837827,8.2,11.23,17.76,23.94
c_150_038,circle,150,8,4976538.606322568,524979.1334182986,98.04566485937934,100.98335084721604,94.81760124790448,82.1999990507748,94.01165400131866,53.77333333333333,0.9151996032729978,33.4,15.435641,10.16,14.55,19.83,28.01
c_150_039,circle,150,8,4976531.893677432,524979.1334182986,88.76424764468669,91.58354299971954,86.45049930303146,79.37547794181573,86.54344197231336,60.76,0.8198376124643406,28.67,13.284904,8.45,14.06,17.84,21.9145
c_150_040,circle,150,8,4976529.819356008,524985.5175231962,75.93011633821544,85.5000530022069,76.63387585039227,71.58598963510572,77.41250870648008,62.35333333333333,0.8847428632524323,30.71,14.460897,8.7,14.85,19.1,26.37
c_150_041,circle,150,9,4976764.273,524976.9741170105,362.87970238096,438.95899848873,394.0350308398817,301.80004342868324,374.41844378456375,55.333333333333336,0.9526506024096385,32.98,16.598814,11.225,16.25,21.185001,29.376999
c_150_042,circle,150,9,4976769.703643992,524973.0285231961,209.95678329327248,242.44038112693283,230.50914125728974,180.42279589940472,215.83227539422495,57.78666666666667,0.9560452238117213,32.98,18.302511,13.215,18.03,23.59,29.557
c_150_043,circle,150,9,4976767.629322568,524966.6444182985,0.0,0.0,0.0,0.0,0.0,47.44,0.7799325463743676,32.98,15.356007,8.98,14.97,21.51,28.3855
c_150_044,circle,150,9,4976760.916677432,524966.6444182985,107.54840165469079,115.57243012280537,119.8704476239004,97.69946500798193,110.17268610234463,54.486666666666665,0.71956441942983,31.83,15.577425,8.61,14.31,23.12,29.68
c_150_045,circle,150,9,4976758.8423560085,524973.0285231961,161.21331756207806,205.80706207917885,172.13033478794068,129.1855699596115,167.08407109720227,52.766666666666666,0.8064434617814277,28.43,12.525338,8.425,11.47,16.54,22.229
c_150_046,circle,150,10,4975957.068,525216.1871170105,210.63983039426813,240.53778121587732,218.16042625353998,210.2699260202428,219.90199097098207,55.8,0.9733572281959378,21.67,13.4995775,11.03,13.96,16.32,18.51
c_150_047,circle,150,10,4975962.498643992,525212.2415231961,279.2778249487714,324.3349891982708,291.4752074337193,284.83459562648056,294.98065430181055,55.29333333333334,0.9682903303592959,23.56,16.438368,15.16,17.03,18.34,19.92
c_150_048,circle,150,10,4975960.424322568,525205.8574182985,246.75924131495563,288.91586804834856,256.6858236430457,253.7127952190951,261.51843205636123,52.64666666666667,0.950867418006838,23.6,17.156221,16.08,17.69,18.8,20.35
c_150_049,circle,150,10,4975953.711677432,525205.8574182985,227.38371278183547,264.8250083809571,235.10458145498845,243.17565431053362,242.62223923207864,53.126666666666665,0.9662441962605095,23.6,16.430233,14.67,17.145,18.76,20.42
c_150_050,circle,150,10,4975951.637356008,525212.2415231961,196.0975580142153,222.21230240560993,201.65718731290852,205.08479943129572,206.26296179100734,57.486666666666665,0.9761104024121535,23.6,13.820994,11.78,14.01,16.18,19.172
c_150_051,circle,150,11,4975613.36,525393.9301170105,270.2187541974923,306.40142819500585,292.1831310658441,250.39054437803796,279.79846445909504,62.54666666666667,0.8927733958644213,29.81,18.470861,13.65,18.775002,23.73,27.05
c_150_052,circle,150,11,4975618.790643992,525389.9845231961,71.45725683722857,78.57653926236486,72.36329388870678,72.85411137905717,73.81280034183933,67.92,0.7846486062033765,28.96,16.20411,12.8025,16.244999,19.7675,25.45
c_150_053,circle,150,11,4975616.716322568,525383.6004182985,172.88779896271421,197.72910546050048,177.59766305454173,170.77182704077998,179.7465986296341,55.77333333333333,0.8655271336361463,20.27,12.276123,9.0,12.81,15.76,18.14
c_150_054,circle,150,11,4975610.003677432,525383.6004182985,150.01109995272557,173.38807083341436,153.3083214732098,152.9294450323918,157.4092343229354,55.99333333333333,0.9701154899392784,20.25,12.383486,8.25,12.855,16.192501,19.06
c_150_055,circle,150,11,4975607.929356009,525389.9845231961,264.67770470332147,299.7758801308061,274.6728065192321,263.03161034172,275.53950042376994,62.693333333333335,0.9709698000850702,28.15,14.037788,9.59,14.45,17.86,23.855
c_150_056,circle,150,12,4975652.244,525884.0741170105,144.44616495217838,162.25469939540744,143.2982726272354,147.45577434928163,149.3637278310257,44.446666666666665,0.9388030598470076,24.5,15.148728,11.56,16.02,18.99,21.84
c_150_057,circle,150,12,4975657.6746439915,525880.1285231961,222.47961778848003,219.82929707420706,201.72336242322746,207.6250245148523,212.91432545019168,44.14666666666667,0.9383871942011477,26.27,15.834868,11.9825,15.81,20.39,24.1535
c_150_058,circle,150,12,4975655.600322568,525873.7444182985,226.03843793039056,214.98600324360964,197.42579885528158,211.32785292351497,212.44452323819917,44.78666666666667,0.917683834474546,26.27,17.479671,12.55,19.42,22.4,24.748
c_150_059,circle,150,12,4975648.887677432,525873.7444182985,250.9784395288274,240.0574119275335,218.4135105869116,230.09415255249468,234.8858786489418,42.86666666666667,0.9132192846034215,25.91,17.107882,12.1975,18.57,22.0,24.51
c_150_060,circle,150,12,4975646.813356008,525880.1285231961,175.36543778980857,164.22703662921526,156.019691308847,163.7777918068159,164.84748938367167,46.96666666666667,0.9084457061745919,25.79,16.311596,11.62,17.81,21.18,24.18
c_150_061,circle,150,13,4975983.789,525693.2831170105,290.3200042271553,316.75987218487774,318.4294003972155,268.520174240241,298.5073627623724,47.56,0.8769273899635548,30.8,16.624287,9.51,17.78,23.74,27.52
c_150_062,circle,150,13,4975989.219643991,525689.3375231961,182.10894707937604,199.98134402456043,199.71962924625836,167.3594433411581,187.29234092283824,45.60666666666667,0.9489840666569215,31.12,16.502907,10.8375,16.2,22.9325,27.22
c_150_063,circle,150,13,4975987.145322568,525682.9534182985,50.458846569130145,55.66085272778521,52.55537552896347,47.837081228940754,51.62803901370489,39.31333333333333,0.9791419365779209,32.11,16.107403,11.66,16.26,20.95,27.04
c_150_064,circle,150,13,4975980.432677432,525682.9534182985,127.40856152651402,138.61944559175913,138.51728377132346,118.64094936875644,130.79656006458825,35.38,0.9749387601281326,32.11,18.903854,12.74,19.994999,25.83,29.34
c_150_065,circle,150,13,4975978.358356008,525689.3375231961,66.3523098115625,71.80799148570134,72.54939840010782,62.871475838151774,68.39529388388085,26.186666666666667,0.779786150712831,31.26,13.083794,6.085,10.73,21.14,26.138
c_150_066,circle,150,14,4976328.71,525890.3321170105,95.76047815746003,110.13611250257216,99.14704892598812,96.00092693768366,100.26114163092598,50.03333333333333,0.9193870752831446,17.24,10.040705,8.0075,10.29,12.23,14.54
c_150_067,circle,150,14,4976334.1406439915,525886.3865231961,118.70701087225028,138.30300722457667,123.48485355833178,113.681835305011,123.54417674004245,50.62,0.8710654550243645,16.99,9.833248,7.87,10.1,12.19,14.4735
c_150_068,circle,150,14,4976332.066322568,525880.0024182985,93.54583174406265,109.48230150152044,96.27004670632019,96.50028643736337,98.94961659731666,44.093333333333334,0.8769277290595706,17.88,10.406944,8.46,10.89,12.612499,14.72
c_150_069,circle,150,14,4976325.353677432,525880.0024182985,88.54361050260499,104.48691470177273,92.24464221437869,86.61188216700734,92.97176239644094,35.71333333333333,0.9046107896210566,17.65,10.620868,8.752501,10.92,12.75,15.22
c_150_070,circle,150,14,4976323.279356008,525886.3865231961,158.5836800874033,186.80250265631696,164.5348096656413,158.20679551364321,167.0319469807512,40.81333333333333,0.8928454753348579,17.24,9.575592,7.46,9.85,11.8,14.47
c_150_071,circle,150,15,4976514.12,524479.7001170105,113.59532404627114,128.32165142050945,114.663062175953,110.50806563540627,116.77202581953497,16.846666666666668,0.852789869410368,22.61,14.121048,11.51,14.34,17.15,19.993
c_150_072,circle,150,15,4976519.550643992,524475.7545231961,92.70006123758007,102.76275175401804,96.7392665092956,91.72130296809003,95.98084561724593,16.286666666666665,0.8415882112157184,22.61,14.5390415,11.52,15.535,18.17,20.122501
c_150_073,circle,150,15,4976517.476322568,524469.3704182985,39.75840568513823,44.38864037749627,39.49752784608117,41.81290970560813,41.36437090358095,18.64,0.797925608011445,22.61,13.247938,10.03,13.38,16.72,19.87
c_150_074,circle,150,15,4976510.763677432,524469.3704182985,107.3474434072543,121.98658489056098,105.92002902804089,106.99565382582408,110.56242778792006,16.946666666666665,0.8835562549173879,22.07,13.487787,11.3925,14.2,16.57,19.27
c_150_075,circle,150,15,4976508.689356009,524475.7545231961,169.08357412929985,190.6261561790746,172.27350495976663,163.64697777956223,173.9075532619258,16.88,0.9044233807266983,21.92,12.864979,10.92,13.57,15.53,18.751
c_150_076,circle,150,16,4975318.712,525558.7351170105,87.78205134260676,95.30455791164061,96.79205075365373,82.44594024900964,90.58115006422769,67.02666666666667,0.9238114183409588,21.43,15.354478,13.68,15.89,17.61,19.43
c_150_077,circle,150,16,4975324.142643992,525554.7895231962,149.81234002104782,162.20763636984765,165.6625608557551,140.47104453815675,154.53839544620183,63.8,0.8839080459770114,21.8,15.5893,13.83,16.13,17.96,19.791
c_150_078,circle,150,16,4975322.068322568,525548.4054182986,114.8680243938835,124.40881127303143,125.15853891740194,110.66662136866869,118.7754989882464,71.45333333333333,0.8049076320208994,22.8,16.216944,14.5,16.58,18.29,20.55
c_150_079,circle,150,16,4975315.355677432,525548.4054182986,97.43182206417401,105.56332781898439,107.66579977187313,91.25821229805787,100.47979048827234,76.89333333333333,0.7715449973989943,22.97,16.361498,14.76,16.65,18.53,20.93
c_150_080,circle,150,16,4975313.281356009,525554.7895231962,127.94615601815462,139.2158049744497,140.75667540271655,119.366676134502,131.82132813245573,71.96,0.8528812303131369,22.29,15.727751,13.92,16.59,18.51,20.0975
c_150_081,circle,150,17,4975371.046,526083.6021170105,128.05690614567985,150.04588604059083,132.5992143099994,121.79616771301298,133.12454355232077,34.78,0.7906843013225991,18.51,12.151152,10.23,13.09,14.7,16.278
c_150_082,circle,150,17,4975376.476643992,526079.6565231961,135.8669313058586,153.49396928426728,139.00523176673852,135.5274124973982,140.97338621356565,36.92666666666667,0.8051994944935909,19.35,12.467017,10.747499,13.12,14.7725,16.61
c_150_083,circle,150,17,4975374.402322568,526073.2724182985,106.06938882293514,123.79411353919933,108.79561019866692,103.79755942289381,110.6141679959238,34.34,0.9242865463016889,19.49,12.116108,9.45,12.9,15.15,17.51
c_150_084,circle,150,17,4975367.689677432,526073.2724182985,100.75476701913742,118.06820733307832,106.2606139387296,97.02894990989734,105.52813455021067,27.72,0.8388648388648389,19.51,12.844085,10.11,14.15,15.93,17.86
c_150_085,circle,150,17,4975365.6153560085,526079.6565231961,84.17793625931802,101.89660889350947,89.30150161469142,81.61989265525182,89.24898485569268,31.373333333333335,0.7309817254568636,18.75,11.838491,9.2675,12.82,14.71,16.8405
c_150_086,circle,150,18,4975406.248,526554.7561170105,18.793166721982097,20.605485856537026,20.50894634959696,17.210874314531445,19.27961831066188,47.06,0.7350899560844312,17.84,7.937378,5.8,8.02,9.62,13.92
c_150_087,circle,150,18,4975411.678643991,526550.8105231961,9.179370946996325,10.063351221455578,10.018749400073544,8.40987532147307,9.41783672249963,46.626666666666665,0.5661995996568487,18.55,6.6615305,4.43,6.71,8.69,10.63
c_150_088,circle,150,18,4975409.604322568,526544.4264182985,65.86875340711079,72.93430964807676,68.85321650356235,61.19402222315189,67.21257544547545,53.13333333333333,0.640276035131744,19.89,9.103743,6.075,8.96,12.17,15.919
c_150_089,circle,150,18,4975402.891677432,526544.4264182985,147.1497587526776,166.4700703896453,153.69115519993724,135.90195429199557,150.80323465856392,55.10666666666667,0.6952576820711348,19.89,9.365232,6.105,9.01,12.43,16.94
c_150_090,circle,150,18,4975400.817356008,526550.8105231961,98.73790191094722,109.24405047606582,103.06082990724299,92.34952930719814,100.84807790036353,43.25333333333333,0.7672626387176326,18.35,8.728505,5.46,8.18,11.58,16.5815
c_150_091,circle,150,19,4975693.698,526342.0901170105,186.56952515995013,204.30213034429568,199.89657331097374,176.95045836801387,191.92967179580836,45.3,0.8849153789551141,24.73,15.805401,12.74,16.92,19.74,22.194
c_150_092,circle,150,19,4975699.128643991,526338.1445231962,112.6071274094665,121.76873508946298,116.35207900093603,105.36922124127061,114.02429068528403,41.986666666666665,0.8991743410606542,24.21,12.615865,7.99,13.52,16.9,20.16
c_150_093,circle,150,19,4975697.054322568,526331.7604182985,47.329144318932606,51.87653686604118,48.8347934226931,48.281070843644855,49.08038636282794,41.76,0.9085249042145593,23.69,12.697084,9.26,13.47,16.35,20.235
c_150_094,circle,150,19,4975690.341677432,526331.7604182985,117.6689862932069,146.50774433895378,125.78347601726537,97.79896051957296,121.93979179224975,46.46666666666667,0.936441893830703,27.48,14.630665,10.62,15.24,19.14,23.23
c_150_095,circle,150,19,4975688.267356008,526338.1445231962,146.45672166135986,174.5214862867348,151.00766873004093,122.62103951341348,148.65172904788727,44.233333333333334,0.9162019593067069,23.54,14.266805,11.335,15.12,17.865002,20.67
c_150_096,circle,150,20,4976026.288,526566.6721170106,174.56883934108478,208.72308861057704,177.59310665073357,193.3672427961459,188.56306934963533,53.21333333333333,0.9564019042846404,21.28,13.624871,11.31,14.16,16.42,18.75
c_150_097,circle,150,20,4976031.718643991,526562.7265231962,198.71742470812353,222.33903144001377,203.3050184636721,201.1973480108379,206.38970565566183,54.89333333333333,0.9126791352926888,21.94,13.04561,9.94,13.69,16.44,19.49
c_150_098,circle,150,20,4976029.644322568,526556.3424182986,200.80337049008995,230.96125019314206,203.7721126071459,215.00683704441028,212.63589258369706,56.46666666666667,0.9216056670602125,22.68,13.635365,10.08,14.42,17.48,19.9275
c_150_099,circle,150,20,4976022.931677432,526556.3424182986,149.91599894063992,176.92176341832803,151.47594810571005,173.58167280132977,162.97384581650195,53.39333333333333,0.9424397552753153,21.4,13.066574,9.92,14.04,16.66,18.83
c_150_100,circle,150,20,4976020.857356008,526562.7265231962,153.07785676185975,193.79984462697593,157.6297354087493,169.6542591426355,168.54042398505513,52.28,0.9757714868655956,23.88,14.396765,11.88,14.85,17.27,20.08
c_150_101,circle,150,21,4976291.761,525444.5981170106,200.63845955108894,226.20552962138885,213.71409478033826,198.20212380381062,209.6900519391567,61.6,0.9186147186147187,28.1,16.896553,13.91,17.34,20.28,24.2365
c_150_102,circle,150,21,4976297.1916439915,525440.6525231962,160.12875130930263,184.0800628541224,171.36450642202095,162.56856263391336,169.53547080483986,60.82,0.9448646278636413,28.24,19.371347,15.78,21.38,23.25,26.1005
c_150_103,circle,150,21,4976295.117322568,525434.2684182986,285.4507619860031,314.1911788558654,313.0669275582972,273.2465691558428,296.48885938900213,59.85333333333333,0.9753842726665182,28.52,19.362095,16.2,21.45,23.84,26.47
c_150_104,circle,150,21,4976288.404677432,525434.2684182986,178.90760372615293,202.41936378973458,187.56154377286646,171.91086721207824,185.19984462520807,61.593333333333334,0.9502110618032255,28.52,15.772913,10.41,16.17,21.18,25.52
c_150_105,circle,150,21,4976286.330356008,525440.6525231962,217.2499492602594,244.10525378575932,225.95887929230815,216.48262701941525,225.94917733943555,63.346666666666664,0.8942327930961903,28.1,15.758988,11.51,16.23,19.72,25.28
c_150_106,circle,150,22,4976583.131,525412.4851170105,76.3282781495505,85.16565753821479,78.36830501225316,82.88790583506855,80.68753663377174,52.63333333333333,0.6635845471817606,28.23,15.3901005,12.895,16.16,18.39,23.01
c_150_107,circle,150,22,4976588.561643992,525408.5395231962,149.03279390801833,166.1832942459016,153.955163422636,150.93854174624087,155.0274483306992,59.553333333333335,0.7936863315795365,22.25,13.915978,11.34,14.67,16.74,19.0
c_150_108,circle,150,22,4976586.487322568,525402.1554182986,100.01966146492437,111.6806189071844,103.30797987036588,95.03814438567588,102.51160115703763,53.49333333333333,0.7627118644067796,20.99,12.250489,9.85,13.25,15.29,17.3
c_150_109,circle,150,22,4976579.774677432,525402.1554182986,38.32531696352018,43.015169750971566,39.27807128090728,37.112520648636206,39.432769661008805,47.62,0.7293854122917541,21.93,11.774349,9.8525,12.31,14.58,17.491
c_150_110,circle,150,22,4976577.7003560085,525408.5395231962,78.45267589620454,87.1067281057438,80.49104758664477,76.41158364151039,80.61550880752587,57.806666666666665,0.794833352554492,30.4,16.207148,12.27,16.355,20.42,26.01
c_150_111,circle,150,23,4975689.685,526590.5771170105,80.20907407867604,85.03207346489876,83.67587104471346,68.10604307701094,79.2557654163248,44.306666666666665,0.9307854348480289,30.14,17.685102,9.34,21.74,24.89,27.717499
c_150_112,circle,150,23,4975695.115643991,526586.6315231961,218.83062673417854,221.06804142798168,225.9351453138589,199.45934539897144,216.32328971874765,46.79333333333334,0.8827468300327682,30.14,21.098015,20.27,23.89,25.92,27.88
c_150_113,circle,150,23,4975693.0413225675,526580.2474182985,151.45944750738943,163.37695006087728,168.14396426739967,140.6994453044387,155.91995178502629,44.18,0.6500679040289724,30.27,19.483864,11.39,23.52,25.65,28.0665
c_150_114,circle,150,23,4975686.328677432,526580.2474182985,169.2184415157143,183.85449512993847,187.53622012955861,158.30105234760083,174.72755228070307,51.333333333333336,0.7718181818181818,30.27,19.264748,12.01,22.31,24.76,27.52
c_150_115,circle,150,23,4975684.254356008,526586.6315231961,198.96279900476986,214.12194543345805,217.3923484731947,176.0762540625711,201.63833674349843,55.10666666666667,0.8970481490442778,30.27,17.50503,10.585,20.39,24.3,27.65
c_150_116,circle,150,24,4975979.232,526259.1091170105,54.35219534980447,57.90914906799385,54.8796958564178,38.179693738974386,51.33018350329762,40.733333333333334,0.7638297872340426,22.53,12.743516,9.085,14.12,16.92,19.287
c_150_117,circle,150,24,4975984.662643991,526255.1635231961,197.68087481410092,194.33620000446632,186.7244037682428,153.8009981685016,183.13561918882792,56.79333333333334,0.7811949759361427,25.78,14.190571,10.88,15.01,17.9,21.66
c_150_118,circle,150,24,4975982.588322568,526248.7794182985,110.75058448352766,101.92896631937256,99.49008278360256,96.32635214834914,102.12399643371297,56.76,0.6740662438336857,27.7,17.50138,14.075,19.25,22.285,25.31
c_150_119,circle,150,24,4975975.875677432,526248.7794182985,3.4643895448039657,3.190147385364892,3.060858192564801,1.3395029077176663,2.763724507612831,38.00666666666667,0.2755656902297842,25.23,15.172947,12.62,14.78,19.705,23.375
c_150_120,circle,150,24,4975973.801356008,526255.1635231961,24.79159847458118,26.88628924827535,27.03050837433186,23.615873816555407,25.581067478435948,30.333333333333332,0.43362637362637363,16.98,11.100381,6.5,13.43,15.32,16.63
c_150_121,circle,150,25,4976208.282,526367.4891170105,55.890406776617965,57.139386354527645,52.04781245141827,53.38149326288566,54.61477471136239,48.06,0.968234151754751,19.97,9.157725,7.22,9.0,10.67,15.81
c_150_122,circle,150,25,4976213.712643991,526363.5435231961,66.99488044813364,73.60971122480645,69.38983734081225,63.722928332692554,68.42933933661122,47.43333333333333,0.9484188334504567,17.2,8.892242,7.85,9.07,10.13,12.02
c_150_123,circle,150,25,4976211.638322568,526357.1594182985,71.48177375700926,79.80649963135255,72.67217917715176,69.49103552026222,73.36287202144393,48.193333333333335,0.9499239175542952,18.88,9.203271,6.73,8.8,11.245,15.867
c_150_124,circle,150,25,4976204.925677432,526357.1594182985,71.62888275246978,79.83105518407383,73.45187430739688,69.10828261875217,73.50502371567316,50.36666666666667,0.9585704831237591,20.6,10.459892,6.76,10.465,14.0975,17.3595
c_150_125,circle,150,25,4976202.851356008,526363.5435231961,107.40227236023529,119.99068959824216,105.49325632114582,104.09485869996082,109.24526924489601,53.29333333333334,0.9405804353264948,20.86,11.339598,7.45,11.52,15.355,18.39
c_150_126,circle,150,29,4975605.615,524632.5621170105,199.01552611060407,216.10193940802105,219.07947763826232,187.19277751014008,205.34743016675688,21.2,0.8955974842767296,26.08,16.178835,12.495,17.99,20.4325,23.1365
c_150_127,circle,150,29,4975611.045643992,524628.6165231961,172.49918937660374,187.4677376658962,189.6159315206273,162.1675156831983,177.9375935615814,22.046666666666667,0.8793468400362867,23.26,15.245455,11.7,16.91,19.3325,21.54
c_150_128,circle,150,29,4975608.971322568,524622.2324182985,209.50343906631392,227.2689788127471,231.20638888623546,196.98668683097242,216.24137339906721,18.613333333333333,0.83810888252149,24.86,18.120016,16.7525,19.72,21.23,22.9005
c_150_129,circle,150,29,4975602.258677432,524622.2324182985,176.2038489603771,191.28567010117578,194.30834623902035,165.5222832133217,181.83003712847375,16.64666666666667,0.9054865839006808,24.9,17.3414,15.46,19.43,21.11,22.82
c_150_130,circle,150,29,4975600.184356009,524628.6165231961,233.6977011091759,253.6700179355714,257.74196171040194,219.57208208573036,241.1704407102199,19.573333333333334,0.8702316076294278,26.08,17.975452,15.83,19.82,21.61,23.789
c_150_131,circle,150,30,4977166.833,524598.5091170105,208.69466365720652,220.59638767381097,224.06044622999858,196.29408477988645,212.41139558522562,41.32666666666667,0.7883529601548637,16.67,7.693067,4.6,7.87,10.17,13.6
c_150_132,circle,150,30,4977172.263643991,524594.5635231961,80.68452291602884,92.1044185884581,94.62149535833014,82.94622865721809,87.5891663800088,41.166666666666664,0.8480971659919029,16.32,8.365084,5.16,8.43,11.65,13.981999
c_150_133,circle,150,30,4977170.189322568,524588.1794182985,28.386575545144158,35.26583727517767,35.22768655728541,31.79866698448162,32.66969159052221,40.88,0.8289302022178735,16.32,8.650055,5.54,9.18,11.87,14.019
c_150_134,circle,150,30,4977163.476677432,524588.1794182985,176.59553383510428,201.3961131408237,200.2354161331991,177.33849964125898,188.89139068759653,39.16,0.7691521961184883,14.76,7.821638,4.25,8.21,10.98,13.14
c_150_135,circle,150,30,4977161.402356008,524594.5635231961,136.13603447888136,139.85770390819164,138.55168707504953,118.43432152700537,133.24493674728197,39.81333333333333,0.7516744809109176,16.67,7.258253,4.13,6.96,10.2,13.17
c_150_136,circle,150,31,4976243.76,524840.9802170108,264.3082532278181,285.7449089225398,280.1945191553764,250.1513394105051,270.09975517905985,61.74,0.9288413778209696,30.4,14.220231,10.71,14.59,17.82,22.0995
c_150_137,circle,150,31,4976249.190643991,524837.0346231965,200.3470556346997,220.67854827849385,220.53318122326797,192.64442036330107,208.55080137494065,58.45333333333333,0.9754790145985401,30.83,17.70369,13.83,18.3,21.96,27.534
c_150_138,circle,150,31,4976247.116322568,524830.6505182988,39.189530717505384,43.316715883184656,40.36886477749843,50.99872571403351,43.4684592730555,52.38666666666666,0.989692033596335,29.54,18.58483,15.61,19.82,22.53,26.42
c_150_139,circle,150,31,4976240.403677432,524830.6505182988,133.96200115960556,146.09702364807399,144.3962551789198,134.83724794768523,139.82313198357113,52.75333333333333,0.9696701630228738,25.87,14.566396,10.19,15.36,18.92,22.574
c_150_140,circle,150,31,4976238.329356008,524837.0346231965,209.96635171415835,218.2924369750519,210.94577403088752,202.04723938550097,210.31295052639967,57.553333333333335,0.9560986910691532,24.63,14.303387,11.0625,15.0,18.03,21.15
c_150_141,circle,150,32,4975778.346899999,525033.8255170101,158.57758144687782,166.32981592479496,166.53180693665132,151.45538434929114,160.72364716440381,64.84,0.9584618548221263,27.32,20.17054,17.93,21.48,23.34,25.26
c_150_142,circle,150,32,4975783.777543991,525029.8799231957,87.26256778655612,91.28806532318463,85.09465137570523,100.02796869322319,90.91831329466729,65.94,0.9744211909817005,27.65,19.659632,15.76,20.97,23.41,25.51
c_150_143,circle,150,32,4975781.703222567,525023.4958182981,186.0901719068503,173.7358418160216,166.80943457476434,186.40170060590305,178.2592872258848,66.88666666666667,0.9918269709957142,27.65,18.700695,15.085,20.17,22.8,24.65
c_150_144,circle,150,32,4975774.990577431,525023.4958182981,218.96566719166415,214.0820292280358,212.21300164177057,198.45548905968582,210.92904678028907,67.38,0.9819926783417433,26.07,19.181068,15.96,20.68,22.76,24.2
c_150_145,circle,150,32,4975772.916256008,525029.8799231957,355.3980510704613,373.7392885542585,365.16191801827125,341.7686864918784,359.01698603371733,65.39333333333333,0.9602405953715976,26.42,19.591278,16.28,21.14,23.14,24.84
c_150_146,circle,150,33,4975431.0747,525202.2810170102,80.93396275673386,90.13748897612429,84.1575222606792,75.51964174855448,82.68715393552296,60.04666666666667,0.9077384256689242,20.47,12.8563595,11.14,13.66,15.39,17.62
c_150_147,circle,150,33,4975436.505343991,525198.3354231959,83.46193233724742,92.95989606478042,86.53691279770256,78.40835206200764,85.34177331543451,60.7,0.9268533772652389,21.23,13.132106,10.78,13.9,16.18,18.31
c_150_148,circle,150,33,4975434.431022568,525191.9513182982,143.9795978885141,160.94131186890112,149.11130861993823,141.54945683364852,148.89541880275047,60.373333333333335,0.9394876325088339,21.25,12.68326,10.06,13.19,16.01,18.8965
c_150_149,circle,150,33,4975427.718377432,525191.9513182982,195.5404055992814,218.08692429861236,202.49544825386792,189.0927241708351,201.30387558064922,63.04666666666667,0.9240774029819182,21.25,13.363631,10.940001,14.18,16.42,18.9
c_150_150,circle,150,33,4975425.644056008,525198.3354231959,45.93104773509444,51.827915254360136,47.757278264645834,48.39347406327853,48.47742882934473,58.593333333333334,0.9467516213448629,21.25,12.416008,9.86,13.24,15.33,17.97
c_150_151,circle,150,34,4975783.509400001,525506.5093170108,0.0,0.0,0.0,0.0,0.0,34.43333333333333,0.3430784123910939,33.65,21.088814,22.13,24.32,27.855,30.569
c_150_152,circle,150,34,4975788.940043992,525502.5637231964,0.0,0.0,0.0,0.0,0.0,26.72,0.32759481037924154,30.4,20.065977,18.2,21.09,24.09,27.584
c_150_153,circle,150,34,4975786.865722569,525496.1796182988,102.40743950910309,110.07894725469619,114.10669295505349,93.25333998408063,104.96160492573335,44.78,0.7708798570790532,32.69,23.625006,21.1025,24.62,27.48,30.2715
c_150_154,circle,150,34,4975780.153077433,525496.1796182988,124.80021216707165,134.5652589984163,134.62307959325733,120.60004643928491,128.64714929950756,52.63333333333333,0.7865737808739709,33.65,25.29139,23.2525,26.45,28.92,31.27
c_150_155,circle,150,34,4975778.078756009,525502.5637231964,219.09638355760254,236.05394558168263,239.30142145511445,207.24517732268737,225.42423197927175,50.093333333333334,0.6105935586904445,33.65,23.781992,22.88,26.11,28.47,31.21
c_150_156,circle,150,35,4975143.703,524718.5297170106,37.27372850186616,60.700757935609076,58.57160689496641,53.76906025932467,52.57878839794158,13.773333333333333,0.6645692158760891,24.89,13.598675,10.0,13.67,17.83,21.518
c_150_157,circle,150,35,4975149.133643991,524714.5841231962,24.39766702037005,58.17697911314796,58.417195142286296,54.43117858978628,48.85575496639764,10.933333333333334,0.8426829268292683,20.62,13.645042,11.2725,14.58,17.08,18.9095
c_150_158,circle,150,35,4975147.059322568,524708.2000182986,17.540744195313433,40.492703107110344,40.87810023064533,37.812411976121794,34.180989877297726,9.093333333333334,0.7382697947214076,20.13,12.958092,10.47,13.76,16.67,18.796999
c_150_159,circle,150,35,4975140.346677432,524708.2000182986,24.023139142060256,26.731756831456934,24.986702299802257,22.427340439097843,24.542234678104325,7.506666666666667,0.5195381882770871,23.37,12.827044,9.15,13.88,17.65,20.13
c_150_160,circle,150,35,4975138.272356008,524714.5841231962,34.18336889704571,50.855053841290605,49.27207638967606,45.17883439400745,44.87233338050496,16.926666666666666,0.7231193383221741,26.25,16.124264,11.47,17.02,20.75,24.022501
c_150_161,circle,150,36,4976621.261,525715.4108170104,131.73411324886598,179.75759598698374,171.72800360639297,155.34926832416727,159.64224529160248,57.42,0.8239869964007895,22.81,13.664618,9.17,14.98,17.64,21.35
c_150_162,circle,150,36,4976626.6916439915,525711.4652231961,116.215256003986,128.69658718738225,121.95968254885388,108.33677449604251,118.80207505906615,51.653333333333336,0.8807434176561694,19.75,11.812154,8.02,12.63,15.59,17.688501
c_150_163,circle,150,36,4976624.617322568,525705.0811182985,23.68085078670569,39.55573478332309,27.04682104529195,26.380567983595743,29.165993649729117,40.64,0.7421259842519685,18.99,9.764805,6.5,9.47,13.15,16.59
c_150_164,circle,150,36,4976617.904677432,525705.0811182985,36.3119900070419,53.485906262615266,40.34213314820676,38.755801256702775,42.223957668641674,40.1,0.7556109725685786,20.6,10.704203,6.94,10.65,14.49,18.01
c_150_165,circle,150,36,4976615.830356008,525711.4652231961,103.04763244696672,129.34216631156104,106.60513633219782,104.42420395259069,110.85478476082906,51.38,0.8193849746983262,22.65,12.649342,7.84,13.46,17.11,20.1
c_150_166,circle,150,37,4976493.278200001,526117.5930170101,218.9235450336541,232.56088737908001,236.30053620854656,203.4723493529919,222.81432949356815,37.32666666666667,0.9044472227183425,27.11,18.555426,16.7125,20.04,22.52,25.11
c_150_167,circle,150,37,4976498.708843993,526113.6474231958,255.92557844477165,276.2983768436964,283.86392728879264,238.58343168609466,263.6678285658388,32.46666666666667,0.9507186858316222,28.81,20.44428,19.02,21.93,23.82,26.0
c_150_168,circle,150,37,4976496.634522569,526107.2633182982,335.2431423041497,335.6937019796152,339.66227694604595,300.28284456906727,327.72049144971953,35.17333333333333,0.9783927217589082,27.58,19.75566,18.53,21.04,23.32,25.1595
c_150_169,circle,150,37,4976489.921877434,526107.2633182982,293.3684366699432,253.8056656541342,252.85188345674842,247.37305425202211,261.849760008212,37.22666666666667,0.9724212034383954,27.73,18.3264,16.2,19.34,22.0975,24.56
c_150_170,circle,150,37,4976487.84755601,526113.6474231958,290.2380506510302,247.43903687537005,250.9322939561136,246.9290827758331,258.8846160645868,38.18,0.9214248297537978,27.73,18.161604,16.12,19.81,22.11,24.522001
c_150_171,circle,150,38,4976145.162599999,526068.3591170107,94.32944397314162,105.56306714649236,96.72627252688017,102.95482168968805,99.89340133405055,47.49333333333333,0.795901179112858,26.14,15.858093,13.26,16.365002,18.65,22.6275
c_150_172,circle,150,38,4976150.593243991,526064.4135231964,255.3845386730254,276.86013838115434,267.4119237522383,256.838688109927,264.1238222290863,52.68666666666667,0.9363532835632038,24.05,15.547832,13.01,16.404999,18.52,21.2805
c_150_173,circle,150,38,4976148.518922567,526058.0294182987,173.68456312748864,187.98931621390966,186.0765103519662,169.79237325936282,179.38569073818184,49.473333333333336,0.9199568791268024,24.05,13.907954,10.45,14.33,17.855,21.35
c_150_174,circle,150,38,4976141.806277432,526058.0294182987,126.05740616008103,139.2760827442137,132.69331707278187,108.7690659297249,126.69896797670037,49.38666666666666,0.9484341252699784,25.61,15.098473,12.0,16.21,18.4875,21.5975
c_150_175,circle,150,38,4976139.731956008,526064.4135231964,214.32473214798662,237.62816535916528,233.33233681911437,203.26561247836253,222.1377117011572,48.74666666666667,0.8315098468271335,26.14,16.365803,14.31,17.03,18.98,23.05
c_150_176,circle,150,39,4976667.816199999,524721.6201170107,176.97970532923765,192.5200746431384,195.40393218659335,164.95849331476836,182.46555136843443,51.38666666666666,0.9514789828749352,30.84,20.359077,17.61,21.79,24.64,27.97
c_150_177,circle,150,39,4976673.246843991,524717.6745231963,28.537921162451916,37.68167304259629,29.40973145774301,30.576944118284434,31.55156744526891,33.026666666666664,0.7745256358498184,28.07,12.231934,4.49,9.34,20.02,25.07
c_150_178,circle,150,39,4976671.172522567,524711.2904182987,7.572282685842968,8.197631321033597,7.615894587036399,7.721354788855312,7.7767908456920685,30.626666666666665,0.4738789725729212,26.4,6.8935785,3.01,4.49,6.76,23.512001
c_150_179,circle,150,39,4976664.459877431,524711.2904182987,1.510484544171507,1.635380010442391,1.5067356374182694,1.5459742147636897,1.5496436016989643,35.50666666666667,0.702591062711228,30.84,17.145042,12.265,16.73,22.2675,27.999
c_150_180,circle,150,39,4976662.385556008,524717.6745231963,195.85392736290123,211.33894616795777,216.39668332662413,181.57134317621097,201.29022500842353,47.88,0.9437482595377332,30.84,19.261826,14.91,20.19,23.99,28.211498
c_150_181,circle,150,40,4975142.120300001,525342.1444170104,207.1251029973195,264.6062436394472,228.00254965924282,203.8373278584877,225.89280603862431,58.57333333333333,0.9297746414750739,30.77,16.790531,12.72,16.96,21.21,24.998
c_150_182,circle,150,40,4975147.550943993,525338.198823196,319.9814605801094,373.86309638045276,351.5777825762226,301.7918024619444,336.8035354996823,52.626666666666665,0.92449961996453,30.77,18.422363,13.49,18.69,23.65,28.72
c_150_183,circle,150,40,4975145.476622569,525331.8147182984,384.59549680492165,441.580806651319,418.02213818517765,363.01218007458084,401.8026554289998,53.74666666666667,0.9156536839493922,30.77,16.495085,11.37,16.595001,20.98,28.31
c_150_184,circle,150,40,4975138.763977434,525331.8147182984,161.41057176390848,215.18723946658787,170.99943215027997,165.34602778949284,178.23581779256727,57.28,0.8978119180633147,28.98,14.164284,10.47,14.15,18.52,21.87
c_150_185,circle,150,40,4975136.68965601,525338.198823196,81.24185985167784,121.900533534722,87.03885196894714,89.22421005758605,94.85136385323325,62.00666666666667,0.9147403504999463,27.84,15.488832,11.54,15.65,20.19,23.45
c_150_186,circle,150,41,4975247.676100001,526357.6427170105,135.72490947376343,153.31907238372173,145.23997766119356,134.479326451985,142.19082149266592,34.21333333333333,0.8144972720187061,30.56,15.615811,7.87,14.135,23.83,27.560999
c_150_187,circle,150,41,4975253.106743992,526353.6971231961,246.134801591447,268.7247110568962,263.2621956513179,239.06568161194883,254.29684747790247,33.24666666666667,0.8397834369360336,30.56,17.54773,8.0275,21.89,25.4925,28.5065
c_150_188,circle,150,41,4975251.032422569,526347.3130182985,150.58176242993238,166.09099272285255,160.13661891127094,146.14364363083376,155.73825442372242,31.706666666666667,0.7861648444070648,30.09,16.36387,7.705,18.9,24.45,27.230999
c_150_189,circle,150,41,4975244.319777433,526347.3130182985,193.10731410685577,214.0207167946415,212.5890595542691,181.36759234802344,200.27117070094744,30.966666666666665,0.8794402583423035,28.43,14.969168,7.94,14.62,21.98,25.54
c_150_190,circle,150,41,4975242.245456009,526353.6971231961,189.79603023787365,211.40184027807067,206.21674738537064,182.35595648313864,197.44264359611338,29.546666666666667,0.9126805054151624,25.83,12.245876,8.1,11.05,16.65,22.008
c_150_191,circle,150,42,4976260.5759,526711.3453170109,270.0024744135684,293.9841443310423,294.136247431731,253.64241556973835,277.94132043652,17.8,0.9359550561797753,27.51,16.54523,12.97,16.96,20.8,24.44
c_150_192,circle,150,42,4976266.006543991,526707.3997231965,77.27288216224306,85.5309058487843,82.33269315939086,72.53176768483989,79.41706221381453,18.553333333333335,0.9252605102407474,26.95,15.021244,11.83,15.2,18.63,22.06
c_150_193,circle,150,42,4976263.9322225675,526701.0156182989,10.313085154020229,11.485990865698788,10.532226507663303,9.996446618465294,10.581937286461903,15.273333333333333,0.9105194238323876,21.57,14.116007,11.83,14.84,17.19,19.24
c_150_194,circle,150,42,4976257.219577432,526701.0156182989,100.37978950212697,111.95962415822832,103.97419779152436,95.97229969464865,103.07147778663207,14.96,0.9086452762923352,22.05,15.191387,12.934999,16.12,17.99,19.75
c_150_195,circle,150,42,4976255.145256008,526707.3997231965,82.87861485696551,91.75371408893058,87.3346339779157,79.8596421117473,85.45665125888978,14.453333333333333,0.9049815498154982,21.57,15.230618,13.02,15.845,18.137499,19.87
c_150_196,circle,150,43,4976353.940300001,526486.2604170108,163.80092596668507,182.89371396973934,169.54032197842494,157.31122084844213,168.38654569082286,53.61333333333334,0.9676697338970406,23.81,15.328462,13.14,15.94,18.54,21.6095
c_150_197,circle,150,43,4976359.370943992,526482.3148231964,172.04420312330004,175.8646044907886,166.2130401358644,157.75662469452288,167.969618111119,53.56,0.9658949464774708,23.77,15.967535,13.3975,17.384998,19.65,22.01
c_150_198,circle,150,43,4976357.296622569,526475.9307182988,157.17105225296618,162.58136357041568,153.88602295888904,145.65720250020223,154.82391032061827,55.34,0.9300084327189495,25.11,16.36088,13.09,17.81,20.48,22.5
c_150_199,circle,150,43,4976350.583977433,526475.9307182988,146.03563997745962,163.85849742924853,152.6813781119792,138.50898238303597,150.27112447543084,57.04,0.9520804114071997,26.25,16.297821,12.65,16.56,20.54,23.8275
c_150_200,circle,150,43,4976348.509656009,526482.3148231964,198.07564001857565,210.13117676876644,197.38537818588787,185.635985363849,197.8070450842697,58.79333333333334,0.9548701666855652,26.05,15.770811,11.58,16.44,20.17,23.63
c_200_001,circle,200,1,4974552.016,525146.578154392,208.4506972327101,228.43630035662844,231.37997625588838,193.48732878403234,215.4385756573148,49.29,0.6970988030026375,28.8,20.385223,19.06,21.84,24.33,26.63
c_200_002,circle,200,1,4974556.430000127,525143.3711955807,105.59448408603375,114.40588782403415,116.42606221795548,98.32154126298441,108.68699384775194,43.465,0.7336937766018635,28.8,20.0874,17.49,21.37,23.807499,26.051498
c_200_003,circle,200,1,4974554.744002105,525138.1822272234,206.71791770613237,226.8025315777902,227.23578859034845,192.87028101345624,213.40662972193184,45.65,0.8929901423877328,28.58,19.59196,17.04,21.32,23.66,25.86
c_200_004,circle,200,1,4974549.287997895,525138.1822272234,104.47126036486435,121.12086376228886,113.54695698348064,101.21839532903856,110.08936910991811,44.395,0.9374929609190225,28.16,18.858088,16.6675,20.52,23.08,25.63
c_200_005,circle,200,1,4974547.601999872,525143.3711955807,201.2885454747909,225.22802265986584,221.74128624261326,192.3647099697902,210.15564108676503,49.75,0.8636180904522613,28.8,18.759478,15.94,20.18,22.97,26.03
c_200_006,circle,200,2,4975569.679,524910.093154392,31.080455108385053,35.58563577467893,32.42315666876352,28.430326209334524,31.879893440290505,45.81,0.7160008731717965,33.17,19.22482,11.887501,20.83,25.39,30.55
c_200_007,circle,200,2,4975574.093000127,524906.8861955807,25.170297466573214,28.199508114766463,25.994691200433273,24.036621802361747,25.850279646033673,45.895,0.6810110033772742,31.52,15.335029,9.74,14.12,20.86,27.724998
c_200_008,circle,200,2,4975572.407002104,524901.6972272234,132.77120141701732,144.30635815567226,145.44721752304116,123.72021663934683,136.56124843376938,55.055,0.8031968031968032,31.7,17.68647,9.737499,19.625,24.24,28.768501
c_200_009,circle,200,2,4975566.950997895,524901.6972272234,323.85805147205986,352.86409060349627,353.61513874325385,295.0114589863417,331.33718495128795,53.93,0.8701094010754682,32.12,21.328629,18.33,23.47,27.01,30.08
c_200_010,circle,200,2,4975565.264999872,524906.8861955807,76.35770562134276,82.75071255337387,83.92093056309207,72.41835069314412,78.8619248577382,43.94,0.8045061447428311,32.86,22.130922,20.67,23.89,26.8975,29.841
c_200_011,circle,200,3,4975188.667,525010.5891543919,175.06429045385767,214.2412206745696,185.57762109988218,173.5239801213138,187.10177808740582,52.76,0.8233510235026535,26.15,11.021564,7.13,9.16,13.64,23.26
c_200_012,circle,200,3,4975193.081000128,525007.3821955806,224.19319530212906,257.0564912957636,240.72416136005754,214.74631092099244,234.18003971973565,55.32,0.7966377440347071,27.45,13.943726,8.14,12.0,20.82,24.8435
c_200_013,circle,200,3,4975191.395002105,525002.1932272234,128.55054371803288,139.88892968971322,124.31726269666319,122.08642182912195,128.71078948338283,50.475,0.74135710747895,26.3,11.085234,6.81,9.14,14.4625,23.92
c_200_014,circle,200,3,4975185.938997895,525002.1932272234,134.99477436950133,159.95968364343815,128.361084841483,133.72832693325563,139.26096744691952,49.35,0.7778115501519757,23.4,10.326096,7.12,9.3,13.68,19.092001
c_200_015,circle,200,3,4975184.252999873,525007.3821955806,87.56168782255187,117.22106438543915,88.93952612467841,85.37665133143422,94.77473241602591,46.76,0.7951240376390077,19.81,8.897505,6.69,8.58,10.63,15.25
c_200_016,circle,200,4,4974882.089,525129.6011543919,130.77123951600652,146.44235100587406,141.37518993758331,128.0268854197917,136.6539164698139,54.25,0.8113364055299539,21.96,9.986081,6.14,9.24,13.48,18.619001
c_200_017,circle,200,4,4974886.503000127,525126.3941955806,69.23748738492216,78.80360429018549,74.73953379007963,68.1562299318129,72.73421384925004,51.155,0.8875965203792395,23.28,10.234172,5.77,9.77,14.42,18.71
c_200_018,circle,200,4,4974884.817002105,525121.2052272233,138.56125270152296,152.61934008474884,152.7710777464834,130.6838395566321,143.6588775223468,48.4,0.9014462809917355,22.83,9.939964,5.45,9.91,14.02,17.54
c_200_019,circle,200,4,4974879.360997895,525121.2052272233,63.07370435269593,71.08629024454936,66.52759224366312,62.817795804551665,65.87634566136502,49.165,0.9021661751245805,21.21,10.391407,6.85,10.47,13.62,17.64
c_200_020,circle,200,4,4974877.674999872,525126.3941955806,62.57830207845356,69.33087444682018,66.02417394293583,61.518313429367794,64.86291597439433,49.975,0.8044022011005503,18.37,8.940438,5.69,8.415,12.07,15.67
c_200_021,circle,200,5,4975907.399,524773.6971543919,73.6106429422758,90.80099912079177,76.50272167622576,73.23560511322682,78.53749221313004,46.13,0.8052243659223932,28.425,12.862713,7.675,13.535,17.295,21.001
c_200_022,circle,200,5,4975911.813000128,524770.4901955806,69.79064171255521,78.92971965531672,71.31628229957659,68.3198837659631,72.0891318583529,49.07,0.8840432035867128,25.435,13.03429,8.605,13.7,17.685,20.905
c_200_023,circle,200,5,4975910.127002105,524765.3012272234,41.76205126409268,57.27013251506114,55.876057174403485,53.859425540264766,52.19191662345552,46.96,0.9116269165247018,23.325,13.011634,8.817499,14.295,17.445,20.145
c_200_024,circle,200,5,4975904.670997895,524765.3012272234,159.95206615157508,200.03299188600283,183.50455336274507,170.01656402723563,178.37654385688964,50.295,0.8904463664380157,24.195,12.911585,9.135,13.295,16.835,21.185
c_200_025,circle,200,5,4975902.984999873,524770.4901955806,143.88410237488682,155.2197705102863,141.23956742028503,142.32181801491365,145.66631458009294,52.78,0.8212391057218643,30.355,14.588874,10.555,14.155,19.525,26.561
c_200_026,circle,200,6,4976225.143,524512.4771543919,70.09311907495389,79.50608116890835,70.71887137795673,66.89251233822817,71.80264599001178,17.675,0.9697312588401698,26.1,14.987171,12.16,14.63,18.36,22.77
c_200_027,circle,200,6,4976229.557000128,524509.2701955807,77.34333200854519,87.22552485457463,79.00221555830056,73.18894675206401,79.1900047933711,16.04,0.9722568578553616,26.57,15.245377,12.98,15.52,17.91,21.230999
c_200_028,circle,200,6,4976227.871002105,524504.0812272234,205.450839075277,228.25444452674705,216.8882240324914,190.41914313393804,210.25316269211336,19.225,0.9420026007802341,26.21,15.841439,13.85,16.3,18.26,22.6795
c_200_029,circle,200,6,4976222.414997895,524504.0812272234,170.30623912848137,191.50157681297583,175.84993001221548,159.00976759598865,174.16687838741535,18.19,0.9277075316107751,26.59,16.669523,14.31,16.9,19.63,23.5
c_200_030,circle,200,6,4976220.728999873,524509.2701955807,261.96481914739184,286.9621762332229,283.45236741777063,244.0433900264475,269.1056882062082,20.635,0.9607463048219045,26.7,16.465057,13.22,16.55,20.14,23.918
c_200_031,circle,200,7,4976269.182,525029.2221543919,263.5785270820481,306.40858348069753,291.6390558646103,239.30349269667263,275.23241478100715,61.35,0.9266503667481663,23.14,15.597487,12.49,15.35,19.36,21.85
c_200_032,circle,200,7,4976273.5960001275,525026.0151955807,162.25323323580696,204.0062939759141,184.8447934763205,152.9199612621086,176.00607048753753,60.375,0.9281159420289855,23.14,15.078124,12.1,14.9,18.88,21.77
c_200_033,circle,200,7,4976271.910002105,525020.8262272234,83.45784196898963,117.51743467407508,90.88941406506783,88.17871254251678,95.01085081266234,51.445,0.9754106327145495,27.04,12.672468,10.04,12.55,15.06,20.28
c_200_034,circle,200,7,4976266.453997895,525020.8262272234,63.00380764536555,72.5547190471046,65.84805973969277,64.4777448921125,66.47108283106886,46.045,0.9593875556520794,25.95,11.663411,9.39,11.99,13.7,18.08
c_200_035,circle,200,7,4976264.767999873,525026.0151955807,152.11767782680755,167.06591190849738,150.09535339746094,148.03336975671553,154.32807822237035,56.22,0.9563322660974742,24.51,14.189235,11.44,13.64,17.62,21.61
c_200_036,circle,200,8,4976535.25,524988.394154392,91.96704499045171,100.6207187510474,96.04657661961554,83.1565027905401,92.94771078791369,57.49,0.9352930944512089,25.85,11.512106,7.9,10.305,15.137501,21.6935
c_200_037,circle,200,8,4976539.664000127,524985.1871955807,101.10762586086165,110.82897719296884,105.67891083100449,91.44281527270053,102.26458228938387,52.68,0.9189445709946849,27.01,12.585005,8.16,11.14,17.23,23.38
c_200_038,circle,200,8,4976537.978002105,524979.9982272234,89.47491854614259,93.53715045821318,87.57667501530035,76.82883477929505,86.8543946997378,52.565,0.8941310758109008,33.4,14.952284,9.53,14.36,19.1825,27.8905
c_200_039,circle,200,8,4976532.521997895,524979.9982272234,94.23280918999038,98.6934298072719,92.54102325535813,82.73239780297979,92.04991501390005,60.37,0.8420573132350505,29.19,13.173293,8.28,13.59,17.724998,22.537
c_200_040,circle,200,8,4976530.835999873,524985.1871955807,81.85023029984384,86.46960128649846,79.2071718328883,72.79960667929745,80.081652524632,60.93,0.8922534055473494,30.71,13.925196,8.6,13.74,18.31,25.84
c_200_041,circle,200,9,4976764.273,524975.9051543919,272.15977678572,329.2192488665475,295.52627312991126,226.35003257151243,280.8138328384228,54.265,0.9428729383580576,32.98,16.253876,10.74,15.71,21.28,29.004
c_200_042,circle,200,9,4976768.6870001275,524972.6981955806,157.46758746995437,181.8302858451996,172.88185594296726,135.31709692455354,161.8742065456687,54.655,0.9353215625285884,32.98,17.096998,11.73,16.855,22.31,29.008501
c_200_043,circle,200,9,4976767.001002105,524967.5092272233,96.8527927677939,103.96927632974172,108.0688263795166,87.12234191010211,99.0033093467886,49.235,0.7899867980095461,32.98,16.467161,9.315001,16.02,23.335,29.64
c_200_044,circle,200,9,4976761.544997895,524967.5092272233,124.37627906394631,140.65328572284278,136.23981529824886,110.26582558717449,127.88380141805311,55.285,0.7530071447951524,32.08,15.488858,9.09,14.4,22.57,29.36
c_200_045,circle,200,9,4976759.858999873,524972.6981955806,217.76278093935244,258.3245728891258,237.1665774704721,184.01151937981075,224.3163626696903,53.85,0.8193129062209842,32.33,13.718884,9.13,12.75,17.67,26.08
c_200_046,circle,200,10,4975957.068,525215.1181543919,180.8541153175348,205.55931366861498,187.67408275933894,181.37690636026494,188.8661045264384,55.885,0.9731591661447616,22.16,13.953256,11.55,14.47,16.84,19.05
c_200_047,circle,200,10,4975961.482000127,525211.9111955806,255.62455913355438,297.4139026479032,266.4546332124389,261.36613631108423,270.2148078262452,55.05,0.9670299727520436,23.56,16.21612,14.78,16.91,18.3,19.92
c_200_048,circle,200,10,4975959.796002105,525206.7222272233,269.3372223888486,314.68119207107566,279.4756736280106,286.2606544608981,287.4386856372082,53.005,0.9553815677766249,23.6,16.915527,15.67,17.455,18.67,20.3365
c_200_049,circle,200,10,4975954.339997895,525206.7222272233,233.00239416480133,269.53946833070506,240.97166123248775,249.232490088184,248.18650345404455,53.395,0.9686300215375971,23.6,16.073008,14.14,16.75,18.47,20.28
c_200_050,circle,200,10,4975952.6539998725,525211.9111955806,228.69518889172124,259.73745085992095,236.08085574678825,240.7826398700324,241.32403384211574,57.96,0.978088336783989,23.6,14.2480345,12.1,14.52,16.78,19.53
c_200_051,circle,200,11,4975613.36,525392.8611543919,222.26115862553374,251.05284371890153,238.5938254577119,209.59403072709893,230.37546463231152,62.925,0.8707191100516488,30.11,17.45706,13.1,17.32,22.44,26.85
c_200_052,circle,200,11,4975617.774000128,525389.6541955806,226.2562098843983,251.5473572951268,242.2905859394163,212.96920420008547,233.26583932975672,67.285,0.8140001486215352,28.96,16.240562,12.64,16.18,19.8275,25.877
c_200_053,circle,200,11,4975616.088002105,525384.4652272234,144.179913407313,164.03767345699904,147.59419577563926,144.24871664883932,150.01512482219766,56.31,0.8732907121292843,25.07,12.566306,9.02,13.19,16.12,18.773
c_200_054,circle,200,11,4975610.631997895,525384.4652272234,139.92560088054202,160.38486131500179,141.98984724727276,144.83009747154375,146.78260172859007,53.995,0.9511991851097323,25.3,12.606752,8.69,13.08,16.13,19.234499
c_200_055,circle,200,11,4975608.945999873,525389.6541955806,292.6402915347631,328.2034565452693,308.70420837084464,288.6310460285499,304.5447506198567,64.095,0.9584991028941415,28.96,14.5354595,10.28,14.87,18.15,25.077
c_200_056,circle,200,12,4975652.244,525883.0051543919,191.94893423804072,193.63439243478282,176.62019652027655,186.66611618653704,187.21740984490927,45.42,0.9411052399823866,25.97,15.449364,11.73,15.95,19.42,22.98
c_200_057,circle,200,12,4975656.658000127,525879.7981955806,190.26436430861466,195.57093557786712,175.77438934832008,177.95468622168278,184.89109386412116,44.145,0.9358930796239665,26.27,15.891667,11.905,15.98,20.55,24.179
c_200_058,circle,200,12,4975654.972002105,525874.6092272233,201.74657725004695,198.1863989671821,178.88808818164716,190.82213731938342,192.4108004295649,43.62,0.9214809720311784,26.27,17.21259,12.22,18.84,22.28,24.71
c_200_059,circle,200,12,4975649.515997895,525874.6092272233,193.01326144859956,185.78856948907185,168.65454199888666,177.3020241714354,181.18959927699836,41.68,0.9171065259117083,26.09,17.058966,12.29,18.46,21.8,24.53
c_200_060,circle,200,12,4975647.8299998725,525879.7981955806,222.6818307009741,206.82314710698785,194.56302169325068,203.94182373925355,207.00245581011654,46.405,0.9087382825126603,25.79,16.473978,11.92,17.945,21.23,24.19
c_200_061,circle,200,13,4975983.789,525692.2141543919,223.61932013708292,243.9838505980718,245.27208102764052,206.87484200065484,229.9375234408625,45.075,0.876206322795341,31.12,16.542559,9.765,17.06,23.685001,27.44
c_200_062,circle,200,13,4975988.203000127,525689.0071955806,142.46102727624847,156.39995447783383,156.23975266442267,131.00429382634263,146.5262570612119,44.74,0.9413276709879302,31.12,16.435604,10.71,16.18,23.02,27.07
c_200_063,circle,200,13,4975986.517002105,525683.8182272234,47.597144561162025,52.59637455870547,49.69618766294133,44.99887256483596,48.7221448369112,38.825,0.9750160978750805,32.11,16.441223,11.665,16.45,21.92,27.064999
c_200_064,circle,200,13,4975981.060997895,525683.8182272234,98.91947933380163,107.65398741604105,107.21315638062501,92.4973582699981,101.57099535011645,33.5,0.9483582089552239,32.11,17.917004,11.78,18.055,24.67,29.08
c_200_065,circle,200,13,4975979.374999872,525689.0071955806,197.00359898600837,215.39931827494127,215.75829075187244,182.78945953361273,202.73766688660868,30.94,0.842436974789916,32.11,14.521925,7.77,12.39,22.66,27.894
c_200_066,circle,200,14,4976328.71,525889.2631543919,133.9851492487279,153.44912447417533,138.98262707803272,131.8388021850407,139.56392574649416,48.8,0.9063524590163935,17.24,9.967814,7.9725,10.27,12.14,14.41
c_200_067,circle,200,14,4976333.124000127,525886.0561955806,103.90338329791307,120.94195201505919,107.45629162696034,101.88073857763177,108.54559137939108,50.18,0.8772419290554005,17.53,9.927512,8.05,10.2,12.2,14.38
c_200_068,circle,200,14,4976331.438002105,525880.8672272234,110.67486911073941,128.93567873683165,114.61963776131776,110.28959148860166,116.12994427437263,43.04,0.8835966542750929,17.88,10.5071535,8.63,10.95,12.75,14.747499
c_200_069,circle,200,14,4976325.981997895,525880.8672272234,103.34287776438315,121.66206475684363,107.48398074650191,101.85831211069213,108.5868088446052,37.995,0.8976181076457429,17.88,10.535201,8.64,10.75,12.75,15.29
c_200_070,circle,200,14,4976324.2959998725,525886.0561955806,129.55304792808892,151.3413864355006,134.15643241606415,129.46284718567068,136.12842849133108,42.22,0.9025343439128375,17.24,9.817277,7.68,10.06,12.12,14.52
c_200_071,circle,200,15,4976514.12,524478.6311543919,105.46368259118951,118.82141022589721,105.9370423988726,104.77163338185645,108.74844214945395,16.445,0.8643964730921253,22.61,14.098567,11.67,14.49,17.13,19.849
c_200_072,circle,200,15,4976518.534000128,524475.4241955807,85.58421385565133,94.96133473841348,88.37635142848391,86.22832166986598,88.78755542310368,15.96,0.8261278195488722,22.61,14.329731,11.52,15.06,17.63,20.042
c_200_073,circle,200,15,4976516.848002105,524470.2352272234,62.665057000984916,68.84551716186411,65.73853323316155,62.42292736760078,64.91800869090284,18.755,0.8077845907757931,22.61,13.570805,10.37,14.035,16.9,19.86
c_200_074,circle,200,15,4976511.391997895,524470.2352272234,116.17133277234366,130.2105240479115,118.48097558210148,113.92649697643243,119.69733234469726,18.155,0.8678050123932801,22.61,13.582552,11.215,14.32,16.69,19.7
c_200_075,circle,200,15,4976509.705999873,524475.4241955807,143.60160541164393,162.17490200550316,145.56282076863704,140.5695957922635,147.9772309945119,16.77,0.8837209302325582,22.61,13.033968,10.97,13.595,15.75,19.14
c_200_076,circle,200,16,4975318.712,525557.666154392,124.14407752766293,134.78413376169604,136.88446099305474,116.64696891079544,128.11491029830228,68.955,0.9053005583351461,22.29,15.441948,13.8,16.01,17.77,19.6
c_200_077,circle,200,16,4975323.126000128,525554.4591955807,135.09073637371364,146.3453679330039,149.30062153197133,126.71566827007277,139.3630985271904,64.755,0.8682727202532623,22.29,15.612136,13.9,16.13,17.94,19.8
c_200_078,circle,200,16,4975321.440002105,525549.2702272234,103.52030671861066,112.20846481967305,112.97392789931429,99.295007964424,106.9994268505055,72.575,0.8084050981743024,22.97,16.292551,14.63,16.64,18.37,20.66
c_200_079,circle,200,16,4975315.983997895,525549.2702272234,104.51907061772145,113.38371548575262,113.97928106782247,100.01578946167653,107.97446415824326,74.93,0.7893367142666489,22.97,16.181065,14.62,16.7,18.38,20.65
c_200_080,circle,200,16,4975314.297999873,525554.4591955807,108.7838140589954,118.33952700070068,119.70303247823858,101.59823203530789,112.10615139331064,70.93,0.854997885238968,22.29,15.737893,14.12,16.42,18.31,19.91
c_200_081,circle,200,17,4975371.046,526082.5331543919,104.87538317502776,122.25329214103866,108.99757656839151,99.59894399719866,108.93129897041415,34.71,0.7845001440507059,19.35,12.369595,10.36,13.18,14.92,16.78
c_200_082,circle,200,17,4975375.460000128,526079.3261955807,108.8496247532131,125.46928329958186,111.57904108067798,108.92157528276549,113.70488110405961,36.285,0.8249965550502962,19.35,12.519713,10.69,13.11,14.87,16.9
c_200_083,circle,200,17,4975373.774002105,526074.1372272234,122.63311361991083,141.54491740636283,128.07652621188953,120.19148767860534,128.11151122919213,33.72,0.9006524317912218,19.51,12.247751,9.7725,13.04,15.21,17.39
c_200_084,circle,200,17,4975368.317997895,526074.1372272234,89.40457507801887,104.09590986372893,94.30546606667237,85.69486854348452,93.37520488797617,28.505,0.8563409928082792,19.51,12.774971,10.4,13.88,15.54,17.58
c_200_085,circle,200,17,4975366.631999873,526079.3261955807,107.55604112059096,125.81633562629398,114.34686413437497,104.92348722401255,113.16068202631811,31.55,0.7654516640253566,19.51,12.186518,9.622499,13.02,15.0875,17.37
c_200_086,circle,200,18,4975406.248,526553.6871543919,83.33434448801933,91.91781503719213,87.76414681481035,76.09867102092122,84.77874434023576,47.195,0.7037821803157114,18.15,8.195871,5.6,8.08,9.92,15.56
c_200_087,circle,200,18,4975410.662000127,526550.4801955806,55.254766673344065,61.11085856109302,58.03536952829724,51.281018477385665,56.42050331003,49.83,0.6295404374874574,18.94,7.4894724,5.02,7.46,9.26,13.71
c_200_088,circle,200,18,4975408.976002105,526545.2912272234,50.93020301109241,56.381359219152245,53.30334070518454,47.27981892345812,51.97368046472183,50.615,0.6264941222957622,19.89,8.795661,5.6,8.585,11.657499,15.7
c_200_089,circle,200,18,4975403.519997895,526545.2912272234,112.93830319954486,127.75504149720493,117.93718442953995,104.33521468091683,115.74143595180163,55.18,0.700434940195723,19.89,9.427993,6.19,9.1,12.7,16.72
c_200_090,circle,200,18,4975401.833999872,526550.4801955806,81.59587160783184,90.16636456121525,85.28954958540305,76.26637573966944,83.3295403735299,43.58,0.724070674621386,18.35,8.409085,5.39,8.03,10.69,16.36
c_200_091,circle,200,19,4975693.698,526341.0211543919,146.37428508884983,159.8342965678038,156.10130814301118,139.10870934978578,150.35464978736263,44.035,0.8859997729079142,24.73,15.255262,12.28,16.47,19.49,22.09
c_200_092,circle,200,19,4975698.112000127,526337.8141955807,87.1286194227192,94.19580633094931,89.970955373161,82.3304672643061,88.4064620977839,43.485,0.912498562722778,24.63,13.010445,8.865,13.92,17.03,20.8
c_200_093,circle,200,19,4975696.426002105,526332.6252272234,47.12073108858496,50.9527805000079,47.85377405449815,47.84133740552713,48.442155762154535,42.545,0.9169115054648019,25.28,13.0703745,9.61,13.73,16.81,20.619501
c_200_094,circle,200,19,4975690.969997895,526332.6252272234,167.56757633140091,199.99729910268087,175.16752886224708,142.632517523911,171.34123045505999,43.755,0.9290366815221117,27.48,14.683364,10.86,15.46,19.1,23.0
c_200_095,circle,200,19,4975689.283999872,526337.8141955807,139.5766415459662,162.9234453732131,144.67266261098695,122.00015182241059,142.2932253381442,42.985,0.8954286378969408,23.54,14.092426,11.012501,14.82,17.86,20.731499
c_200_096,circle,200,20,4976026.288,526565.603154392,139.91659062668577,166.27240560152657,142.2146836562594,155.4736805294227,150.9693401034736,53.01,0.9529334087907942,22.04,13.407359,10.98,14.01,16.35,18.83
c_200_097,circle,200,20,4976030.702000127,526562.3961955807,214.97567449658425,241.70940755164762,218.42708445329433,225.90814602522846,225.25507813168866,54.875,0.9142596810933941,22.29,13.31094,10.41,13.99,16.8275,19.56
c_200_098,circle,200,20,4976029.016002105,526557.2072272234,185.52184919372883,216.84611702410197,188.8625231196861,202.640394175031,198.467720878137,55.29,0.9251220835594139,22.68,13.483648,10.24,14.24,17.22,19.91
c_200_099,circle,200,20,4976023.559997895,526557.2072272234,163.79046067989958,193.72777151960634,165.35959903111768,188.49694066962104,177.84369297506115,53.52,0.9393684603886397,21.4,13.334636,10.34,14.24,16.87,18.92
c_200_100,circle,200,20,4976021.873999872,526562.3961955807,167.61078226319185,206.27777350261053,171.26998849831045,185.9992015235724,182.78943644692131,52.435,0.965957852579384,23.88,14.113745,11.41,14.77,17.27,19.92
c_200_101,circle,200,21,4976291.761,525443.529154392,211.01642552182656,236.37238977513644,225.5250539380927,207.9529340200487,220.2167008137761,61.22,0.9221659588369814,28.1,17.017603,13.87,17.62,20.79,24.33
c_200_102,circle,200,21,4976296.175000127,525440.3221955807,212.80160642106614,238.24466302149762,230.2197632107194,210.01902280323816,222.82126386413034,61.335,0.9453819189695932,28.52,19.239899,15.84,21.08,23.21,26.19
c_200_103,circle,200,21,4976294.489002105,525435.1332272234,238.23030009232428,265.06468880187987,259.14612533674176,232.85009671903543,248.82280273749535,61.815,0.9646525924128447,28.52,18.939795,15.44,20.75,23.38,26.22
c_200_104,circle,200,21,4976289.032997895,525435.1332272234,192.02801875725663,219.74355690795502,202.85593328158734,186.6849389745446,200.3281119803359,61.83,0.9375707585314572,28.52,16.102268,10.94,16.45,21.49,25.51
c_200_105,circle,200,21,4976287.3469998725,525440.3221955807,194.02262135539019,218.18057321448887,200.56309325056074,196.96079111358526,202.4317697335063,62.045,0.9070029817068257,28.1,15.902042,11.55,16.28,20.075,25.003
c_200_106,circle,200,22,4976583.131,525411.416154392,57.246208612162874,63.874243153661084,58.77622875918987,62.16592937630142,60.515652475328814,50.93,0.6746514824268603,28.65,15.278836,12.22,15.805,18.3825,23.4245
c_200_107,circle,200,22,4976587.5450001275,525408.2091955807,113.55783343467273,126.5974440753514,117.2272982522424,115.07392167396874,118.11412435905882,59.97,0.7825579456394864,22.71,13.723827,11.09,14.59,16.51,18.91
c_200_108,circle,200,22,4976585.859002105,525403.0202272234,127.35141044518014,141.80063694955365,131.50425330915976,124.45887705491538,131.27879443970224,55.46,0.774432023079697,22.25,12.740195,10.17,13.63,15.77,18.525501
c_200_109,circle,200,22,4976580.402997895,525403.0202272234,87.6177484118939,97.386617517707,90.29100794221773,84.21990856584308,89.87882060941543,49.42,0.7401861594496155,23.61,12.426502,10.04,12.855,15.21,19.6525
c_200_110,circle,200,22,4976578.716999873,525408.2091955807,58.839506922153404,65.33004607930785,60.36828568998358,57.30868773113279,60.46163160564441,56.765,0.7812032062010041,30.4,15.466373,11.57,15.26,19.59,25.74
c_200_111,circle,200,23,4975689.685,526589.5081543919,113.46251829997635,121.36357617729708,121.83845336873043,100.81492304079367,114.36986772169939,48.91,0.9151502760171744,30.27,18.56169,10.765,22.33,25.29,28.01
c_200_112,circle,200,23,4975694.099000127,526586.3011955806,164.1229700506339,165.80103107098626,169.4513589853942,149.59450904922858,162.24246728906073,46.215,0.8613004435789245,30.27,20.33562,17.25,23.52,25.71,27.9
c_200_113,circle,200,23,4975692.4130021045,526581.1122272233,182.62072409617386,198.08709532305656,202.38132420435082,170.79995470278516,188.4722745815916,46.055,0.7143632613179893,30.27,19.48954,11.7275,23.27,25.65,28.1405
c_200_114,circle,200,23,4975686.956997895,526581.1122272233,142.79055663347125,153.68748062299198,155.86802024106328,126.17206168145067,144.62952979474431,48.815,0.7700501894909352,30.27,19.052994,11.75,22.25,24.8,27.401499
c_200_115,circle,200,23,4975685.270999872,526586.3011955806,178.7436638889095,192.49970515195443,195.74891006759117,159.74654919029277,181.68470707468697,50.415,0.8721610631756421,30.27,18.123856,10.8925,21.34,24.8,27.74
c_200_116,circle,200,24,4975979.232,526258.0401543919,117.01324046576822,120.04615405654816,115.95380390348281,88.77750497697967,110.44767585069472,43.53,0.7312198483804273,22.53,12.682112,9.03,14.07,16.79,19.075
c_200_117,circle,200,24,4975983.646000127,526254.8331955806,174.07309841823314,166.42772397355816,160.8168859576208,137.33578075373504,159.6633722757868,52.005,0.7472358427074319,25.78,14.451923,10.88,15.36,18.3,22.58
c_200_118,circle,200,24,4975981.960002105,526249.6442272234,133.49484865442798,123.31123593265585,119.70686824810238,117.90576576041643,123.60467964890066,53.88,0.6450445434298441,27.7,16.850628,13.01,18.25,21.9,25.064999
c_200_119,circle,200,24,4975976.503997895,526249.6442272234,7.04798064080435,7.410978210378779,6.904340850036462,5.156055342364823,6.629838760896104,40.465,0.3915729642901273,25.78,15.139851,12.27,14.98,20.36,23.792
c_200_120,circle,200,24,4975974.817999872,526254.8331955806,33.41344307092667,36.23122109945744,35.25845552217537,30.191402608491444,33.77363057526273,30.36,0.41205533596837945,18.05,10.877709,5.28,12.665,15.04,16.6595
c_200_121,circle,200,25,4976208.282,526366.4201543919,74.31326296372472,78.62070981989615,71.97500027212556,71.30238220936204,74.05283881627712,50.325,0.9637357178340785,20.59,9.794979,7.49,9.33,11.53,16.91
c_200_122,circle,200,25,4976212.696000127,526363.2131955806,67.32839946737134,75.56602972031827,69.17283495235752,65.65480730924034,69.43051786232186,48.775,0.9543823680164019,18.88,9.109731,7.68,9.07,10.38,14.681
c_200_123,circle,200,25,4976211.010002105,526358.0242272234,58.80457317366228,65.236800426171,59.473252107134286,57.04404323284267,60.139667234952555,48.275,0.953081305023304,18.88,9.170678,6.75,8.845,11.157499,15.58
c_200_124,circle,200,25,4976205.553997895,526358.0242272234,98.97157597010732,111.90730263325096,101.62697263395637,96.08146177784499,102.14682825378992,50.375,0.9593052109181142,20.86,10.331432,6.78,10.0,13.86,17.59
c_200_125,circle,200,25,4976203.867999872,526363.2131955806,109.83813212072555,122.82872461168445,110.08601308618273,105.80275418513145,112.13890600093104,52.31,0.9489581341999618,20.86,10.996226,7.45,10.89,14.8225,18.06
c_200_126,circle,200,29,4975605.615,524631.4931543919,164.7625936864303,178.95949691467425,181.3443076260242,154.9173366866415,169.99593372844257,20.715,0.8846246681148926,26.08,16.249765,12.95,18.06,20.46,23.08
c_200_127,circle,200,29,4975610.029000128,524628.2861955806,167.89303670264647,182.41918624513048,184.6850591439291,157.86437173089584,173.21541345565046,21.155,0.8768612621129757,23.26,15.550548,11.9825,17.22,19.76,21.71
c_200_128,circle,200,29,4975608.343002105,524623.0972272233,201.51747003502834,218.6922480424964,222.0547667357091,189.4995414422492,207.94100656387076,19.11,0.8558346415489273,24.86,17.719622,15.92,19.37,21.04,22.79
c_200_129,circle,200,29,4975602.886997895,524623.0972272233,144.2219749196064,156.5764231592616,159.02958567573228,135.5001371730305,148.8320302319077,17.9,0.8916201117318435,25.21,17.4514,15.455,19.36,21.2,23.0
c_200_130,circle,200,29,4975601.200999873,524628.2861955806,192.65035147180842,209.16541568125717,212.4173014627932,180.98261367935092,198.80392057380246,18.9,0.8656084656084656,26.08,17.830425,15.94,19.56,21.3825,23.464499
c_200_131,circle,200,30,4977166.833,524597.4401543919,160.69329349115253,172.26543749595677,175.54043404610468,153.980506489086,165.619917880575,40.925,0.7880268784361637,16.67,7.69751,4.56,7.775,10.45,13.67
c_200_132,circle,200,30,4977171.247000127,524594.2331955807,76.63359403103573,86.56256025595268,88.75926193246463,77.39531332303054,82.3376823856209,40.72,0.837794695481336,16.32,8.214863,5.2,8.21,11.17,13.87
c_200_133,circle,200,30,4977169.561002105,524589.0442272234,47.710371022236515,58.371916868957065,57.57609312889454,50.936530123606964,53.64872778592377,40.895,0.8224721848636752,16.32,8.399614,5.185,8.8,11.49,13.81
c_200_134,circle,200,30,4977164.104997895,524589.0442272234,151.75607385523898,176.23856394596538,176.01615984506978,156.204340553233,165.05378454987678,38.685,0.769807418896213,15.65,7.5723104,4.15,7.74,10.76,13.12
c_200_135,circle,200,30,4977162.418999872,524594.2331955807,163.9063725175895,171.1024260294532,171.9206285597085,150.31733523530232,164.31169058551336,40.595,0.7590836309890381,16.67,7.262653,4.12,7.12,10.015,13.17
c_200_136,circle,200,31,4976243.76,524839.9112543922,223.22375120778605,237.17390570138534,232.3637622031489,211.9503604813963,226.17794489842913,60.715,0.9388948365313349,30.78,15.0334425,11.49,15.19,18.52,24.79
c_200_137,circle,200,31,4976248.174000127,524836.704295581,189.83179026362976,205.03856174794575,201.18987879600976,183.43763815762597,194.87446724130282,58.765,0.9728579937037353,30.83,17.482094,13.71,18.19,21.74,26.91
c_200_138,circle,200,31,4976246.488002105,524831.5153272237,206.57062859989483,222.69069695170387,227.82638441309086,198.10725733648485,213.7987418252936,52.02,0.985198000768935,30.4,17.850723,14.34,18.64,21.967499,26.64
c_200_139,circle,200,31,4976241.031997895,524831.5153272237,153.46015594541024,156.45891119696242,154.12258878428565,153.2826600445313,154.33107899279742,53.52,0.9677690582959642,25.87,14.980381,10.8,16.07,19.3,22.601
c_200_140,circle,200,31,4976239.345999872,524836.704295581,165.98683543499362,173.2134755192045,167.0361974347977,163.75313511096013,167.497410874989,58.205,0.9603985911863242,25.87,14.386681,10.877501,14.97,18.13,21.7805
c_200_141,circle,200,32,4975778.346899999,525032.7565543915,197.4943909077639,207.2977713930706,206.20245743849114,186.962675222729,199.48932374051364,64.41,0.9644465145163794,27.65,20.183271,17.5375,21.654999,23.46,25.37
c_200_142,circle,200,32,4975782.760900127,525029.5495955802,159.91793998315563,166.42423167669455,161.27116094017651,167.139485306556,163.68820447664567,64.235,0.973690355725072,27.65,19.425049,15.78,20.68,23.03,25.28
c_200_143,circle,200,32,4975781.074902104,525024.3606272229,231.32077206362368,226.15063173388424,219.9383937586348,224.47624691557067,225.47151111792834,66.805,0.9873512461642092,27.65,19.053782,15.4,20.64,23.03,24.804499
c_200_144,circle,200,32,4975775.618897894,525024.3606272229,270.1367931095134,277.16077383596325,273.7721057144542,251.27048148850253,268.08503853710835,65.685,0.9781533074522342,27.42,19.213118,15.83,20.78,22.91,24.35
c_200_145,circle,200,32,4975773.932899872,525029.5495955802,266.548538302846,280.30446641569387,273.8714385137034,256.3265148689088,269.262739525288,66.565,0.9613911214602269,27.32,19.605602,16.2,21.27,23.17,24.99
c_200_146,circle,200,33,4975431.0747,525201.2120543916,87.48888291690099,97.57574651881143,90.7478159149573,82.18850610087969,89.50023786288735,58.26,0.9155509783728115,21.0,12.724494,10.84,13.61,15.4,17.63
c_200_147,circle,200,33,4975435.488700127,525198.0050955804,134.53006278812902,149.7486425149943,139.92805043903508,125.82847730716503,137.50880826233083,61.835,0.9290046090401876,21.23,13.114361,10.9,13.78,16.05,18.38
c_200_148,circle,200,33,4975433.802702105,525192.8161272231,112.65032906078812,125.90970093071326,116.58883356246886,110.71602068727223,116.46622106031063,60.475,0.9389830508474576,21.25,12.762734,10.14,13.34,16.04,18.74
c_200_149,circle,200,33,4975428.346697895,525192.8161272231,199.67369520781585,222.46817777144008,207.24580188178055,191.05918429982862,205.11171479021627,60.935,0.9291868384343973,21.25,13.020683,10.4475,13.77,16.15,18.77
c_200_150,circle,200,33,4975426.660699872,525198.0050955804,58.41161242217055,65.54376184740336,60.7403060945709,58.60443268613869,60.825028262570875,58.91,0.9437277202512306,21.25,12.830105,10.46,13.6,15.67,18.71
c_200_151,circle,200,34,4975783.509400001,525505.4403543922,0.0,0.0,0.0,0.0,0.0,38.88,0.43441358024691357,33.65,22.60526,21.0925,25.445,28.58,31.491499
c_200_152,circle,200,34,4975787.923400128,525502.2333955809,0.0,0.0,0.0,0.0,0.0,35.615,0.4967008283026815,33.0,21.892838,18.87,23.46,26.74,29.551498
c_200_153,circle,200,34,4975786.237402106,525497.0444272236,103.04841456437983,111.0252440724169,111.55446842632593,98.68550802490688,106.07840877200738,42.875,0.7456559766763848,33.65,23.815351,21.39,24.79,27.79,30.77
c_200_154,circle,200,34,4975780.781397896,525497.0444272236,170.40573875713105,183.48315468983435,186.5473294112331,160.39003981752413,175.20656566893066,50.405,0.7526039083424263,33.65,24.821981,23.0,26.4,28.83,31.25
c_200_155,circle,200,34,4975779.095399873,525502.2333955809,164.32228766820188,177.04045918626196,179.47606609133587,155.4338829920155,169.06817398445378,47.765,0.6037893855333403,33.65,23.56257,22.1775,25.64,28.2025,30.83
c_200_156,circle,200,35,4975143.703,524717.460754392,35.57546869263871,63.618041209082065,62.142735738630165,57.39041566067571,54.68166532525666,13.71,0.6849015317286652,25.83,14.042236,10.47,14.425,18.11,22.37
c_200_157,circle,200,35,4975148.117000127,524714.2537955807,18.298250265277535,43.63273433486097,43.812896356714724,40.82338394233971,36.641816224798234,11.085,0.7807848443843031,20.97,13.552149,10.965,14.38,17.1,19.11
c_200_158,circle,200,35,4975146.431002105,524709.0648272234,13.155558146485076,30.36952733033276,30.658575172983994,28.359308982091346,25.635742407973293,9.39,0.7545260915867945,20.62,13.120777,10.46,13.71,16.88,19.06
c_200_159,circle,200,35,4975140.974997895,524709.0648272234,21.234970483175843,24.941594125811353,24.20992345146257,21.67352444624461,23.015003126673594,9.65,0.6176165803108808,24.07,13.250981,9.605,13.585,17.9225,21.039
c_200_160,circle,200,35,4975139.288999872,524714.2537955807,25.637526672784286,38.14129038096796,36.95405729225704,33.88412579550559,33.654250035378716,15.04,0.7024601063829787,26.25,15.452091,10.89,16.0,20.36,23.897999
c_200_161,circle,200,36,4976621.261,525714.3418543919,107.04211813767145,143.80270703987588,137.69564362714473,124.36308151492597,128.2258875799045,56.95,0.8349429323968394,22.81,13.233151,8.52,14.285,17.4,21.12
c_200_162,circle,200,36,4976625.675000127,525711.1348955806,96.83623460768803,107.07360278327401,101.790058968125,90.59281254707786,99.07317722654122,49.35,0.8573454913880446,19.91,11.739759,7.8125,12.47,15.637501,17.8
c_200_163,circle,200,36,4976623.989002105,525705.9459272233,36.28383146607742,49.89908297001917,40.43171485082739,37.13563697385922,40.9375665651958,41.765,0.7721776607206992,19.21,10.280415,6.62,10.27,14.46,17.0755
c_200_164,circle,200,36,4976618.532997895,525705.9459272233,39.716662434383174,54.621490867105244,42.74630073714182,42.101544163642416,44.796499550568164,41.785,0.7538590403254757,21.88,11.266751,7.05,11.395,15.6325,18.4905
c_200_165,circle,200,36,4976616.8469998725,525711.1348955806,88.18237924308158,108.9170937514011,91.76403203437091,88.48357393966086,94.33676974212861,48.78,0.808220582205822,22.65,12.410095,7.85,12.93,16.72,19.9
c_200_166,circle,200,37,4976493.278200001,526116.5240543915,171.6169838266871,182.72929757242747,184.93372250115456,159.59616060978047,174.71904112751238,35.87,0.9151101198773348,27.58,18.788748,17.04,20.16,22.71,25.27
c_200_167,circle,200,37,4976497.692200129,526113.3170955803,221.82673903283657,239.51994367109882,246.0049391849135,206.96024061541138,228.57796562606507,33.215,0.9512268553364444,28.81,19.775434,18.1,21.25,23.51,25.79
c_200_168,circle,200,37,4976496.006202106,526108.128127223,251.4323567281123,251.7702764847114,254.7467077095345,225.21213342680042,245.79036858728963,35.15,0.9753911806543385,27.73,19.767004,18.47,21.05,23.33,25.44
c_200_169,circle,200,37,4976490.550197897,526108.128127223,324.20513317516685,302.58216007901626,304.2822250048339,282.73090802846434,303.4501065718704,37.745,0.9637038018280567,27.73,18.562956,16.35,19.64,22.46,24.88
c_200_170,circle,200,37,4976488.864199874,526113.3170955803,272.059056042611,244.35047759335652,248.4497234984661,236.06224948741655,250.23037665546258,38.35,0.9233376792698826,27.73,18.410976,16.61,20.04,22.38,24.9395
c_200_171,circle,200,38,4976145.162599999,526067.2901543921,129.64666841375072,143.54254376314537,136.61703668205445,138.89887774888666,137.1762816519593,49.725,0.8332830568124686,26.14,15.960703,13.49,16.54,18.75,22.437
c_200_172,circle,200,38,4976149.576600127,526064.0831955809,251.5391233604242,273.2340214791747,265.35887867727274,252.076470799161,260.55212357900814,53.12,0.9253576807228916,24.05,15.1708145,12.46,16.07,18.24,21.03
c_200_173,circle,200,38,4976147.890602104,526058.8942272236,160.60511185859605,173.64428139772417,169.84348899092694,159.3384062230981,165.85782211758632,48.565,0.9282405024194379,24.05,14.048366,10.86,14.585,17.64,21.06
c_200_174,circle,200,38,4976142.434597895,526058.8942272236,118.19863903493398,130.89493473893884,124.70690523991216,109.61408812091136,120.85364178367408,47.77,0.928930290977601,25.61,14.734544,11.74,15.52,18.21,21.283
c_200_175,circle,200,38,4976140.748599872,526064.0831955809,182.79384040222683,203.68621598041943,198.04004084160505,179.50607652969043,191.0065434384854,49.57,0.8428484970748437,26.14,16.243078,13.8475,17.08,19.12,22.67
c_200_176,circle,200,39,4976667.816199999,524720.5511543921,261.9728001082275,283.02497099669733,290.4998139519947,238.7016787799217,268.5498159592103,48.195,0.9217761178545493,30.84,19.794348,16.85,21.27,24.66,27.97
c_200_177,circle,200,39,4976672.230200127,524717.3441955808,33.2111424284481,41.33009198966599,34.28696646319465,34.172904794625076,35.750276418983454,36.205,0.7882889103714956,30.0,14.453499,5.27,15.805,22.78,27.2165
c_200_178,circle,200,39,4976670.544202104,524712.1552272235,11.79606850908183,12.820376332211186,11.785914187045714,12.30610707581523,12.177116526038489,32.31,0.5789229340761374,30.0,10.3602295,3.64,6.22,16.82,26.22
c_200_179,circle,200,39,4976665.088197894,524712.1552272235,137.78746739079918,148.08826978251307,152.93733882252872,122.84836252582645,140.41535963041684,36.025,0.7153365718251214,30.84,17.700521,12.78,17.585,23.99,28.55
c_200_180,circle,200,39,4976663.402199872,524717.3441955808,260.9132443955727,280.790137880623,289.65026306661616,237.7316073065349,267.2713131623367,43.305,0.9035908093753608,30.84,19.213217,14.84,20.28,24.1,28.05
c_200_181,circle,200,40,4975142.120300001,525341.0754543918,242.81302675662522,296.39994538691485,267.747639029359,235.3867783950507,260.5868473919875,58.895,0.9347143220986501,30.77,16.639685,12.13,16.52,21.35,26.105501
c_200_182,circle,200,40,4975146.534300129,525337.8684955805,317.9693277648518,380.77754041684534,346.5485837086301,303.75133288887423,337.2616961948004,53.44,0.9223428143712575,30.77,17.394241,12.61,17.03,22.5675,28.27
c_200_183,circle,200,40,4975144.848302106,525332.6795272232,294.8093287483787,341.930095441806,320.51315718703734,279.1330960720203,309.0964193623106,55.61,0.9083797878079483,30.77,16.302555,11.31,16.18,20.884998,28.208
c_200_184,circle,200,40,4975139.392297897,525332.6795272232,211.34967347678528,262.554675546261,228.42524079074929,209.1443691609191,227.86848974367865,58.62,0.9056635960423064,30.48,14.985015,10.91,15.03,19.28,23.3715
c_200_185,circle,200,40,4975137.706299874,525337.8684955805,165.25334669967094,206.5152836279799,180.00661294352327,163.85074798851534,178.90649781492235,60.18,0.9054503157195082,30.45,15.924778,11.68,16.16,20.54,23.9
c_200_186,circle,200,41,4975247.676100001,526356.5737543919,170.5567170010445,189.18930788388252,184.89476281203,164.61855635644662,177.31483601335088,33.865,0.8288793739849402,30.56,16.174673,8.2725,17.755001,23.93,27.627
c_200_187,circle,200,41,4975252.090100128,526353.3667955806,195.75059372068972,217.75111018823594,209.29854553145972,192.09189194681514,203.72303534680015,31.085,0.8156667202830947,30.56,16.713947,7.675,19.55,24.89,28.244999
c_200_188,circle,200,41,4975250.404102106,526348.1778272233,185.8757939645957,207.4843965728084,200.4685678473228,178.61929686755565,193.11201381307063,32.82,0.8176416819012797,30.56,16.04713,7.395,16.68,24.45,27.817
c_200_189,circle,200,41,4975244.948097896,526348.1778272233,277.09640916472915,303.6931796283423,303.5837912378927,261.7908305532046,286.5410526460422,33.53,0.8813003280644199,29.81,15.170892,8.14,15.155,22.137499,26.1
c_200_190,circle,200,41,4975243.262099873,526353.3667955806,292.1194677750702,321.0265365592529,317.9431724836848,278.2447306881323,302.33347687653503,31.115,0.8778724088060421,27.42,13.148148,8.095,11.39,18.36,24.64
c_200_191,circle,200,42,4976260.5759,526710.2763543923,205.5081254029309,223.8299236631708,223.67356814694767,193.13034393501712,211.53549028701661,17.235,0.9300841311285175,27.51,15.969373,12.4025,16.17,20.01,24.1175
c_200_192,circle,200,42,4976264.989900127,526707.069395581,136.41276853670504,149.84949509592883,146.6162398428463,129.70322737923135,140.6454327136779,17.14,0.9241540256709452,27.51,15.150379,11.98,15.31,18.622501,22.3065
c_200_193,circle,200,42,4976263.3039021045,526701.8804272237,61.58459270918671,68.45334461122104,64.29218550367162,59.573381450330764,63.47587606860254,15.66,0.913154533844189,21.57,14.3823,11.907499,15.23,17.43,19.791
c_200_194,circle,200,42,4976257.847897895,526701.8804272237,83.91751577907408,93.57454902225298,87.09248897638463,80.0445312579228,86.15727125890862,15.82,0.911504424778761,22.05,14.791411,12.5175,15.71,17.7225,19.678501
c_200_195,circle,200,42,4976256.161899872,526707.069395581,82.29731812367255,90.74096200291663,87.59225395987583,78.84353629307667,84.86851759488543,15.605,0.9051586030118551,23.53,15.10435,12.86,15.84,18.17,19.998
c_200_196,circle,200,43,4976353.940300001,526485.1914543922,139.5894308014594,155.95712762156103,144.3564010926794,134.03549017608864,143.48461242294712,53.615,0.9651217010165066,23.81,15.237985,12.78,15.9,18.6,21.62
c_200_197,circle,200,43,4976358.354300128,526481.9844955809,186.397903341612,190.77452800554386,180.2377505479003,172.64152053878075,182.51292560845923,54.175,0.9626211352099677,23.77,15.9364395,13.09,17.16,19.73,22.1
c_200_198,circle,200,43,4976356.668302106,526476.7955272236,162.64474223392932,167.10093684480796,158.2067572836695,150.02834545135033,159.4951954534393,56.55,0.9377541998231653,25.11,16.120277,12.61,17.54,20.22,22.35
c_200_199,circle,200,43,4976351.212297896,526476.7955272236,132.68737741109192,148.62949256957017,138.17884142056397,126.45857850223571,136.48857247586545,57.13,0.9513390512865395,26.25,16.399826,13.05,17.01,20.45,23.7055
c_200_200,circle,200,43,4976349.526299873,526481.9844955809,173.27903908716053,185.24729033613113,173.55017380761606,162.82958410831893,173.72652183480668,58.615,0.9550456367823936,26.05,15.774526,11.73,16.62,20.02,23.46
c_225_001,circle,225,1,4974552.016,525146.0941562469,185.28950865129787,203.05448920589197,205.67109000523408,171.9887366969176,191.50095613983538,48.23111111111111,0.7159049023221526,28.8,20.325384,18.98,21.8,24.2,26.5
c_225_002,circle,225,1,4974555.969690538,525143.2216319286,93.86176363203,101.69412251025258,103.48983308262709,87.39692556709727,96.61066119800174,44.17333333333333,0.7420263608008854,28.8,20.025715,17.46,21.42,23.72,26.0
c_225_003,circle,225,1,4974554.459515133,525138.5737899481,185.26930049358657,203.6486543287241,203.46637280693787,173.09664350658915,191.37024278395944,46.595555555555556,0.8786722624952308,28.8,19.598415,16.935001,21.37,23.7225,26.1145
c_225_004,circle,225,1,4974549.572484867,525138.5737899481,167.63455151204107,188.35576436223263,183.88591161939462,160.7365276508241,175.1531887861231,44.63111111111111,0.9225253933479387,28.26,18.9983,16.84,20.71,23.23,25.7
c_225_005,circle,225,1,4974548.062309462,525143.2216319286,180.44319184350536,202.24909084612463,198.5823707200621,172.6472470233304,188.48047510825563,50.12,0.8529750820253613,28.8,18.800177,16.04,20.23,23.04,26.07
c_225_006,circle,225,2,4975569.679,524909.6091562469,82.92034176162514,91.13924909661101,90.35222773589754,76.09218486179464,85.12600086398209,47.208888888888886,0.731783091696479,33.17,19.46672,12.24,21.04,25.72,30.32
c_225_007,circle,225,2,4975573.632690538,524906.7366319286,22.373597748065073,25.066229435347967,23.10639217816291,21.365886046543775,22.978026352029932,47.07555555555555,0.7066654078549849,31.64,16.109566,9.93,15.32,22.5,28.49
c_225_008,circle,225,2,4975572.122515133,524902.0887899481,120.93769470880534,132.6698972238416,132.30433425826695,113.58169305351012,124.87340481110598,53.26222222222222,0.8001502002670227,31.7,17.883339,9.81,19.81,24.57,28.89
c_225_009,circle,225,2,4975567.235484866,524902.0887899481,297.6353447319482,325.1558648389303,324.5684579458663,270.927577380415,304.57181122428995,52.47555555555556,0.8628779537562463,32.12,21.021515,17.79,23.2,26.71,29.96
c_225_010,circle,225,2,4975565.725309461,524906.7366319286,180.45965754569548,197.27508877611467,196.00458505542815,163.57345032817852,184.3281954263542,44.937777777777775,0.8074374443675205,32.86,21.82793,19.71,23.75,26.89,30.038502
c_225_011,circle,225,3,4975188.667,525010.1051562468,158.90115508676652,195.4939926858014,168.3959049211877,158.3946625015613,170.29642879882925,53.55111111111111,0.8232218441364428,26.3,11.287744,7.25,9.32,14.35,23.691
c_225_012,circle,225,3,4975192.620690539,525007.2326319285,207.65398930793904,237.9393854981857,222.19677724832496,199.71179610306626,216.87548703937898,54.30222222222222,0.7934195449337044,27.45,13.533315,7.91,11.36,20.02,24.77
c_225_013,circle,225,3,4975191.1105151335,525002.5847899481,124.77740072534635,141.95806908936137,122.01159358381418,120.93717040239235,127.42105845022854,50.66222222222222,0.7471708044565313,26.3,11.16489,6.94,9.27,14.84,23.86
c_225_014,circle,225,3,4975186.223484867,525002.5847899481,135.55897142961751,159.51055456454645,130.3346802853941,134.04951670054277,139.86343074502523,48.91111111111111,0.7765561108587006,24.86,10.407093,7.12,9.31,13.8,19.2775
c_225_015,circle,225,3,4975184.713309462,525007.2326319285,88.5615209492039,121.09985720210378,90.41765895999042,88.29701251633836,97.09401240690912,47.986666666666665,0.799296100768732,23.8,9.092653,6.6925,8.67,10.88,15.94
c_225_016,circle,225,4,4974882.089,525129.1171562468,117.85758608655796,131.94882783874672,127.26239694710598,115.49844686574883,123.14181443453987,53.24,0.8173470239585942,21.96,9.929613,5.95,9.2,13.52,18.48
c_225_017,circle,225,4,4974886.042690538,525126.2446319285,148.2331851262262,163.5085969354458,162.43482716037386,141.0531666377889,153.80744396495868,51.995555555555555,0.8888793914009745,23.55,10.332565,5.78,10.03,14.54,18.781
c_225_018,circle,225,4,4974884.532515133,525121.5967899481,126.10724155714749,139.1438948866374,138.6572363574696,119.24681049935963,130.78879582515353,49.04,0.9010331702011963,22.83,10.129294,5.71,10.36,14.22,17.5595
c_225_019,circle,225,4,4974879.645484867,525121.5967899481,73.70725438586842,82.79665628238517,78.06674777717899,72.68018248826942,76.81271023342549,49.586666666666666,0.8963879178990768,21.21,10.244518,6.6,10.29,13.48,17.65
c_225_020,circle,225,4,4974878.1353094615,525126.2446319285,62.246716457875294,69.15376283583936,65.09820552456542,61.71152770190203,64.55255313004552,48.937777777777775,0.8054672600127145,19.34,8.880442,5.59,8.28,12.06,15.76
c_225_021,circle,225,5,4975907.399,524773.2131562468,68.51757011903206,84.17954415445126,71.00480766782265,68.28469713331779,72.99665476865593,45.38666666666666,0.8070896983940462,28.425,12.92011,7.655,13.525,17.365,21.374
c_225_022,circle,225,5,4975911.352690538,524770.3406319285,67.77083846873421,78.63885519338056,71.80050585858022,68.99482276881994,71.80125557237872,48.87111111111111,0.8733175700254638,25.435,12.982827,8.735,13.575,17.575,20.825
c_225_023,circle,225,5,4975909.842515133,524765.6927899481,67.13587228148803,84.35932689967143,80.41567003387152,76.77301329894804,77.17097062849476,48.635555555555555,0.9035913369277163,23.325,12.988158,9.015,13.995,17.295,20.0915
c_225_024,circle,225,5,4975904.955484867,524765.6927899481,165.26710056646763,203.4373905471665,187.14639556042658,172.5321065559322,182.09574830749824,51.47555555555556,0.8887929545847004,24.195,13.130373,9.395,13.545,17.185,21.145
c_225_025,circle,225,5,4975903.445309462,524770.3406319285,128.84707378863513,139.25218897002603,127.01804344975996,127.77281654582261,130.72253068856094,51.617777777777775,0.8283967625279834,30.355,14.280996,10.165,13.905,19.135,25.335
c_225_026,circle,225,6,4976225.143,524511.9931562468,73.29713330552943,83.37660396940201,73.358040375847,69.31719176700446,74.83724235444572,17.764444444444443,0.9682261696272204,26.2,15.257843,12.38,15.1,18.6175,22.81
c_225_027,circle,225,6,4976229.096690538,524509.1206319286,87.86044976924927,99.7202300942181,88.79183927621182,82.0455318322085,89.60451274297192,16.67111111111111,0.9674753399093575,26.57,15.363536,12.96,15.67,18.11,21.616001
c_225_028,circle,225,6,4976227.586515133,524504.4727899481,187.92112552392166,208.8304144741923,198.29617113132952,174.59018293825932,192.40947351692571,19.315555555555555,0.9399447768062587,26.21,15.715669,13.53,16.14,18.26,22.67
c_225_029,circle,225,6,4976222.699484867,524504.4727899481,182.83958163984352,205.6913116283093,188.38654347312198,171.09372068141536,187.00278935567252,18.42222222222222,0.9307599517490953,26.59,16.551432,14.0625,16.8,19.42,23.461498
c_225_030,circle,225,6,4976221.189309462,524509.1206319286,252.9031315071198,277.76170168956946,272.1889494607938,235.7155435396834,259.64233154929167,19.92888888888889,0.9589652096342551,26.7,16.377245,13.2,16.52,19.9525,23.86
c_225_031,circle,225,7,4976269.182,525028.7381562468,234.2920240729316,272.36318531617553,259.2347163240981,212.71421573037568,244.65103536089524,60.62222222222222,0.930425219941349,23.14,15.451658,12.41,15.06,19.2,21.835
c_225_032,circle,225,7,4976273.135690538,525025.8656319286,177.56265018593962,233.0959746854994,201.65770013667057,170.56834754856118,195.7211681391677,59.24444444444445,0.9319579894973743,23.14,14.974841,11.94,14.71,18.84,21.8
c_225_033,circle,225,7,4976271.625515133,525021.2177899481,83.03035018436171,117.20467025073445,90.29970005398475,87.50229980905709,94.5092550745345,52.26222222222222,0.9662386257334807,27.19,12.866886,10.25,12.63,15.3,20.5795
c_225_034,circle,225,7,4976266.738484867,525021.2177899481,71.22610282557564,94.98547752786975,76.88722721515606,75.78839482637771,79.72180059874479,47.60888888888889,0.9587378640776699,25.95,11.985927,9.62,12.16,14.0275,18.94
c_225_035,circle,225,7,4976265.228309462,525025.8656319286,152.2032267115678,167.2585122351528,151.8223492233494,150.31719123763824,155.40031985192707,55.39111111111111,0.9560298483511193,24.51,14.143105,11.4,13.62,17.485,21.61
c_225_036,circle,225,8,4976535.25,524987.9101562469,99.28767628378962,108.94568386218147,103.41770635820194,90.7422012978838,100.59831695051422,57.24888888888889,0.9245400201847682,26.58,11.877262,8.01,10.58,16.01,21.88
c_225_037,circle,225,8,4976539.203690538,524985.0376319286,91.86969092383897,100.76589926446741,96.00442447073952,83.14521093617304,92.94630639880474,53.4,0.9149396587598835,28.3,12.602798,8.17,11.24,17.54,23.294
c_225_038,circle,225,8,4976537.693515133,524980.3897899481,79.53326092990453,83.14413374063393,77.84593334693365,68.29229758159559,77.20390639976694,52.888888888888886,0.8831932773109243,33.4,14.678881,9.03,14.22,19.06,27.8
c_225_039,circle,225,8,4976532.806484867,524980.3897899481,85.31657217612315,89.4344714099691,83.7939933763025,75.16802368497501,83.42826516184245,59.782222222222224,0.852576016653037,33.06,13.2811575,8.3675,13.51,17.8,23.75
c_225_040,circle,225,8,4976531.296309462,524985.0376319286,72.75576026652786,76.86186781022086,70.40637496256737,64.71076149270884,71.18369113300623,60.04,0.894810866829521,30.71,13.608468,8.48,13.12,18.01,25.193
c_225_041,circle,225,9,4976764.273,524975.4211562468,241.91980158730667,292.63933232582,262.6900205599211,201.20002895245548,249.61229585637582,53.373333333333335,0.9345490881838621,32.98,16.049614,10.49,15.48,21.2,28.77
c_225_042,circle,225,9,4976768.226690538,524972.5486319285,173.3020146107464,203.41148038924638,189.12489032824826,147.95740616265937,178.4489478727251,53.12444444444444,0.9250397389776626,32.98,16.726252,11.29,16.45,21.92,28.83
c_225_043,circle,225,9,4976766.716515133,524967.9007899481,86.09137134915014,92.41713451532598,96.06117900401475,77.44208169786853,88.00294164158984,49.53333333333333,0.7928218932256618,32.98,16.506977,9.4275,15.995,23.555,29.494999
c_225_044,circle,225,9,4976761.829484867,524967.9007899481,196.64806385043573,217.44227738007513,217.16323704690262,175.45614888646807,201.6774317909704,55.87111111111111,0.7658101980749343,32.98,15.763059,9.36,14.74,22.6,29.647
c_225_045,circle,225,9,4976760.319309462,524972.5486319285,193.5669163905355,229.62184256811184,210.81473552930856,163.56579500427625,199.39232237305805,54.702222222222225,0.823123171920702,32.98,14.21268,9.37,13.16,18.275002,26.724998
c_225_046,circle,225,10,4975957.068,525214.6341562468,204.20940858229096,235.0904313120751,212.43478137341464,203.40104263535062,213.78391597578286,56.275555555555556,0.9726741431053546,23.6,14.222837,11.78,14.76,17.11,19.46
c_225_047,circle,225,10,4975961.021690538,525211.7616319285,297.1892305874798,346.9147477560264,310.1149549680229,298.54518685103477,313.19103004064095,55.19111111111111,0.9680302786277983,23.6,16.11268,14.51,16.82,18.3,20.02
c_225_048,circle,225,10,4975959.511515133,525207.113789948,270.1387135519702,314.35160550210065,280.39284580388903,283.80836117393255,287.1728815079731,53.208888888888886,0.9580688272636151,23.6,16.774057,15.54,17.31,18.57,20.275501
c_225_049,circle,225,10,4975954.624484867,525207.113789948,218.4255119926722,252.2272494980228,225.7578623924799,234.03639722783595,232.6117552777527,53.50666666666667,0.9683528532270123,23.6,15.970192,13.98,16.65,18.41,20.2
c_225_050,circle,225,10,4975953.114309462,525211.7616319285,211.37123465568334,240.79568279805247,218.1948874990913,222.28877195585648,223.16264422717086,57.675555555555555,0.9761886414425522,23.6,14.374669,12.19,14.71,16.9925,19.5065
c_225_051,circle,225,11,4975613.36,525392.3771562468,226.87303984205002,255.37465442993667,241.11971331905846,218.85752754605195,235.55623378427427,64.24,0.8673723536737236,30.12,16.857063,12.62,16.52,21.97,26.71
c_225_052,circle,225,11,4975617.3136905385,525389.5046319285,229.64616747051184,256.2215732047464,243.77590598945233,221.4566018850479,237.77506213743962,66.50666666666666,0.8267842822774659,28.96,16.13874,12.42,16.12,19.71,25.74
c_225_053,circle,225,11,4975615.803515133,525384.8567899481,132.96497603510008,151.41874328235156,135.9022382499742,133.30325396775788,138.39730288379593,57.044444444444444,0.8776003116478379,27.5,12.905093,9.08,13.37,16.42,19.81
c_225_054,circle,225,11,4975610.916484867,525384.8567899481,132.81757191560746,152.92436491431334,135.05192631671702,137.642575305815,139.60910961311322,55.733333333333334,0.9385964912280702,27.62,12.942173,8.95,13.26,16.4175,19.73
c_225_055,circle,225,11,4975609.406309462,525389.5046319285,263.6911289655109,295.7632137680024,277.86249591614774,260.4214884065631,274.4345817640561,64.31555555555556,0.9457535761177528,28.96,14.683144,10.47,14.82,18.35,25.55
c_225_056,circle,225,12,4975652.244,525882.5211562468,172.8123201485094,175.26121660173368,159.20144998461325,168.49367683928654,168.94216589353573,45.977777777777774,0.9400676655389076,26.06,15.584023,11.75,15.98,19.66,23.61
c_225_057,circle,225,12,4975656.197690538,525879.6486319285,172.2427566684418,177.30837656074047,159.47620043556,162.68982420412786,167.92928946721753,43.791111111111114,0.9337257688013803,26.27,15.891527,11.84,16.0,20.58,24.220499
c_225_058,circle,225,12,4975654.687515133,525875.000789948,182.44916817193717,179.63323290679824,162.24393273185072,174.12755851319508,174.6134730809453,43.91111111111111,0.9203441295546558,26.27,17.011292,12.02,18.48,22.12,24.67
c_225_059,circle,225,12,4975649.800484867,525875.000789948,201.99335604799955,195.14189173157945,176.23377515046312,185.2982757263826,189.66682466410617,42.18222222222222,0.9178168791486672,26.27,16.934801,12.23,18.35,21.634998,24.47
c_225_060,circle,225,12,4975648.290309462,525879.6486319285,237.29053883038546,218.7823619740352,205.4147683346881,216.41648964097155,219.4760396950201,45.96888888888889,0.912114473556995,25.91,16.542469,12.11,17.97,21.23,24.21
c_225_061,circle,225,13,4975983.789,525691.7301562468,199.85305631918288,218.0469206032012,219.09558736327313,184.99890322273825,205.49861687709887,44.431111111111115,0.8785635690707212,31.12,16.581375,9.835,16.88,23.68,27.56
c_225_062,circle,225,13,4975987.742690538,525688.8576319285,128.79267886243926,141.36695523457146,141.03169971244992,118.66857073439473,132.46497613596384,44.666666666666664,0.93681592039801,31.2,16.660856,10.78,16.45,23.32,27.24
c_225_063,circle,225,13,4975986.232515133,525684.2097899481,123.59154916113826,136.81050995221727,132.75224621401935,114.42008445705822,126.89359744610829,38.28888888888889,0.9713290771909461,32.11,16.569792,11.71,16.61,22.11,27.0865
c_225_064,circle,225,13,4975981.345484867,525684.2097899481,90.47150344667244,98.47829170476872,98.07840315588466,84.55740059027404,92.89639972439996,33.52444444444444,0.9391488797560652,32.11,17.44476,11.467501,16.93,24.21,28.9185
c_225_065,circle,225,13,4975979.835309462,525688.8576319285,187.49578123291232,205.2663555995305,204.65655537797969,174.08322523207454,192.87547936062424,33.16444444444444,0.8604931653712141,32.11,15.039553,8.31,13.29,23.0,27.96
c_225_066,circle,225,14,4976328.71,525888.7791562468,134.63403700085468,153.29345216682225,139.7290850365714,131.37273942248103,139.75732840668235,48.43555555555555,0.8987887685813911,17.24,9.990759,8.045,10.28,12.16,14.41
c_225_067,circle,225,14,4976332.663690538,525885.9066319285,96.31181525753604,111.9522828889842,99.62438586679488,96.28916556113683,101.04441239361299,49.72,0.8761061946902655,17.53,9.944043,8.02,10.24,12.21,14.39
c_225_068,circle,225,14,4976331.153515133,525881.2587899481,105.89796891399665,123.01847584075693,109.69415370179567,105.11439810045216,110.93124913925035,43.76888888888889,0.8872867587327377,17.88,10.483379,8.6325,10.89,12.73,14.73
c_225_069,circle,225,14,4976326.266484867,525881.2587899481,110.2015334531853,128.77869317295844,114.12733032901237,109.51500219530077,115.65563978761422,38.964444444444446,0.8980266910003422,17.88,10.51006,8.54,10.72,12.78,15.26
c_225_070,circle,225,14,4976324.756309462,525885.9066319285,116.97520505755895,137.04822545447942,121.04766404637621,117.13113049549767,123.05055626347806,42.17333333333333,0.8976709874591633,17.24,9.816429,7.69,10.09,12.08,14.45
c_225_071,circle,225,15,4976514.12,524478.1471562468,93.7454956366129,105.61903131190863,94.16625991010898,93.1303407838724,96.66528191062572,16.346666666666668,0.8607939097335509,22.61,13.949161,11.4125,14.395,17.09,19.8275
c_225_072,circle,225,15,4976518.073690538,524475.2746319285,81.39604677348048,90.49847644294786,83.67150713273963,82.45779255610664,84.50595572631866,16.43111111111111,0.8274276440357047,22.61,14.106009,11.27,14.61,17.35,19.970999
c_225_073,circle,225,15,4976516.563515133,524470.6267899481,60.59130071965776,66.77424315691835,63.14248128077929,60.81802757259816,62.83151318248839,18.377777777777776,0.8123337363966142,22.61,13.531059,10.4,14.01,16.87,19.841
c_225_074,circle,225,15,4976511.676484867,524470.6267899481,114.65509997497793,128.808997557428,116.248149779451,113.71731966319133,118.35739174376207,18.11111111111111,0.8608588957055214,22.61,13.560541,11.137501,14.29,16.7,19.66
c_225_075,circle,225,15,4976510.166309462,524475.2746319285,129.5264733057093,146.23421414071657,131.23918713435543,126.93883204132626,133.4846766555269,17.044444444444444,0.8735332464146024,22.61,12.957782,10.88,13.53,15.7,19.035501
c_225_076,circle,225,16,4975318.712,525557.1821562469,138.22863406752379,150.07914290928363,152.41109128516902,129.8439762217603,142.64071112093418,69.57777777777778,0.8985627595017567,22.29,15.418862,13.8,16.02,17.76,19.61
c_225_077,circle,225,16,4975322.6656905385,525554.3096319286,120.08065455441213,130.0847714960035,132.7116635839745,112.63614957339803,123.87830980194704,65.08888888888889,0.8602253328781154,22.29,15.586061,13.89,16.07,17.87,19.73
c_225_078,circle,225,16,4975321.155515133,525549.6617899481,109.42926679027195,118.6041896245621,119.66204474885389,104.65767181923479,113.08829324573068,71.7688888888889,0.8072207084468664,22.97,16.278536,14.64,16.59,18.33,20.63
c_225_079,circle,225,16,4975316.268484867,525549.6617899481,132.1522756797218,143.34794349377512,144.64025444675448,125.74994253887239,136.47260403978095,73.21333333333334,0.7946336429308566,22.97,16.139465,14.59,16.69,18.34,20.55
c_225_080,circle,225,16,4975314.758309462,525554.3096319286,144.87061763068647,157.44100337948896,159.57645814386976,135.5706760426146,149.36468879916492,70.63111111111111,0.8583564057387365,22.29,15.785635,14.2,16.42,18.28,20.01
c_225_081,circle,225,17,4975371.046,526082.0491562468,110.43453074078298,127.49186265205671,114.05788243984831,107.61851929742107,114.90069878252727,33.73777777777778,0.7856672375181135,19.35,12.407219,10.3975,13.16,14.93,16.86
c_225_082,circle,225,17,4975374.999690538,526079.1766319285,108.72839155541898,124.74860202634929,112.2371797026264,108.21668790846749,113.48271529821554,36.04888888888889,0.8264085809394649,19.35,12.459069,10.61,13.07,14.86,16.86
c_225_083,circle,225,17,4975373.489515133,526074.5287899481,109.00721210658739,125.81770436121141,113.84580107723514,106.83687793653809,113.876898870393,33.19111111111111,0.8843063738618104,19.51,12.337996,9.97,13.14,15.25,17.31
c_225_084,circle,225,17,4975368.602484867,526074.5287899481,101.63005850236456,117.39540854311147,107.77708754418681,98.0784700803504,106.22025616750332,29.448888888888888,0.8607002716571084,19.51,12.692854,10.36,13.73,15.44,17.44
c_225_085,circle,225,17,4975367.092309462,526079.1766319285,104.98154683957246,122.30605166914258,111.38338785871278,102.07893447461541,110.18748021051081,31.764444444444443,0.7778088708549041,19.51,12.214047,9.67,13.06,15.08,17.341
c_225_086,circle,225,18,4975406.248,526553.2031562468,74.07497287823941,81.70472447750412,78.01257494649808,67.64326312970775,75.35888385798734,47.09777777777778,0.7032178918561857,18.15,8.250081,5.5475,8.06,10.0525,15.86
c_225_087,circle,225,18,4975410.201690538,526550.3306319285,52.36154129176327,57.88508124625054,55.12426225829877,48.53887927305629,53.477441017342215,51.20444444444445,0.651679541706449,19.63,7.86994,5.16,7.68,9.61,15.03
c_225_088,circle,225,18,4975408.691515133,526545.6827899481,45.271291565415474,50.11676375035755,47.38074729349737,42.02650570974056,46.19882707975273,51.333333333333336,0.6385281385281385,19.89,8.796678,5.55,8.52,11.684999,15.85
c_225_089,circle,225,18,4975403.804484867,526545.6827899481,107.61948755998675,121.6599423319066,112.63377444831607,99.89799266796379,110.45279925204329,53.742222222222225,0.6974859411180946,19.89,9.306464,6.0,8.99,12.5675,16.61
c_225_090,circle,225,18,4975402.2943094615,526550.3306319285,103.34312891012658,114.28485526686268,107.99081067834678,96.20772631654157,105.45663029296941,44.59111111111111,0.7156383933021031,18.35,8.314411,5.32,7.995,10.55,16.25
c_225_091,circle,225,19,4975693.698,526340.5371562468,204.8389012167422,235.39675364902212,218.81916995178074,184.4102582359774,210.8662707633806,43.50222222222222,0.8873109930527177,24.73,15.05682,12.08,16.18,19.25,21.98
c_225_092,circle,225,19,4975697.651690538,526337.6646319286,124.41462538599976,134.83221786903462,131.26697269468892,117.04258498819405,126.88910023447933,44.16444444444444,0.9154674449028882,24.69,13.274185,9.39,14.1,17.33,21.11
c_225_093,circle,225,19,4975696.141515133,526333.0167899481,65.0729252539489,70.01794585749062,67.0108716571326,63.789697700865176,66.47286011735933,43.0,0.918656330749354,25.41,13.2745285,9.82,13.87,17.09,20.85
c_225_094,circle,225,19,4975691.254484867,526333.0167899481,148.948956739023,177.7753769801608,155.7044700997752,126.78446002125423,152.30331596005328,43.06666666666667,0.9235294117647059,27.48,14.700143,11.06,15.52,18.98,22.92
c_225_095,circle,225,19,4975689.744309462,526337.6646319286,135.37004785166855,157.09585848910993,141.05486834621888,119.08420115769505,138.1512439611731,42.51111111111111,0.89022477783586,23.71,14.084658,10.96,14.86,17.94,20.813
c_225_096,circle,225,20,4976026.288,526565.1191562469,156.27570938658988,182.40211228695387,158.03438497813747,173.58058385334965,167.5731976262577,52.55555555555556,0.9503594080338267,22.13,13.37176,10.93,14.01,16.37,18.88
c_225_097,circle,225,20,4976030.241690538,526562.2466319286,206.37103441738412,234.4356651427194,209.68588083691282,218.85026031796133,217.33571017874442,55.00888888888889,0.9197705421346045,22.68,13.387051,10.6475,14.07,16.85,19.56
c_225_098,circle,225,20,4976028.731515133,526557.5987899482,184.82256503638212,216.02671069439964,187.8725682244757,202.9446159631162,197.91661497959342,55.208888888888886,0.926662373208823,22.68,13.483879,10.27,14.21,17.19,19.85
c_225_099,circle,225,20,4976023.844484867,526557.5987899482,165.33251268244044,193.67886977903237,166.6807569420099,189.23409009743725,178.73155737523,53.55555555555556,0.9383402489626556,21.4,13.364416,10.43,14.22,16.82,18.997
c_225_100,circle,225,20,4976022.3343094615,526562.2466319286,190.22326888391729,232.52517227735927,194.67704750976057,208.29185339554556,206.42933551664566,52.093333333333334,0.9596450814776896,23.88,14.075852,11.41,14.75,17.23,19.8265
c_225_101,circle,225,21,4976291.761,525443.0451562469,195.96303530978003,221.03887283499787,208.78817466003352,194.21440507635512,205.00112197029162,60.32888888888889,0.9238249594813615,28.1,17.125868,13.82,17.8,21.19,24.6905
c_225_102,circle,225,21,4976295.714690538,525440.1726319286,238.35383968885372,265.7203207416497,258.88732166859614,233.37376405055625,249.08381153741396,61.56444444444445,0.9452064683800173,28.52,19.04806,15.43,20.83,23.11,26.23
c_225_103,circle,225,21,4976294.204515133,525435.5247899481,231.37714956478672,257.3541601011022,251.8265524073362,225.74249503753364,241.5750892776897,62.75555555555555,0.9611898016997167,28.52,18.712337,14.68,20.36,23.28,26.31
c_225_104,circle,225,21,4976289.317484867,525435.5247899481,201.3564404300973,232.07361962422874,212.56602256029066,197.9973597399065,210.99836058863082,62.17777777777778,0.9358112937812724,28.52,16.328213,11.2675,16.75,21.65,25.65
c_225_105,circle,225,21,4976287.807309462,525440.1726319286,190.0906511344873,214.78569578092245,197.4164224828467,193.73499774244823,199.0069417851762,62.022222222222226,0.9125044786814762,28.1,16.089844,11.73,16.425,20.4,25.2235
c_225_106,circle,225,22,4976583.131,525410.9321562469,50.885518766367,56.777105025476516,52.24553667483544,55.258603890045705,53.79169108918117,50.782222222222224,0.6767022580080518,29.01,15.202395,11.9,15.57,18.34,23.7945
c_225_107,circle,225,22,4976587.084690538,525408.0596319286,100.94029638637578,112.53106140031235,104.20204289088213,102.2879303768611,104.99033276360784,57.70666666666666,0.7677141096734442,22.71,13.658457,11.0175,14.54,16.46,18.92
c_225_108,circle,225,22,4976585.574515133,525403.4117899481,119.51307320464647,133.31770860176798,123.48479255973318,119.7650389749297,124.02015333526933,55.27111111111111,0.7732389835960116,22.25,12.884687,10.3375,13.82,15.92,18.74
c_225_109,circle,225,22,4976580.687484867,525403.4117899481,77.88244303279457,86.56588223796177,80.25867372641574,74.86214094741607,79.89228498614705,49.86666666666667,0.7427807486631016,23.66,12.738989,10.34,13.255,15.51,20.19
c_225_110,circle,225,22,4976579.177309462,525408.0596319286,60.62790221842262,67.37508017372085,62.309359740474754,58.774482028812265,62.271706040357614,56.04888888888889,0.7686939973039411,30.4,15.234781,11.41,14.98,19.0,25.6435
c_225_111,circle,225,23,4975689.685,526589.0241562468,182.41734049373866,195.80105573251876,198.9086382066268,165.27928211467946,185.6015791368909,50.33777777777778,0.9068514921419742,30.27,18.817465,11.02,22.45,25.49,28.15
c_225_112,circle,225,23,4975693.638690538,526586.1516319285,194.71080000486833,199.96127844204668,204.91475993053908,178.0589861031017,194.41145612013895,46.217777777777776,0.8568131551110684,30.27,19.982243,14.03,23.325,25.64,27.89
c_225_113,circle,225,23,4975692.128515133,526581.5037899481,162.3295325299323,176.07741806493917,179.8945104038674,151.82218195803125,167.5309107391925,46.45777777777778,0.7333779776140821,30.27,19.428913,11.71,23.16,25.64,28.06
c_225_114,circle,225,23,4975687.2414848665,526581.5037899481,164.40752353142807,177.04089347893682,180.16296221319777,147.05011378043739,167.165373251,48.65777777777778,0.7641578370478627,30.27,19.054707,11.67,22.28,24.9,27.61
c_225_115,circle,225,23,4975685.731309461,526586.1516319285,168.41000281268822,181.44188885350417,183.45845375219415,152.64026796252637,171.48765334522824,49.84,0.8611556982343499,30.27,18.44171,11.14,21.71,24.9,27.792
c_225_116,circle,225,24,4975979.232,526257.5561562468,118.23505730934464,119.87409779956866,115.74959383160697,91.86168517577683,111.43010852907427,43.94222222222222,0.7141701223829271,22.53,12.846073,9.47,14.19,16.85,19.25
c_225_117,circle,225,24,4975983.185690538,526254.6836319285,154.73164303842947,147.93575464316282,142.94834307344072,122.07624955887559,141.92299757847715,50.46222222222222,0.7336621454993835,26.03,14.483594,10.83,15.43,18.4,22.775501
c_225_118,circle,225,24,4975981.675515133,526250.0357899481,118.66208769282485,109.60998749569407,106.40610510942435,104.80512512037015,109.87082635457836,53.07111111111111,0.639728665940876,27.7,16.58643,12.78,17.74,21.715,24.921
c_225_119,circle,225,24,4975976.788484867,526250.0357899481,6.264871680714977,6.58753618700336,6.1371918666990775,4.583160304324286,5.893190009685425,41.74666666666667,0.4348983285425317,25.78,15.039202,11.86,14.99,20.27,23.717999
c_225_120,circle,225,24,4975975.278309462,526254.6836319285,29.700838285268148,32.20552986618439,31.34084935304477,26.836802318659064,30.021004955789095,31.426666666666666,0.4336020364870598,20.45,10.803786,5.3225,12.265,14.95,16.78
c_225_121,circle,225,25,4976208.282,526365.9361562468,102.40226585476405,110.0224084485611,101.55026165124764,97.04061643827896,102.75388809821294,51.217777777777776,0.9619923637625825,20.86,10.040927,7.62,9.47,12.09,17.2075
c_225_122,circle,225,25,4976212.235690538,526363.0636319285,61.73653212732313,69.81015477933296,63.36260608052491,60.51096832827142,63.855065328863105,48.94222222222222,0.9559571376679985,18.88,9.075201,7.5,9.0,10.41,15.18
c_225_123,circle,225,25,4976210.725515133,526358.4157899481,61.666658405136985,69.54917870639402,62.63153791443898,60.958347633116254,63.701430664771564,48.77333333333333,0.9532531437944232,18.88,9.218132,6.83,8.91,11.17,15.6
c_225_124,circle,225,25,4976205.838484867,526358.4157899481,104.84939261759459,113.3477213344342,104.16193449357253,100.02425501683652,105.59582586560947,50.45333333333333,0.9575405214940098,20.86,10.279831,6.81,9.88,13.72,17.6455
c_225_125,circle,225,25,4976204.3283094615,526363.0636319285,100.2150866548226,111.82222080287076,100.31233547469316,96.36644595598965,102.17902222209405,51.77333333333333,0.9496952528114001,20.86,10.822944,7.43,10.58,14.47,17.95
c_225_126,circle,225,29,4975605.615,524631.0091562468,161.07411844707926,174.9920714539691,177.26506727570037,151.4110362413821,166.18557335453272,20.595555555555556,0.879154078549849,26.08,16.227142,12.952499,18.03,20.46,23.04
c_225_127,circle,225,29,4975609.568690538,524628.1366319285,170.8762670629592,185.7031806218194,187.95896515203833,160.60659844440963,176.28625282030663,21.23111111111111,0.8840276324052753,24.59,15.728383,12.12,17.4,19.97,21.96
c_225_128,circle,225,29,4975608.058515133,524623.488789948,193.389483727226,209.92487279603102,213.05904662083344,181.81300720722444,199.54660258782874,19.28,0.8616874135546335,24.86,17.585218,15.65,19.265,21.02,22.77
c_225_129,circle,225,29,4975603.171484867,524623.488789948,166.24485206372984,180.45648884214916,183.34476942471088,156.23676858835202,171.57071972973546,17.79111111111111,0.8810891831126655,25.21,17.57631,15.65,19.41,21.23,23.08
c_225_130,circle,225,29,4975601.661309462,524628.1366319285,185.9668892259554,201.9314700510671,205.02424800030553,174.68079818578553,191.9008513657784,19.115555555555556,0.8614275749825622,26.08,17.797993,16.0,19.45,21.31,23.378
c_225_131,circle,225,30,4977166.833,524596.9561562468,142.8384831032467,153.12483332973932,156.03594137431526,136.87156132363202,147.21770478273334,41.16444444444444,0.7863312459511984,16.67,7.8209705,4.66,7.91,10.7,13.738999
c_225_132,circle,225,30,4977170.786690538,524594.0836319285,99.93846657131827,111.78077560141153,113.90987891052387,99.05326886803232,106.17059748782151,41.12444444444444,0.8295687885010267,16.32,8.222619,5.18,8.27,11.19,13.85
c_225_133,circle,225,30,4977169.276515133,524589.4357899481,64.25422496686049,75.52216176185782,75.35233301934062,65.81395569275519,70.23566886020353,40.791111111111114,0.8249073872303334,16.32,8.309379,5.05,8.65,11.35,13.73
c_225_134,circle,225,30,4977164.3894848665,524589.4357899481,158.01392697586127,175.9150730208069,175.99851778126575,159.19281215383683,167.28008248294267,39.284444444444446,0.7690915261907456,16.32,7.6270914,4.24,7.88,10.73,13.22
c_225_135,circle,225,30,4977162.879309461,524594.0836319285,148.23697094321605,156.6393773878659,157.71290461655408,138.10540771717288,150.17366516620223,40.093333333333334,0.7608912537412704,16.67,7.207095,4.06,7.09,9.92,13.13
c_225_136,circle,225,31,4976243.76,524839.4272562471,204.53384692371824,219.18619279979112,212.79141163987134,196.07809118131127,208.147385636173,60.6,0.9428676200953429,30.83,15.399611,11.9,15.58,18.9,25.14
c_225_137,circle,225,31,4976247.713690538,524836.5547319289,170.69962625980475,184.33733686595232,180.8318321301898,164.99703361847108,175.2164572186045,59.39111111111111,0.9722367731796753,30.83,17.37849,13.69,18.095001,21.59,26.6645
c_225_138,circle,225,31,4976246.203515133,524831.9068899484,187.5886473653311,202.2818229331739,206.6107198171548,181.77727868992054,194.56461720139507,52.37777777777778,0.9828595672464998,30.83,17.659468,14.05,18.4,21.84,26.879
c_225_139,circle,225,31,4976241.316484867,524831.9068899484,141.7782357945901,144.97949005993593,142.3129795699353,142.35576970162563,142.85661878152175,54.13777777777778,0.9683113044906001,25.87,15.2056675,11.02,16.28,19.56,22.85
c_225_140,circle,225,31,4976239.806309462,524836.5547319289,257.823278349543,272.33069901509174,271.2982957285222,243.9162512907759,261.3421310959832,57.44888888888889,0.9602351848986539,25.87,14.401743,10.7575,14.95,18.21,21.93
c_225_141,circle,225,32,4975778.346899999,525032.2725562464,184.90625151970306,194.82391035629752,193.01467219961722,177.40021573492453,187.53626245263558,64.77333333333333,0.9667901742829696,27.65,20.12059,17.362501,21.65,23.48,25.38
c_225_142,circle,225,32,4975782.3005905375,525029.4000319281,158.0968209877625,161.1081326778231,156.462589961999,162.2459993797742,159.47838575183968,63.65777777777778,0.9752845074355931,27.65,19.392471,15.89,20.64,22.93,25.18
c_225_143,circle,225,32,4975780.790415132,525024.7521899476,205.61846405655442,201.02278376345268,195.50079445211986,199.53444170272948,200.4191209937141,66.99111111111111,0.9844755523120812,27.65,19.135803,15.45,20.71,23.06,24.94
c_225_144,circle,225,32,4975775.903384866,525024.7521899476,276.86394411444684,282.78056891056775,277.85825704585164,263.86543421239696,275.34205107081584,66.06666666666666,0.9773965691220989,27.65,19.273907,15.81,20.85,23.01,24.5
c_225_145,circle,225,32,4975774.393209461,525029.4000319281,243.45187889478854,256.6842745520133,250.25308719368138,237.2778849807874,246.91678140531764,66.91555555555556,0.9639346439957492,27.32,19.572443,16.16,21.24,23.16,24.984
c_225_146,circle,225,33,4975431.0747,525200.7280562465,86.26198671489459,96.5252075460937,89.52946070823228,84.53455075019077,89.21280142985283,58.17333333333333,0.9197035678814272,21.0,12.778316,10.752501,13.65,15.53,17.8315
c_225_147,circle,225,33,4975435.028390538,525197.8555319282,124.24997925420142,138.36858360472334,129.21659388045236,116.21341100778479,127.01214193679047,60.733333333333334,0.9290889132821075,21.25,13.11144,10.87,13.75,16.06,18.5
c_225_148,circle,225,33,4975433.518215133,525193.2076899478,100.13362583181166,111.91973416063402,103.63451872219454,98.41424061090864,103.5255298313872,60.09777777777778,0.9379529655376424,21.25,12.693458,10.06,13.28,15.95,18.619001
c_225_149,circle,225,33,4975428.631184867,525193.2076899478,177.48772907361405,197.7494913523912,184.2184905615827,169.83038604429208,182.32152425797,60.266666666666666,0.9308997050147493,21.25,12.9497,10.41,13.69,16.08,18.71
c_225_150,circle,225,33,4975427.121009462,525197.8555319282,119.07733508544835,132.82729395806138,123.7236491997306,114.69394271096348,122.58055523855094,59.404444444444444,0.938874756845728,21.25,12.966118,10.65,13.72,15.83,18.73
c_225_151,circle,225,34,4975783.509400001,525504.9563562471,0.0,0.0,0.0,0.0,0.0,40.18222222222222,0.4684216347749143,33.65,22.502365,20.55,24.92,28.335,31.33
c_225_152,circle,225,34,4975787.463090539,525502.0838319288,0.0,0.0,0.0,0.0,0.0,37.83555555555556,0.5269587689416187,33.65,22.551094,19.34,23.72,27.29,30.19
c_225_153,circle,225,34,4975785.952915134,525497.4359899483,91.59859072389317,98.68910584214836,99.15952749006749,87.720451577695,94.29191890845101,42.56444444444445,0.7342591625770074,33.65,23.93767,21.6975,24.9,28.09,31.0045
c_225_154,circle,225,34,4975781.065884868,525497.4359899483,151.47176778411648,163.096137502075,165.81984836554054,142.56892428224367,155.73916948349392,49.44444444444444,0.7348314606741573,33.65,24.580845,22.825,26.41,28.84,31.22
c_225_155,circle,225,34,4975779.555709463,525502.0838319288,146.06425570506838,157.3692970544551,159.53428097007634,138.16345154845823,150.2828213195145,46.617777777777775,0.6028220040041948,33.65,23.413141,21.81,25.48,28.13,30.8
c_225_156,circle,225,35,4975143.703,524716.9767562469,31.622638837901075,56.54936996362849,55.23798732322681,51.013702809489516,48.60592473356148,13.146666666666667,0.6842461122379987,26.25,14.156996,10.55,14.61,18.2225,22.687
c_225_157,circle,225,35,4975147.656690538,524714.1042319286,17.89632965792912,41.35176241535785,41.7920079883783,38.83445874215484,34.96863970095502,10.911111111111111,0.7576374745417516,20.97,13.577209,10.887501,14.38,17.2,19.210499
c_225_158,circle,225,35,4975146.146515133,524709.4563899481,27.709255558249126,44.81630662571152,43.909868353631715,40.159834943479765,39.14881637026804,9.848888888888888,0.7450361010830325,20.72,13.171182,10.48,13.76,16.974998,19.154999
c_225_159,circle,225,35,4975141.259484867,524709.4563899481,34.482742061572765,60.898504632267304,60.100117746880926,55.32749758008617,52.70221550520179,9.982222222222223,0.6371326803205699,24.5,13.406911,9.684999,13.61,17.95,21.425
c_225_160,circle,225,35,4975139.749309462,524714.1042319286,22.78891259803048,33.90336922752707,32.84805092645071,30.1192229293383,29.914888920336637,13.982222222222223,0.6916719643992372,26.25,15.408584,10.9,15.97,20.29,23.872501
c_225_161,circle,225,36,4976621.261,525713.8578562468,97.76213281328185,130.67916847002866,124.98797589548376,113.25911950201578,116.67209917020251,55.39111111111111,0.8347909813046618,22.81,13.130911,8.27,14.095,17.3825,21.0
c_225_162,circle,225,36,4976625.214690538,525710.9853319285,90.28951627311136,99.86401932233352,94.60650981466523,85.0105372242189,92.44264565858225,48.53777777777778,0.8379269297683363,21.93,11.818931,7.825,12.61,15.76,17.88
c_225_163,circle,225,36,4976623.704515133,525706.337489948,32.25229463651327,44.35474041779482,35.93930208962435,33.00945508787486,36.38894805795182,42.44444444444444,0.7826178010471204,19.4,10.515805,6.63,10.63,14.907499,17.27
c_225_164,circle,225,36,4976618.817484867,525706.337489948,51.53423372204333,66.87946750211955,54.30348998757023,52.18106580086689,56.22456425315,42.29333333333334,0.7556746532156369,21.88,11.56858,7.18,11.8,15.93,18.73
c_225_165,circle,225,36,4976617.307309462,525710.9853319285,83.05685280484195,101.95772480429974,86.32092052482987,83.35823836039435,88.67343412359148,47.50666666666667,0.8045654411076808,22.65,12.449326,7.8975,13.01,16.76,19.92
c_225_166,circle,225,37,4976493.278200001,526116.0400562464,200.5229739181616,214.22391958676212,217.5929740913764,186.47877358639113,204.7046602956728,36.07555555555555,0.9221387212024147,27.58,18.911602,17.2,20.25,22.82,25.317999
c_225_167,circle,225,37,4976497.23189054,526113.1675319282,205.96277673306562,220.54113008714864,226.14829726011723,191.76928051679934,211.10537114928272,33.98222222222222,0.9508239602406487,28.81,19.619549,17.94,21.055,23.41,25.69
c_225_168,circle,225,37,4976495.721715135,526108.5196899477,267.34377101783724,271.23202776666926,274.97160461811495,241.37569477351602,263.7307745440344,34.96,0.971395881006865,27.73,19.693874,18.28,20.97,23.3,25.4
c_225_169,circle,225,37,4976490.834684868,526108.5196899477,296.96579374847033,276.59643356085303,277.9503291000465,259.1209848839575,277.6583853233318,37.6,0.9575650118203309,27.73,18.681198,16.56,19.79,22.61,25.11
c_225_170,circle,225,37,4976489.324509463,526113.1675319282,298.4013182886614,259.78558518685014,264.4661585436771,255.02186585890328,269.418731969523,38.404444444444444,0.9257030436292096,27.73,18.49567,16.73,20.12,22.49,25.08
c_225_171,circle,225,38,4976145.162599999,526066.806156247,180.69666264026188,197.59538002177032,191.04619994213158,182.09420521355025,187.8581119544285,49.82666666666667,0.8440817054678441,26.14,15.980452,13.56,16.65,18.79,22.279001
c_225_172,circle,225,38,4976149.116290538,526063.9336319288,228.21874675202656,248.06621287077618,240.67658337622925,228.42527868328096,236.34670542057825,53.07111111111111,0.9173436060631438,24.05,14.97833,12.16,15.9,18.13,20.9135
c_225_173,circle,225,38,4976147.606115133,526059.2857899483,153.50614929980568,166.56564167767286,161.99853206375826,151.48061509835202,158.38773453489722,48.67111111111111,0.9274038900557027,24.05,14.137484,10.99,14.75,17.7,20.9525
c_225_174,circle,225,38,4976142.719084866,526059.2857899483,145.51151146311557,160.21002336676955,155.44167930452818,137.3691958136387,149.633102487013,47.635555555555555,0.9234931890278036,25.61,14.731044,11.78,15.48,18.2,21.21
c_225_175,circle,225,38,4976141.208909461,526063.9336319288,171.7851014361163,191.3524031158317,185.44278396676688,168.4372216863413,179.25437755126404,50.17333333333333,0.8532199486225529,26.14,16.07226,13.54,16.89,19.01,22.53
c_225_176,circle,225,39,4976667.816199999,524720.067156247,232.86471120731332,251.57775199706433,258.2220568462176,212.17927002659707,238.7109475192981,46.724444444444444,0.9044991914772187,30.84,19.53428,16.11,21.06,24.52,27.91
c_225_177,circle,225,39,4976671.7698905375,524717.1946319287,130.87461449052876,145.43646243939617,143.67974847541572,120.64533752800153,135.15904073333553,36.84888888888889,0.7932698106380413,30.84,15.186378,5.61,17.02,23.59,27.67
c_225_178,circle,225,39,4976670.259715132,524712.5467899482,12.165726475735696,13.246338030220713,12.133520542554237,12.705848614417688,12.562858415732084,33.297777777777775,0.6234650293646556,30.42,11.914052,4.2,7.89,20.275002,27.03
c_225_179,circle,225,39,4976665.372684866,524712.5467899482,124.46345035428571,133.83290106046587,137.89533967314122,111.30282535088173,126.87362910969364,36.471111111111114,0.7239824518644894,30.84,17.43594,12.17,17.69,23.69,28.38
c_225_180,circle,225,39,4976663.862509461,524717.1946319287,234.77618152276386,252.7210794984867,260.2884127010586,214.29782894318885,240.5208756663745,42.45777777777778,0.8840154925154402,30.84,19.13208,14.73,20.28,24.16,28.0
c_225_181,circle,225,40,4975142.120300001,525340.5914562467,221.8321581465383,272.6470412257066,244.25036259081705,216.74975091900723,238.86982822051726,58.217777777777776,0.9312924650736697,30.77,16.652538,12.09,16.52,21.39,26.371
c_225_182,circle,225,40,4975146.07399054,525337.7189319284,282.63940245764604,338.46892481497366,308.0431855187823,270.00118479011047,299.7881743953781,53.693333333333335,0.9211985762767982,30.77,17.155375,12.42,16.77,22.0,27.996
c_225_183,circle,225,40,4975144.563815135,525333.071089948,262.0527366652255,303.93786261493864,284.90058416625544,248.11830761957356,274.7523727664983,55.40888888888889,0.9071147830271918,30.77,16.206726,11.29,16.13,20.79,27.97
c_225_184,circle,225,40,4975139.676784868,525333.071089948,187.86637642380919,233.3819338188987,203.04465848066602,185.90610592081697,202.54976866104772,58.733333333333334,0.9062429057888762,30.77,15.4077425,11.19,15.48,19.87,24.0425
c_225_185,circle,225,40,4975138.166609463,525337.7189319284,169.30358625640704,215.56448658479633,184.40625567864302,168.7398765461555,184.50355126650047,59.61333333333334,0.9053157384626854,30.77,16.020603,11.68,16.22,20.6,24.239
c_225_186,circle,225,41,4975247.676100001,526356.0897562468,196.0370642333012,216.11754517267332,213.35930239913506,187.90794986438772,203.35546541737432,33.973333333333336,0.8354264782836212,30.56,16.276867,8.372499,17.74,24.02,27.6875
c_225_187,circle,225,41,4975251.629790539,526353.2172319285,187.02147000777856,208.8497579019186,199.69758155185716,183.076801701445,194.66140279074983,30.73777777777778,0.8175245806824755,30.56,16.25585,7.5525002,18.12,24.45,28.07
c_225_188,circle,225,41,4975250.119615134,526348.569389948,221.2645675246495,244.73888707525498,240.56379605404737,210.2534044965468,229.20516378762466,32.91111111111111,0.825523295070898,30.56,16.204405,7.54,17.18,24.45,27.87
c_225_189,circle,225,41,4975245.232584868,526348.569389948,248.05354758113495,271.87428109067906,271.57234522604466,234.54203157222128,256.51055136752,33.13333333333333,0.8808853118712273,29.85,15.388884,8.245,16.14,22.48,26.31
c_225_190,circle,225,41,4975243.722409463,526353.2172319285,261.4073774569936,287.2817094737107,284.3362396667488,249.1677205810459,270.5482617946247,31.4,0.8768577494692145,29.26,13.686302,8.14,11.65,19.54,25.37
c_225_191,circle,225,42,4976260.5759,526709.7923562472,188.32085819018315,205.31408678983158,204.67389791979943,176.96643646919824,193.8188198422531,16.884444444444444,0.9252434851276652,27.51,15.942369,12.445,16.17,19.855,23.966
c_225_192,circle,225,42,4976264.529590538,526706.9198319289,125.63976055810441,138.0913034577266,134.79171997230463,119.57814628489986,129.52523256825887,17.004444444444445,0.9236800836382645,27.51,15.17073,12.08,15.42,18.53,22.4535
c_225_193,circle,225,42,4976263.019415133,526702.2719899485,54.74186018594374,60.84741743219648,57.148609336597,52.95411684473845,56.423000949868914,15.608888888888888,0.910876993166287,22.11,14.500073,12.08,15.33,17.52,20.001
c_225_194,circle,225,42,4976258.1323848665,526702.2719899485,98.93555072881874,109.64312998538725,104.17349790543696,93.98095698750522,101.68328390178704,16.053333333333335,0.9061461794019934,22.05,14.717568,12.49,15.57,17.72,19.72
c_225_195,circle,225,42,4976256.622209461,526706.9198319289,78.68010398174707,86.85092936973584,83.59607810123322,75.28869165851239,81.10395077780713,15.831111111111111,0.9017405951712522,23.53,15.13407,12.807501,15.87,18.25,20.224499
c_225_196,circle,225,43,4976353.940300001,526484.7074562471,153.86413890009828,171.88703848997065,159.20270858214462,147.2310621043119,158.04623701913135,53.84444444444444,0.9656624019810153,24.06,15.267443,12.64,15.93,18.8,21.8
c_225_197,circle,225,43,4976357.893990539,526481.8349319288,211.55973727067885,216.74176329488773,204.6239829987827,195.8132690142864,207.18468814465894,53.791111111111114,0.9619102701809469,23.77,15.92086,12.98,17.06,19.77,22.11
c_225_198,circle,225,43,4976356.383815134,526477.1870899483,173.3763706976199,179.42744233851275,169.9348870249051,160.0812454445088,170.7049863763866,56.297777777777775,0.9411857582695192,25.11,16.135092,12.76,17.47,20.17,22.36
c_225_199,circle,225,43,4976351.496784868,526477.1870899483,169.71099348595664,182.90695881169734,171.27493834053263,160.76222062175157,171.16377781498454,57.24444444444445,0.9520962732919255,26.25,16.440512,13.15,17.18,20.46,23.649
c_225_200,circle,225,43,4976349.986609463,526481.8349319288,190.06555157741988,204.82808009010907,191.73438598100427,178.47769809681756,191.27642893633768,58.49777777777778,0.9556298434888315,26.05,15.794244,11.95,16.59,19.96,23.37
c_250_001,circle,250,1,4974552.016,525145.6363794192,175.19911704531054,192.1714182864959,193.8715387700523,162.72211427516964,180.9910470942571,47.028,0.7303733945734456,28.8,20.176195,18.75,21.54,24.0,26.327
c_250_002,circle,250,1,4974555.5343189025,525143.0801711092,92.91414652796946,100.94708826042046,101.9084075397059,86.58948425833137,95.58978164660681,45.12,0.7533687943262412,28.8,19.836132,17.272501,21.4,23.7,26.05
c_250_003,circle,250,1,4974554.190440665,525138.9441391813,166.74237044422793,183.28378889585167,183.11973552624409,155.7869791559302,172.23321850556349,48.224,0.8679495686794957,29.19,19.50067,16.56,21.38,23.77,26.3185
c_250_004,circle,250,1,4974549.841559335,525138.9441391813,169.02076063355406,190.2415081498813,184.77729456395664,162.222606496189,176.56554246089524,45.216,0.9077317763623496,28.8,19.12552,16.95,20.83,23.3,25.8
c_250_005,circle,250,1,4974548.497681097,525143.0801711092,162.39887265915482,182.02418176151215,178.72413364805593,155.3825223209974,169.63242759743008,49.728,0.8444337194337195,28.8,18.923368,16.29,20.345001,23.13,25.96
c_250_006,circle,250,2,4975569.679,524909.1513794193,74.62830758546262,82.02532418694992,81.31700496230779,68.48296637561518,76.61340077758388,47.888,0.7488306047444037,33.17,19.594305,12.42,21.24,26.12,30.188
c_250_007,circle,250,2,4975573.197318902,524906.5951711092,20.136237973258567,22.55960649181317,20.79575296034662,19.2292974418894,20.680223716826937,47.908,0.728479585872923,31.7,16.59552,10.02,16.63,23.57,28.73
c_250_008,circle,250,2,4975571.853440665,524902.4591391813,108.84392523792482,119.40290750145743,119.07390083244024,102.22352374815911,112.3860643299954,52.008,0.7997231195200738,31.91,17.994064,9.84,19.87,24.79,29.04
c_250_009,circle,250,2,4975567.504559334,524902.4591391813,267.8718102587534,292.64027835503725,292.1116121512797,243.8348196423735,274.11463010186094,51.364,0.8535939568569426,32.12,20.656088,16.65,22.68,26.36,29.86
c_250_010,circle,250,2,4975566.160681097,524906.5951711092,168.80892262390006,185.22271412130414,182.68053156643197,153.50045480509382,172.55315577918248,46.496,0.8097900894700619,33.05,21.549034,19.02,23.67,26.84,30.104
c_250_011,circle,250,3,4975188.667,525009.6473794192,198.05275922488747,235.79594430147566,212.6243272745201,193.45510708634063,209.98203447180595,53.164,0.8207057407268076,26.3,11.441989,7.27,9.375,15.3,23.87
c_250_012,circle,250,3,4975192.185318903,525007.0911711091,193.74450908524307,224.61485607571137,207.1092471857567,187.0680021524493,203.1341536247901,53.236,0.7914193402960402,27.45,13.220126,7.7,10.93,19.61,24.7
c_250_013,circle,250,3,4975190.841440666,525002.9551391812,177.9042216754262,199.82413486740302,182.291239677844,170.41996678422743,182.60989075122515,51.276,0.756065215695452,26.3,11.284526,7.12,9.41,15.16,23.83
c_250_014,circle,250,3,4975186.492559335,525002.9551391812,155.85148214957627,181.01563549654688,154.01807931377706,153.22940013793018,161.0286492744576,49.684,0.7812575477014733,25.92,10.534581,7.14,9.36,13.91,19.67
c_250_015,circle,250,3,4975185.148681098,525007.0911711091,92.53199816924356,126.7274978479709,94.34531784311002,93.28553279770861,101.72258666450827,49.26,0.8006496142915144,25.35,9.408774,6.73,8.74,11.26,17.0015
c_250_016,circle,250,4,4974882.089,525128.6593794192,108.70171517033695,121.63814674667798,117.13701227640598,106.69662264289478,113.54337420907893,52.804,0.8241799863646694,21.96,9.76356,5.76,9.05,13.2925,18.27
c_250_017,circle,250,4,4974885.607318902,525126.1031711091,177.97706546968425,195.1521934640492,195.7537193730273,168.08244696018102,184.24135631673545,52.972,0.8852978932266102,23.55,10.486135,5.92,10.27,14.69,18.88
c_250_018,circle,250,4,4974884.263440665,525121.9671391812,171.2007093140109,187.8704622273594,188.44946791850234,161.50500510888446,177.25641114218928,49.64,0.9023368251410153,23.55,10.245192,5.87,10.47,14.34,17.641499
c_250_019,circle,250,4,4974879.9145593345,525121.9671391812,112.35856366845917,124.11151112646743,121.25845323048068,108.07385506895402,116.45059577359032,49.592,0.8904662042264881,21.21,10.131801,6.43,10.12,13.44,17.67
c_250_020,circle,250,4,4974878.570681097,525126.1031711091,58.247362965478395,64.66418462500128,60.79804759927364,57.84426354072059,60.388464682618476,48.572,0.8100139998352961,20.18,8.851793,5.5475,8.19,12.12,15.8325
c_250_021,circle,250,5,4975907.399,524772.7553794192,70.68559031213832,86.09342030874318,72.5685348621555,71.28330692534138,75.15771310209459,45.024,0.8112117981520967,28.425,13.016161,7.765,13.525,17.48,22.705
c_250_022,circle,250,5,4975910.917318903,524770.1991711091,60.99375462186078,70.7749696740425,64.62045527272221,62.095340491937954,64.62113001514086,48.536,0.8686335915609033,25.435,12.961513,8.885,13.565,17.505,20.755
c_250_023,circle,250,5,4975909.573440665,524766.0631391812,65.14880671294401,86.35022232488909,83.05430095911126,79.09842548982326,78.4129388716919,49.784,0.8963522416840752,23.325,13.054748,9.325,13.89,17.2075,20.1375
c_250_024,circle,250,5,4975905.224559335,524766.0631391812,155.1457132158126,190.4935609825215,174.54882626106223,162.29387502010695,170.62049386987582,51.788,0.8866146597667414,24.195,13.31382,9.6,13.815,17.355,21.205
c_250_025,circle,250,5,4975903.8806810975,524770.1991711091,124.12755730720043,134.450154638352,122.29211351056064,123.71234457778743,126.14554250847513,50.332,0.8327902725900024,30.355,14.041908,9.795,13.705,18.575,25.015
c_250_026,circle,250,6,4976225.143,524511.5353794192,136.07382438576616,150.83460338968163,143.63351935223312,127.94462090325732,139.62164200773455,17.844,0.9659269222147501,26.2,15.429339,12.49,15.39,18.74,22.916
c_250_027,circle,250,6,4976228.661318903,524508.9791711092,90.4178585088481,102.81686423767351,90.88109189893163,84.01938549922451,92.03380003616945,17.188,0.9636956015824995,26.57,15.466603,12.9,15.8,18.32,22.27
c_250_028,circle,250,6,4976227.317440665,524504.8431391813,175.69441763780566,195.42684171325425,184.91518467909123,164.00861799485057,180.01126550625042,19.028,0.9390372083245743,26.21,15.680546,13.375,16.06,18.3,22.69
c_250_029,circle,250,6,4976222.968559335,524504.8431391813,192.17590387793453,215.1041366953508,199.93022368856236,179.88271294858893,196.77324430260916,18.792,0.9346530438484462,26.59,16.375008,13.815001,16.67,19.26,23.43
c_250_030,circle,250,6,4976221.624681097,524508.9791711092,237.22497847952272,261.0663022333261,254.30753886720325,220.6464320767667,243.31131291420468,19.32,0.9565217391304348,26.7,16.267914,13.09,16.47,19.63,23.751
c_250_031,circle,250,7,4976269.182,525028.2803794192,223.88310468033282,260.2388890369108,246.9311423359191,206.26810627646736,234.33031058240752,59.892,0.9344820677218995,23.14,15.290733,12.31,14.79,19.07,21.81
c_250_032,circle,250,7,4976272.700318903,525025.7241711091,160.64762168619947,210.71325028138705,182.4052768573015,154.26665135192806,177.00820004420402,58.58,0.9366336633663367,23.14,14.843775,11.69,14.47,18.8,21.81
c_250_033,circle,250,7,4976271.356440665,525021.5881391813,79.65991519952115,110.96173566939895,86.38019825158938,85.857459527558,90.71482716201686,53.212,0.9609862437044275,27.23,13.083033,10.3475,12.72,15.71,21.23
c_250_034,circle,250,7,4976267.007559335,525021.5881391813,75.38199394485687,98.60169390966144,81.13352928753856,78.31244268471221,83.35741495669227,48.328,0.9577056778679026,26.77,12.271938,9.78,12.28,14.29,20.7
c_250_035,circle,250,7,4976265.663681097,525025.7241711091,136.982904040411,150.53266101163754,136.64011430101448,135.28547211387442,139.86028786673435,54.532,0.9551822782953129,24.51,14.115185,11.35,13.59,17.46,21.64
c_250_036,circle,250,8,4976535.25,524987.4523794192,90.24379785161321,99.00841287394604,93.95909871174247,82.57241018904763,91.44592990658734,56.308,0.9173829651204092,26.58,12.107494,8.04,10.74,16.51,22.3435
c_250_037,circle,250,8,4976538.768318903,524984.8961711092,90.82113490224444,98.89887907734676,94.17975107093997,79.51763521727784,90.85435006695226,53.624,0.9099656870058183,28.67,12.597859,8.15,11.27,17.61,23.28
c_250_038,circle,250,8,4976537.424440665,524980.7601391813,71.57993483691408,74.82972036657054,70.06134001224028,61.46306782343604,69.48351575979024,53.608,0.8745709595582749,33.4,14.401908,8.84,13.98,18.81,27.71
c_250_039,circle,250,8,4976533.075559335,524980.7601391813,87.12089516212949,92.47705076748588,85.37844706397865,76.36676246387985,85.33578886436847,59.368,0.8609351839374747,33.21,13.383007,8.41,13.45,17.87,25.0
c_250_040,circle,250,8,4976531.731681097,524984.8961711092,67.50194403254395,71.45397772949642,65.46027713693226,60.12965946500238,66.13646459099375,59.48,0.8954942837928715,30.71,13.416243,8.44,12.79,17.85,24.9625
c_250_041,circle,250,9,4976764.273,524974.9633794192,217.72782142857602,263.375399093238,236.42101850392902,181.08002605720995,224.65106627073826,52.7,0.9252371916508539,32.98,15.914289,10.41,15.315001,21.11,28.3165
c_250_042,circle,250,9,4976767.791318903,524972.4071711091,155.97181314967176,183.07033235032173,170.21240129542346,133.16166554639344,160.6040530854526,51.476,0.9166213380993085,32.98,16.431583,10.93,16.05,21.7,28.515
c_250_043,circle,250,9,4976766.447440665,524968.2711391812,107.47997738794339,120.78152473795544,118.3619776446629,94.60586153483229,110.30733532634851,50.076,0.7989456026839205,32.98,16.521341,9.8,15.975,23.32,29.3295
c_250_044,circle,250,9,4976762.098559335,524968.2711391812,176.98325746539214,195.69804964206764,195.44691334221233,157.91053399782126,181.50968861187337,56.476,0.7760464622140378,32.98,16.037271,9.56,15.02,22.72,29.87
c_250_045,circle,250,9,4976760.754681097,524972.4071711091,174.21022475148195,206.65965831130066,189.73326197637766,147.2092155038486,179.45309013575223,55.056,0.8273757628596339,32.98,14.557972,9.47,13.56,18.782501,27.65
c_250_046,circle,250,10,4975957.068,525214.1763794192,223.50260123683665,256.5736617909826,231.88282883272802,222.18849616134287,233.53689700547253,56.028,0.9710858856286143,23.6,14.394563,11.93,14.95,17.25,19.73
c_250_047,circle,250,10,4975960.586318903,525211.6201711091,328.8310907890096,383.3193014451635,342.6065389850446,328.54720435604906,345.82603389381666,55.04,0.9693313953488372,23.6,16.062222,14.36,16.77,18.31,20.1
c_250_048,circle,250,10,4975959.242440665,525207.4841391812,250.98314640661488,292.3016030813057,260.4733768597804,262.7593330532573,266.6293648502396,53.104,0.9597017173847544,23.6,16.642633,15.3,17.21,18.51,20.24
c_250_049,circle,250,10,4975954.893559335,525207.4841391812,246.38589704201559,286.6008728762882,254.7262265050794,263.1494755950795,262.71561800461564,54.28,0.9694178334561533,23.6,15.911946,13.88,16.63,18.39,20.15
c_250_050,circle,250,10,4975953.549681097,525211.6201711091,240.32550968355778,274.7970455702923,248.31859590941892,247.13193271599184,252.64327096981523,57.416,0.9745715480005573,23.6,14.452948,12.24,14.83,17.11,19.51
c_250_051,circle,250,11,4975613.36,525391.9193794192,207.98422477624712,234.12556652452184,220.9574479866004,202.47790930729056,216.386287148665,64.956,0.8672332040150256,30.17,16.437435,12.29,16.06,21.54,26.58
c_250_052,circle,250,11,4975616.878318903,525389.3631711091,211.79686417685022,236.3312871172405,224.65069072633673,206.19247505284008,219.74282926831688,65.596,0.8370632355631441,28.96,15.940382,12.045,15.97,19.384998,25.61
c_250_053,circle,250,11,4975615.5344406655,525385.2271391812,123.01454505627548,139.93437005033374,125.9753423691785,123.07424732105167,127.99962619920984,57.996,0.8811642182219463,27.92,13.291891,9.15,13.62,16.79,22.46
c_250_054,circle,250,11,4975611.185559335,525385.2271391812,151.72461478878472,173.10336186021786,153.82837152924333,157.7869193211087,159.11081687483866,56.796,0.9275301077540672,28.15,13.170408,9.112499,13.34,16.65,21.98
c_250_055,circle,250,11,4975609.841681098,525389.3631711091,239.42226427097842,268.55305741189085,252.25226696788457,236.3437766625703,249.14284132833103,64.12,0.9325015595757954,28.96,14.782602,10.4775,14.72,18.53,25.74
c_250_056,circle,250,12,4975652.244,525882.0633794192,178.1277709547146,177.06906709329215,162.3379208777034,171.4093628714463,172.2360304492891,46.084,0.9400225674854613,26.27,15.6710205,11.73,16.0,19.84,23.92
c_250_057,circle,250,12,4975655.762318903,525879.5071711091,192.6494618131227,196.1180664156363,177.11159926390008,180.03148852506524,186.4776540044311,43.664,0.9342249908391352,26.27,15.949579,11.84,16.13,20.63,24.28
c_250_058,circle,250,12,4975654.418440665,525875.3711391812,233.95984556763236,220.81291938794823,204.51355450965957,214.91216994147803,218.54962235167955,44.08,0.9213248638838476,26.27,16.890654,11.98,18.31,21.95,24.62
c_250_059,circle,250,12,4975650.069559335,525875.3711391812,233.5657524926346,230.97384524301248,208.08300761286273,218.80032006488705,222.8557313533492,43.156,0.9167670775790157,26.27,16.714348,12.11,18.03,21.43,24.345001
c_250_060,circle,250,12,4975648.725681097,525879.5071711091,231.67411124513126,217.84552022165326,203.80422140959413,217.2843858681578,217.65205968613412,45.892,0.9164124466137888,25.97,16.529276,12.19,17.83,21.1675,24.2135
c_250_061,circle,250,13,4975983.789,525691.2723794192,181.1620607794959,197.64501401132233,198.47987136397566,167.86805322616672,186.28874984524015,43.904,0.8816508746355685,31.2,16.622992,9.84,16.8,23.72,27.722
c_250_062,circle,250,13,4975987.307318903,525688.7161711091,117.20772106842662,128.63304517955555,128.22237247823477,108.17075398665757,120.55847317821863,44.236,0.9329053259788408,32.11,16.769327,10.76,16.67,23.43,27.5
c_250_063,circle,250,13,4975985.963440665,525684.5801391812,122.37571816583882,135.54972437661996,131.06128883130117,113.4214110933293,125.60203561677231,38.236,0.9658960142274297,32.11,16.738735,11.76,16.83,22.36,27.37
c_250_064,circle,250,13,4975981.614559335,525684.5801391812,116.1418455993302,128.60421945203737,124.61448847636706,107.50321834562988,119.21594296834112,33.692,0.9324468716609284,32.11,17.203983,11.36,16.775002,23.77,28.76
c_250_065,circle,250,13,4975980.270681097,525688.7161711091,176.79819907332478,193.58895598707375,192.5455105421405,164.0686311461047,181.75032418716094,34.968,0.8732555479295355,32.11,15.5269785,8.74,14.535,23.2775,28.0435
c_250_066,circle,250,14,4976328.71,525888.3213794192,134.24856316485133,153.9688622210392,139.43684498513417,131.54704943981753,139.80032995271057,48.112,0.8965746591286997,17.24,9.991688,8.07,10.28,12.12,14.36
c_250_067,circle,250,14,4976332.228318903,525885.7651711091,100.768283064065,115.86010646981026,104.38611069322754,99.46828422553654,105.12069611315984,49.224,0.87908337396392,17.53,9.955548,8.0,10.27,12.21,14.3915
c_250_068,circle,250,14,4976330.884440665,525881.6291391812,124.17253280135569,142.38660141725845,128.44749635971712,122.37664409145586,129.3458186674468,44.084,0.8858542781961709,17.88,10.430192,8.54,10.79,12.7,14.799
c_250_069,circle,250,14,4976326.535559335,525881.6291391812,108.83350235767907,126.41015386892832,112.43022699943516,108.43066379638827,114.02613675560771,39.104,0.9012888707037643,17.88,10.452184,8.38,10.67,12.77,15.22
c_250_070,circle,250,14,4976325.191681097,525885.7651711091,105.27768455180305,123.34340290903148,108.9428976417386,105.41801744594791,110.74550063713026,41.98,0.8921391138637447,17.24,9.812255,7.7,10.08,12.06,14.44
c_250_071,circle,250,15,4976514.12,524477.6893794192,110.06061636954558,123.90741065433018,110.76617901178662,109.16673593968787,113.47523549383757,16.156,0.8539242386729389,22.61,13.842396,11.35,14.25,17.02,19.82
c_250_072,circle,250,15,4976517.638318903,524475.1331711091,73.25644209613243,81.44862879865308,75.30435641946568,74.21201330049597,76.05536015368679,16.832,0.8315114068441065,22.61,13.906904,11.095,14.42,17.16,19.921
c_250_073,circle,250,15,4976516.294440665,524470.9971391812,78.0377564490224,87.4122768125242,79.49485778457695,76.78932075953524,80.4335529514147,18.072,0.8189464364763169,22.61,13.48936,10.407499,13.98,16.83,19.82
c_250_074,circle,250,15,4976511.945559335,524470.9971391812,116.67459818871664,131.30651172246223,117.830664737794,116.56519896284496,120.59424340295445,17.936,0.8619536128456735,22.61,13.552352,11.19,14.25,16.69,19.64
c_250_075,circle,250,15,4976510.601681097,524475.1331711091,129.36302841473977,146.08747334783607,130.7997061434906,127.46099066940785,133.42779964386858,17.248,0.8661873840445269,22.61,12.912027,10.825,13.49,15.645,18.853
c_250_076,circle,250,16,4975318.712,525556.7243794192,129.55220731904657,140.70156456268893,142.79928180966007,121.61219851251212,133.66631305097692,69.596,0.8910856945801483,22.29,15.402843,13.74,16.005001,17.77,19.6285
c_250_077,circle,250,16,4975322.230318903,525554.1681711092,108.07258909897094,117.07629434640313,119.44049722557706,101.37253461605822,111.49047882175233,65.328,0.8573965221650747,22.29,15.589815,13.94,16.05,17.81,19.699001
c_250_078,circle,250,16,4975320.886440665,525550.0321391813,115.90396731241802,125.60256480336528,126.95600256620368,110.58362575253855,119.76154010863138,70.916,0.8074905522026059,22.97,16.256748,14.61,16.564999,18.3,20.58
c_250_079,circle,250,16,4975316.537559335,525550.0321391813,124.2834437427557,134.85628259516287,136.03054835493592,118.12909187205636,128.32484164122772,72.208,0.8016286284068247,22.97,16.09001,14.53,16.66,18.3,20.46
c_250_080,circle,250,16,4975315.193681098,525554.1681711092,168.11681537550683,182.5301033771842,185.36819816093274,157.32213400044736,173.33431272851777,70.472,0.8600295152684754,22.48,15.783096,14.19,16.41,18.2425,20.07
c_250_081,circle,250,17,4975371.046,526081.5913794192,105.38922617539035,121.44498748681032,108.83300424308878,102.59695989297433,109.56604444956595,33.268,0.7829746302753396,19.35,12.378436,10.42,13.125,14.8525,16.82
c_250_082,circle,250,17,4975374.564318903,526079.0351711091,103.05878133747709,118.51514241501249,106.2267201039004,102.51674909096229,107.57934823683806,35.272,0.8267180766613744,19.35,12.435593,10.5825,13.05,14.84,16.8055
c_250_083,circle,250,17,4975373.220440665,526074.8991391812,101.45255752061405,116.89343502130761,106.12454891371337,99.25450889295384,105.93126258714722,32.772,0.8740388136213841,19.51,12.380075,10.17,13.18,15.18,17.23
c_250_084,circle,250,17,4975368.871559335,526074.8991391812,96.98809675111653,111.64938756895538,102.49131229564506,94.31453368259325,101.36083257457756,29.86,0.8590756865371735,19.51,12.605018,10.35,13.55,15.34,17.34
c_250_085,circle,250,17,4975367.527681097,526079.0351711091,112.89476561467853,131.820107313882,118.76119616946868,107.45065268788558,117.73168044647869,31.796,0.7850044030695685,19.51,12.194197,9.61,13.05,15.06,17.2705
c_250_086,circle,250,18,4975406.248,526552.7453794192,67.67783462508027,74.64629053180518,71.30949884536119,61.78975362574317,68.85584440699745,47.396,0.7056291670183138,18.55,8.293032,5.51,8.04,10.24,15.94
c_250_087,circle,250,18,4975409.766318902,526550.1891711091,48.786949122560046,53.92011940667777,51.423261579784814,45.200782243246216,49.83277808806721,51.44,0.6671850699844479,19.89,8.195345,5.32,7.87,10.1,15.57
c_250_088,circle,250,18,4975408.422440665,526546.0531391812,40.74416240887393,45.10508737532179,42.64267256414763,37.8238551387665,41.57894437177746,51.8,0.6487258687258687,19.89,8.818815,5.59,8.5,11.69,15.99
c_250_089,circle,250,18,4975404.0735593345,526546.0531391812,100.0212230598244,112.96311690836458,104.68778936115142,92.97267620325592,102.66120138314908,52.736,0.6890169902912622,19.89,9.147153,5.82,8.83,12.35,16.55
c_250_090,circle,250,18,4975402.729681097,526550.1891711091,93.00881601911392,102.85636974017642,97.19172961051211,86.58695368488742,94.91096726367248,46.016,0.7106223922114048,19.63,8.349502,5.36,8.03,10.55,16.25
c_250_091,circle,250,19,4975693.698,526340.0793794192,188.73878207811453,215.90748957947596,200.82417290024227,167.67764387702903,193.28702210871543,43.38,0.8886122637159981,24.73,14.847877,11.93,15.95,18.93,21.832
c_250_092,circle,250,19,4975697.216318903,526337.5231711091,111.97316284739978,121.34899608213117,118.14027542522001,105.33832648937464,114.2001902110314,44.428,0.9186098856576933,24.73,13.518377,9.68,14.41,17.6,21.38
c_250_093,circle,250,19,4975695.872440665,526333.3871391813,91.48143213638555,104.21674885982637,95.26354165831897,84.84156003805118,93.95082067314551,43.144,0.9223994066382347,25.43,13.499208,10.05,14.03,17.46,21.15
c_250_094,circle,250,19,4975691.523559335,526333.3871391813,138.7133550032728,165.04956821241905,144.77044574561285,119.28349724657083,141.95421655196887,43.216,0.9226212513883747,27.48,14.727575,11.26,15.66,18.7525,22.8265
c_250_095,circle,250,19,4975690.179681097,526337.5231711091,127.05062938234654,147.07491602257474,132.67703608356112,112.0515899313788,129.7135428549653,42.628,0.8858965937881205,23.98,14.017986,10.79,14.88,18.0,20.85
c_250_096,circle,250,20,4976026.288,526564.6613794193,189.7624262805921,219.9105003116955,193.06118417387336,204.1071949044141,201.71032641764376,52.54,0.947773125237914,22.13,13.409971,10.92,14.08,16.51,19.03
c_250_097,circle,250,20,4976029.806318902,526562.1051711092,185.7339309756457,210.99209862844745,188.71729275322153,196.96523428616524,195.60213916086997,55.104,0.924506387921022,22.68,13.410837,10.66,14.045,16.84,19.57
c_250_098,circle,250,20,4976028.462440665,526557.9691391813,181.0300087356041,210.35185482561818,183.68063352636543,198.92091461587628,193.49585292586602,54.892,0.9291700065583327,22.68,13.473605,10.355,14.19,17.11,19.79
c_250_099,circle,250,20,4976024.113559335,526557.9691391813,171.89623395431866,200.89143208056925,174.02155918246888,192.45690749111546,184.81653317711806,53.712,0.9380399165921954,23.88,13.396801,10.54,14.18,16.8,19.1325
c_250_100,circle,250,20,4976022.769681097,526562.1051711092,195.65947339775926,237.68461005883,199.7511936144935,215.42650194666248,212.13044475443633,51.768,0.9542574563436872,23.88,14.043497,11.4125,14.72,17.2,19.76
c_250_101,circle,250,21,4976291.761,525442.5873794192,176.366731778802,198.93498555149813,187.90935719403018,174.7929645687196,184.5010097732625,60.308,0.9263116004510181,28.1,17.253702,13.74,17.98,21.53,25.2775
c_250_102,circle,250,21,4976295.279318903,525440.0311711092,221.5923306340593,247.57739728218266,240.26793016301605,217.0620186591097,231.62491918459193,61.696,0.9444372406639004,28.52,18.800785,14.915,20.49,23.04,26.21
c_250_103,circle,250,21,4976293.935440665,525435.8951391813,216.76052531191246,243.36639657497716,235.29694932283118,212.02839947973177,226.86306767236314,62.504,0.9580826827083067,28.52,18.476486,14.125,20.12,23.1,26.27
c_250_104,circle,250,21,4976289.586559335,525435.8951391813,214.03473945757668,245.1131236948572,227.51492562733458,209.39558724770538,224.01459400686846,62.54,0.9366165653981452,28.52,16.511105,11.51,17.27,21.7,25.64
c_250_105,circle,250,21,4976288.242681097,525440.0311711092,171.08158602103856,193.3071262028302,177.67478023456204,174.36149796820342,179.10624760665854,61.96,0.9176242737249839,28.52,16.26678,11.93,16.575,20.79,25.41
c_250_106,circle,250,22,4976583.131,525410.4743794192,67.26551366382228,75.01802201123967,69.3420218704945,69.80515540381379,70.35767823734255,50.872,0.6836766787230697,29.56,15.048224,11.71,15.38,18.21,24.056
c_250_107,circle,250,22,4976586.649318903,525407.9181711092,90.84626674773818,101.27795526028112,93.78183860179391,92.059137339175,94.49129948724705,55.656,0.751042115854535,24.63,13.625477,10.96,14.5,16.45,19.05
c_250_108,circle,250,22,4976585.305440665,525403.7821391813,107.56176588418182,119.98593774159119,111.13631330375988,107.78853507743675,111.61813800174241,54.836,0.7675249835874243,22.71,12.931769,10.38,13.88,15.97,18.79
c_250_109,circle,250,22,4976580.956559335,525403.7821391813,71.52078913244227,79.47727272690574,73.64154690198649,68.87193914410494,73.37788697635986,50.824,0.7475208562883677,25.06,13.000712,10.452499,13.54,15.92,20.41
c_250_110,circle,250,22,4976579.612681097,525407.9181711092,58.925061614144376,65.59433443542126,60.61880121785694,59.218208525679266,61.089101448275464,55.876,0.7659818168802348,30.4,15.006617,11.35,14.835,18.62,25.52
c_250_111,circle,250,23,4975689.685,526588.5663794192,225.85115139628272,233.47969912677513,237.58852585096895,203.12353966146077,225.0107290088719,51.184,0.899343544857768,30.27,18.970112,11.1775,22.62,25.5725,28.0965
c_250_112,circle,250,23,4975693.203318902,526586.0101711091,217.40534824223926,224.4082014946487,229.28078299441057,193.73204064655943,216.20659334446447,46.66,0.853493356193742,30.27,19.663815,12.49,23.11,25.56,27.87
c_250_113,circle,250,23,4975691.859440665,526581.8741391812,188.39585196631916,194.15776136264893,197.57331133017692,168.38802847046222,187.12873828240183,46.892,0.7519406295316898,30.27,19.23788,11.47,23.02,25.564999,27.94
c_250_114,circle,250,23,4975687.510559334,526581.8741391812,171.58402288655094,184.86340099253192,188.3103849620341,154.49658931708518,174.81359953955052,49.52,0.7633279483037156,30.27,19.093323,11.63,22.3,25.02,27.85
c_250_115,circle,250,23,4975686.166681097,526586.0101711091,185.3033284029276,199.68451960080333,202.56485817600208,168.78369422350684,189.08410010080996,49.54,0.8542591844973758,30.27,18.712059,11.42,22.0,25.01,27.8
c_250_116,circle,250,24,4975979.232,526257.0983794192,128.193196554272,126.88447292204332,122.78739396662192,101.42078119768152,119.82146116015468,44.108,0.6996463226625556,24.92,13.093975,9.84,14.33,16.97,19.523
c_250_117,circle,250,24,4975982.750318903,526254.5421711091,149.53114205582642,144.50692569458818,139.59855714153892,119.50220786455696,138.28470818912763,49.624,0.7243269385781074,26.03,14.532779,10.88,15.52,18.44,23.1475
c_250_118,circle,250,24,4975981.406440665,526250.4061391812,128.57752389940418,117.64677364855616,114.37825411665756,113.06987714781553,118.41810720310836,51.62,0.6392870980240217,27.7,16.396557,12.67,17.305,21.46,24.74
c_250_119,circle,250,24,4975977.057559335,526250.4061391812,37.945002094588254,35.58035459405256,35.47125895303663,32.880692782446125,35.46932710603089,42.932,0.48038758967669803,25.78,15.053315,11.657499,15.11,20.18,23.75
c_250_120,circle,250,24,4975975.713681097,526254.5421711091,26.730754456741334,28.984976879565952,28.206764417740292,24.153122086793157,27.018904460210184,33.152,0.4642857142857143,24.92,11.209844,5.7375,12.445,15.27,18.0065
c_250_121,circle,250,25,4976208.282,526365.4783794192,92.16203926928765,99.02016760370498,91.39523548612287,87.33655479445106,92.47849928839163,51.356,0.9603551678479633,20.86,10.146987,7.71,9.54,12.46,17.36
c_250_122,circle,250,25,4976211.800318902,526362.9221711091,56.933945325421405,64.334107151504,58.38145457581742,55.89483663468126,58.88608592185602,48.944,0.9576659038901602,18.88,9.108805,7.4,9.0,10.52,15.43
c_250_123,circle,250,25,4976210.456440665,526358.7861391812,67.64419292189655,75.98910942021699,68.7482290663031,66.31975028757891,69.6753204239989,48.768,0.9540682414698163,19.79,9.276661,6.91,8.95,11.24,15.7045
c_250_124,circle,250,25,4976206.1075593345,526358.7861391812,96.30649022804045,104.25822049394446,96.07889944523164,92.11052845871313,97.18853465648242,50.288,0.9551384027998727,20.86,10.235567,6.84,9.78,13.6325,17.69
c_250_125,circle,250,25,4976204.763681097,526362.9221711091,91.43418769410519,102.0424220747687,91.56510637349808,87.87971590784181,93.23035801255344,50.744,0.9502601292763676,20.86,10.67922,7.38,10.31,14.19,17.88
c_250_126,circle,250,29,4975605.615,524630.5513794192,150.42298388340905,163.44021640162464,165.52985976957157,141.3723858622348,155.19136147921,20.632,0.8782473827064754,26.08,16.26088,13.01,18.06,20.51,23.01
c_250_127,circle,250,29,4975609.133318903,524627.9951711091,200.56534156656528,217.8555307383219,220.8076945608692,188.4736668438215,206.9255584273945,20.896,0.8887825421133231,25.21,15.9535475,12.35,17.58,20.17,22.24
c_250_128,circle,250,29,4975607.789440665,524623.8591391812,203.03020854099944,220.4120278787822,223.68937911977284,190.89655494164364,209.50704262029953,19.292,0.8641924113622227,24.86,17.456434,15.47,19.15,20.98,22.7565
c_250_129,circle,250,29,4975603.440559335,524623.8591391812,202.94454094516686,220.13047579920476,223.99340838654982,190.7391536400401,209.45189469274038,18.236,0.8732178109234481,26.08,17.628914,15.71,19.35,21.24,23.18
c_250_130,circle,250,29,4975602.0966810975,524627.9951711091,174.39360178452154,189.38272301097396,192.2456890941604,163.80339583443026,179.95635243102154,19.292,0.8604602944225586,26.08,17.692,15.842501,19.33,21.29,23.32
c_250_131,circle,250,30,4977166.833,524596.4983794192,132.93273056872746,142.59053490750603,145.2333508199739,127.2634831110469,137.00502485181357,41.276,0.786704137997868,16.67,7.9336157,4.73,8.01,10.907499,13.82
c_250_132,circle,250,30,4977170.351318902,524593.9421711091,92.53359098368087,103.43681977800493,105.34894777881965,91.53431773714013,98.2134190694114,41.12,0.8175097276264591,16.32,8.263832,5.22,8.32,11.2325,13.85
c_250_133,circle,250,30,4977169.007440665,524589.8061391813,93.14179712956292,105.22572826149246,105.59006953846836,92.18462542626867,99.0355550889481,40.792,0.8190821729750931,16.32,8.27052,5.03,8.6,11.31,13.67
c_250_134,circle,250,30,4977164.658559334,524589.8061391813,151.0421761280803,167.9212559670584,168.12235351402262,151.5779847968123,159.6659426014934,39.24,0.7709480122324159,16.32,7.727922,4.36,8.03,10.75,13.28
c_250_135,circle,250,30,4977163.314681097,524593.9421711091,164.14166421343901,165.98108348580635,166.96674785560015,150.26085694563056,161.837588125119,39.948,0.7651947531791329,16.67,7.2128778,4.07,7.0550003,9.94,13.1095
c_250_136,circle,250,31,4976243.76,524838.9694794195,190.30888490103334,204.23545853190464,197.9758335056116,185.4810392530918,194.50030404791036,60.384,0.9458134605193429,30.83,15.670278,12.07,15.96,19.3,25.54
c_250_137,circle,250,31,4976247.2783189025,524836.4132711095,157.08186693486564,169.7194295080933,166.31501632462957,152.16160789582062,161.31948016585227,59.288,0.9705167993523142,30.83,17.24249,13.51,17.85,21.47,26.51
c_250_138,circle,250,31,4976245.934440665,524832.2772391816,192.49397690522574,202.51948508087537,206.1036509301886,185.2458324480574,196.59073634108677,53.4,0.9810486891385768,30.83,17.528316,13.84,18.2,21.77,26.97
c_250_139,circle,250,31,4976241.585559335,524832.2772391816,224.35582066083097,234.21352500900468,236.18687346252057,213.96184866552585,227.17951694947052,54.384,0.9677110914974992,27.96,15.306866,11.13,16.3,19.64,23.232
c_250_140,circle,250,31,4976240.241681097,524836.4132711095,236.55551541427945,252.56507867545457,249.07761330272598,224.31644551428798,240.62866322668702,56.68,0.9584333098094566,27.77,14.464141,10.67,15.0,18.34,22.09
c_250_141,circle,250,32,4975778.346899999,525031.8147794188,183.2357878354384,189.59498021576292,187.8396974589786,174.9888612823654,183.9148316981363,65.248,0.9691025012260912,27.65,20.014145,17.05,21.59,23.47,25.33
c_250_142,circle,250,32,4975781.865218902,525029.2585711087,142.28713888898625,144.99731941004083,140.8163309657991,146.02139944179675,143.53054717665572,63.956,0.9767965476264933,27.65,19.3724,15.93,20.61,22.877499,25.061499
c_250_143,circle,250,32,4975780.5213406645,525025.1225391808,185.05661765089894,180.9205053871074,175.95071500690784,179.5809975324565,180.37720889434266,67.124,0.9832548715809547,27.65,19.20483,15.52,20.77,23.09,24.97
c_250_144,circle,250,32,4975776.172459334,525025.1225391808,249.17754970300217,254.50251201951096,250.0724313412665,237.4788907911573,247.80784596373422,66.564,0.9768643711315426,27.65,19.29624,15.77,20.86,23.05,24.62
c_250_145,circle,250,32,4975774.828581097,525029.2585711087,219.1066910053097,231.01584709681194,225.22777847431325,213.55009648270868,222.2251032647859,66.536,0.9657328363592642,27.65,19.566854,16.14,21.2,23.19,25.04
c_250_146,circle,250,33,4975431.0747,525200.2702794189,77.63578804340513,86.87268679148431,80.57651463740903,76.0810956751717,80.29152128686755,58.6,0.9220477815699659,21.25,12.842561,10.65,13.69,15.69,18.1165
c_250_147,circle,250,33,4975434.5930189025,525197.7140711088,118.07783155012706,131.7716084362858,122.83234651113249,113.62942675796197,121.57780331387681,59.9,0.9268781302170284,21.25,13.063252,10.71,13.695,16.04,18.5805
c_250_148,circle,250,33,4975433.249140665,525193.578039181,109.48606873294554,122.284499413185,113.41152550559839,106.60540849541441,112.94687553678583,59.644,0.9368251626316142,21.25,12.674048,10.08,13.23,15.89,18.56
c_250_149,circle,250,33,4975428.900259335,525193.578039181,159.73895616625268,177.9745422171521,165.79664150542445,152.8473474398629,164.08937183217304,60.396,0.9299953639313862,21.25,12.948239,10.41,13.66,16.08,18.71
c_250_150,circle,250,33,4975427.556381097,525197.7140711088,145.51577275756503,162.32819816814748,150.86380921067686,139.6915137002843,149.59982345916842,60.46,0.9354283824015879,21.25,13.032589,10.73,13.81,15.92,18.66
c_250_151,circle,250,34,4975783.509400001,525504.4985794195,74.88012730024298,80.73915539904979,80.7738477559544,72.36002786357093,77.18828957970453,39.948,0.4841293681786322,33.65,22.554428,20.66,24.82,28.1,31.133
c_250_152,circle,250,34,4975787.0277189035,525501.9423711094,0.0,0.0,0.0,0.0,0.0,38.904,0.5466790047295907,33.65,23.027195,19.83,23.97,27.62,31.1
c_250_153,circle,250,34,4975785.683840666,525497.8063391815,82.43873165150387,88.82019525793352,89.24357474106074,78.9484064199255,84.8627270176059,42.28,0.7212866603595081,33.65,24.05045,21.8675,24.99,28.31,31.0785
c_250_154,circle,250,34,4975781.334959336,525497.8063391815,136.32459100570483,146.7865237518675,149.23786352898648,128.3120318540193,140.16525253514453,48.36,0.7194375516956162,33.65,24.487185,22.8325,26.435001,28.87,31.161499
c_250_155,circle,250,34,4975779.991081098,525501.9423711094,131.4578301345615,141.6323673490096,143.5808528730687,124.3471063936124,135.25453918756304,45.412,0.5978155553598168,33.65,23.552427,21.83,25.54,28.24,30.867
c_250_156,circle,250,35,4975143.703,524716.5189794193,28.460374954110964,50.894432967265644,49.71418859090413,45.91233252854057,43.74533226020532,12.636,0.6802785691674581,26.25,14.360833,10.71,14.8,18.3,22.826
c_250_157,circle,250,35,4975147.221318902,524713.9627711092,30.520580177372363,53.255640272696226,52.60482856942184,48.40741713139807,46.197116537722124,10.56,0.7268939393939394,22.81,13.669266,10.945,14.48,17.255001,19.331
c_250_158,circle,250,35,4975145.877440665,524709.8267391813,24.938330002424212,40.33467596314036,39.51888151826854,36.14385144913178,35.23393473324123,9.896,0.7320129345189976,21.77,13.226791,10.535,13.76,16.985,19.175
c_250_159,circle,250,35,4975141.528559335,524709.8267391813,31.034467855415485,54.80865416904058,54.09010597219283,49.794747822077554,47.431993954681616,10.292,0.6478818499805674,24.5,13.735411,10.05,13.95,18.05,21.767
c_250_160,circle,250,35,4975140.184681097,524713.9627711092,28.460374954110964,50.894432967265644,49.71418859090413,45.91233252854057,43.74533226020532,13.212,0.6836209506509234,26.25,15.439889,11.02,15.99,20.217499,23.821499
c_250_161,circle,250,36,4976621.261,525713.4000794191,87.98591953195368,117.61125162302578,112.48917830593538,101.93320755181419,105.00488925318226,53.604,0.8318782180434295,22.81,13.029705,8.17,13.97,17.34,20.95
c_250_162,circle,250,36,4976624.779318903,525710.8438711091,81.2605646458002,89.87761739010017,85.1458588331987,76.509483501797,83.19838109272402,48.724,0.8236597980461374,22.07,11.872505,7.82,12.68,15.87,18.01
c_250_163,circle,250,36,4976623.435440665,525706.7078391812,33.88311391117823,45.302975494504956,37.242026043766685,34.670689993141686,37.77470136064789,43.456,0.7875552282768777,20.09,10.825424,6.74,11.1,15.29,17.52
c_250_164,circle,250,36,4976619.086559335,525706.7078391812,46.380810349838995,60.191520751907596,48.873140988813205,46.96295922078019,50.602107827835,42.636,0.7580448447321513,21.88,11.804353,7.34,12.155,16.2,18.8905
c_250_165,circle,250,36,4976617.742681097,525710.8438711091,110.96455723807429,139.95204872689447,116.73015642826752,111.02709065413944,119.66846326184393,47.376,0.8031070584262073,22.65,12.517784,8.08,13.115,16.7525,19.95
c_250_166,circle,250,37,4976493.278200001,526115.5822794188,180.47067652634547,192.80152762808592,195.83367668223872,167.83089622775202,184.23419426610553,36.192,0.9271662245800176,27.73,19.0808,17.43,20.41,22.91,25.39
c_250_167,circle,250,37,4976496.796518904,526113.0260711088,247.03683957170267,248.77667145894645,253.9828158868766,223.34438403254396,243.28517773751742,34.084,0.9495364393850487,28.81,19.621376,17.965,21.0,23.39,25.66
c_250_168,circle,250,37,4976495.452640667,526108.8900391809,279.34428069936047,285.85615757131006,290.51431369594684,253.15825835745215,277.2182525810174,34.772,0.9687104566892902,27.73,19.626362,18.14,20.89,23.27,25.41
c_250_169,circle,250,37,4976491.103759336,526108.8900391809,267.2692143736233,248.93679020476776,250.15529619004184,233.2088863955617,249.8925467909986,37.548,0.9518483008415894,27.73,18.691748,16.63,19.88,22.65,25.08
c_250_170,circle,250,37,4976489.759881099,526113.0260711088,268.56118645979524,233.80702666816515,238.01954268930942,229.51967927301297,242.47685877257072,37.796,0.9271880622288072,27.73,18.601538,16.81,20.19,22.59,25.11
c_250_171,circle,250,38,4976145.162599999,526066.3483794194,189.73400751870255,209.88783886846474,200.12945338664446,189.12780931607597,197.21977727247193,50.06,0.8536156612065522,26.14,15.933537,13.52,16.64,18.76,22.22
c_250_172,circle,250,38,4976148.680918902,526063.7921711094,206.60844225781335,224.62939628868247,217.8628143111952,206.70522356509048,213.95146910569537,52.612,0.9084619478445982,24.08,14.847064,11.97,15.78,18.08,20.89
c_250_173,circle,250,38,4976147.337040665,526059.6561391815,138.15553436982512,149.9090775099056,145.79867885738244,136.33255358851682,142.5489610814075,49.116,0.9205146998941282,24.05,14.2097025,11.12,14.92,17.82,20.87
c_250_174,circle,250,38,4976142.988159334,526059.6561391815,154.38971820539228,170.57947566950818,164.25006549157024,148.36978284392458,159.39726055259882,48.064,0.9186085219707057,25.61,14.865006,11.95,15.6,18.28,21.35
c_250_175,circle,250,38,4976141.644281097,526063.7921711094,193.43141859667443,213.6102720686722,205.45637328870913,188.62178740883155,200.27996284072185,50.244,0.860441047687286,26.14,15.944432,13.41,16.76,18.88,22.44
c_250_176,circle,250,39,4976667.816199999,524719.6093794194,222.77576614767742,243.95752585277882,246.33026132978694,204.20390821885786,229.31686538727524,45.036,0.8874678035349498,30.84,19.236765,15.63,20.82,24.31,27.86
c_250_177,circle,250,39,4976671.334518902,524717.0531711093,117.78715304147588,130.89281619545656,129.31177362787417,108.58080377520139,121.643136660002,37.348,0.7966156152939916,30.84,15.773471,5.8525,17.62,24.1,27.92
c_250_178,circle,250,39,4976669.9906406645,524712.9171391814,10.949153828162128,11.921704227198639,10.920168488298813,11.435263752975917,11.306572574158874,34.468,0.6640362074968086,30.84,13.052644,4.7,10.865,21.48,27.7595
c_250_179,circle,250,39,4976665.641759334,524712.9171391814,113.67878244638354,122.28524419229343,125.74112530103594,101.92771849057736,115.90821760757257,36.892,0.7366366691965738,30.84,17.181553,11.25,17.74,23.38,28.21
c_250_180,circle,250,39,4976664.297881097,524717.0531711093,215.12429971713445,232.52426928586775,238.11483017227218,197.25292624654995,220.75408135545607,41.68,0.8695777351247601,30.84,18.979918,14.66,20.19,24.14,27.97
c_250_181,circle,250,40,4975142.120300001,525340.133679419,215.0241820158542,264.38981518030624,235.9271258948921,210.92375114524344,231.566218559074,57.324,0.928197613564999,30.77,16.57856,11.96,16.46,21.34,26.5995
c_250_182,circle,250,40,4975145.638618904,525337.577471109,254.37546221188146,304.6220323334763,277.2388669669041,243.0010663110994,269.8093569558403,53.672,0.919734684751826,30.77,16.897707,12.18,16.66,21.62,27.75
c_250_183,circle,250,40,4975144.294740667,525333.4414391811,273.7032615877329,319.1461022345098,296.04034307413934,259.6775236292398,287.1418076314054,55.112,0.9079692263028015,30.77,16.15105,11.28,16.11,20.78,27.7155
c_250_184,circle,250,40,4975139.945859336,525333.4414391811,237.41958927338996,287.10877557272903,258.87116431776167,230.5295074184227,253.48225914557582,58.672,0.9089173711480775,30.77,15.775592,11.4,15.94,20.3,24.69
c_250_185,circle,250,40,4975138.601981099,525337.577471109,268.6895409262989,326.3477582933791,292.2087507311723,260.74347753644554,286.997381871824,59.588,0.9074310263811506,30.77,16.049248,11.64,16.24,20.65,24.471498
c_250_186,circle,250,41,4975247.676100001,526355.6319794192,190.73114202975378,210.54310042608776,205.9466179839216,184.82817947078289,198.0122599776365,34.02,0.843151087595532,30.56,16.236574,8.46,17.35,24.05,27.76
c_250_187,circle,250,41,4975251.194418903,526353.0757711091,173.1191310705545,193.33215138377457,184.41297111916492,169.91624640268557,180.1951249940449,30.868,0.8220811196060646,30.56,16.016245,7.6075,17.205,24.22,27.88
c_250_188,circle,250,41,4975249.850540666,526348.9397391812,204.74822634997997,226.59054353627977,221.95377546689386,195.27958964491435,212.143033749517,32.812,0.8309155187126661,30.56,16.216171,7.5575,17.74,24.4,27.6725
c_250_189,circle,250,41,4975245.501659336,526348.9397391812,227.2271647875781,249.21160352563322,248.2555359964739,215.41789458463694,235.02804972358052,32.816,0.8754266211604096,29.85,15.555317,8.2725,16.26,22.95,26.65
c_250_190,circle,250,41,4975244.157781098,526353.0757711091,236.897783324533,260.35433315086783,257.5085494252915,225.97240795132586,245.18326846300457,31.568,0.8791180942726812,30.09,14.224134,8.2325,12.315001,21.36,26.3315
c_250_191,circle,250,42,4976260.5759,526709.3345794196,171.2137536003375,186.72852311600678,185.99301373148563,160.87830812757647,176.20339964385158,16.98,0.9279151943462898,27.51,15.831443,12.42,16.09,19.61,23.791
c_250_192,circle,250,42,4976264.094218902,526706.7783711095,116.20959762515083,127.77400634486443,124.50092959510368,110.68361894675782,119.79203812796919,16.764,0.9250775471247912,27.51,15.249941,12.23,15.53,18.52,22.552
c_250_193,circle,250,42,4976262.750340665,526702.6423391816,67.66230511391913,74.67305548134385,71.7809772103294,64.9626348568136,69.76974316560148,15.78,0.911533586818758,22.4,14.631111,12.24,15.445,17.58,20.12
c_250_194,circle,250,42,4976258.401459334,526702.6423391816,90.56212213393798,100.39497192077707,95.3300911840521,85.99725807397319,93.07111082818508,16.072,0.9051767048282727,22.05,14.760925,12.56,15.68,17.74,19.75
c_250_195,circle,250,42,4976257.057581097,526706.7783711095,103.80286742241479,114.08811838645029,111.40700969567104,98.7590262384503,107.0142554357466,16.04,0.9047381546134663,24.69,15.13766,12.67,15.84,18.3325,20.5
c_250_196,circle,250,43,4976353.940300001,526484.2496794194,181.33882419666145,196.23767438960454,183.12041889145874,170.88097493666564,182.8944731035976,53.976,0.9620572106121239,24.8,15.306925,12.58,15.97,18.93,22.01
c_250_197,circle,250,43,4976357.4586189035,526481.6934711094,197.00577048970933,202.42644450032103,190.96652088680923,182.55045514867317,193.2372977563782,53.66,0.9607156168468133,23.77,15.919013,12.93,17.035,19.79,22.13
c_250_198,circle,250,43,4976356.114740666,526477.5574391815,169.34094275162477,175.9099264792883,167.62684850175327,156.60410516784506,167.37045572512784,55.992,0.9453493356193742,25.33,16.13811,12.85,17.39,20.14,22.41
c_250_199,circle,250,43,4976351.765859336,526477.5574391815,191.58205629163353,207.58474093695557,194.88843558030544,180.53065088100155,193.646470922474,57.348,0.9535467671060891,26.25,16.424385,13.06,17.22,20.46,23.585
c_250_200,circle,250,43,4976350.421981098,526481.6934711094,203.75654802467295,220.63242235234614,206.59861980209004,190.8465542954712,205.4585361186451,58.008,0.9572472762377603,26.05,15.767007,12.07,16.5,19.9,23.3095
c_300_001,circle,300,1,4974552.016,525144.7849497619,148.7087226313065,164.37786712793644,164.41721026146783,139.07723640463536,154.14525910633654,44.943333333333335,0.7524289846473337,28.8,19.851337,18.03,21.24,23.62,26.08
c_300_002,circle,300,1,4974554.724561179,525142.8170648756,237.04094978150948,259.8249751579786,261.98258142855275,219.78832540616992,244.6592079435527,45.946666666666665,0.7734329657573998,28.8,19.65887,16.95,21.41,23.75,26.31
c_300_003,circle,300,1,4974553.689982869,525139.6329602435,189.7996614737309,211.27161399046,208.2279621419119,178.23197988899312,196.88280437377398,48.68666666666667,0.8532794741886895,29.19,19.357233,16.31,21.27,23.72,26.47
c_300_004,circle,300,1,4974550.342017131,525139.6329602435,182.65561856531258,203.61917496245866,200.40224746578872,173.8499316386043,190.13174315804108,48.13666666666666,0.8814486531403642,28.8,19.071346,16.77,20.84,23.39,25.94
c_300_005,circle,300,1,4974549.307438821,525142.8170648756,172.07999255111332,191.36961736333535,189.68550074789474,163.6970887145709,179.20804984422858,48.82666666666667,0.8298743855816494,28.8,19.027197,16.4,20.51,23.25,25.95
c_300_006,circle,300,2,4975569.679,524908.299949762,64.74053928045463,71.2022682861192,70.40970358904977,60.75951014332919,66.7780053247382,48.67666666666667,0.7728548928302403,33.17,19.672174,12.54,21.505001,26.1575,30.2375
c_300_007,circle,300,2,4975572.387561179,524906.3320648756,92.68277635489667,101.14548069083709,101.34610799581876,85.5563559625577,95.18268025102755,49.08,0.7593724531377343,32.4,17.398687,10.38,18.31,24.24,29.07
c_300_008,circle,300,2,4975571.352982868,524903.1479602435,132.17322394723283,144.13310255722018,145.3769837164477,123.30185763025555,136.24629196278906,51.196666666666665,0.8006380623738525,31.99,18.247992,10.12,20.26,25.06,29.39
c_300_009,circle,300,2,4975568.005017131,524903.1479602435,223.2265085489612,243.86689862919775,243.4263434593998,203.19568303531128,228.4288584182175,49.723333333333336,0.8380371388348864,32.12,19.819963,12.86,22.17,25.97,29.71
c_300_010,circle,300,2,4975566.97043882,524906.3320648756,144.04785005145695,158.13716731898916,155.73387066250572,131.09278401784744,147.2529180126998,48.42,0.8140575519757676,33.1,20.87712,16.79,23.34,26.51,29.99
c_300_011,circle,300,3,4975188.667,525008.7959497619,166.76632791102503,198.9864272269999,178.92844062276635,163.2496514001218,176.98271179022828,51.23,0.8088359685080356,26.92,11.660317,7.335,9.44,16.34,23.99
c_300_012,circle,300,3,4975191.37556118,525006.8280648756,163.82593056075083,190.8028315654907,175.0621322740662,158.86429054548512,172.13879623644823,51.95,0.7971126082771897,27.45,12.753336,7.52,10.39,18.814999,24.45
c_300_013,circle,300,3,4975190.340982869,525003.6439602434,169.59466949286482,194.7856762339632,173.68836126931828,167.0976402962176,176.29158682309097,51.82,0.7738324971053647,26.92,11.497577,7.27,9.58,15.807501,23.83
c_300_014,circle,300,3,4975186.993017131,525003.6439602434,145.08832207186558,175.4322650146088,144.6770363747733,145.27251215438676,152.61753390390862,51.09,0.7927839759900829,26.3,10.812485,7.27,9.56,13.934999,21.535
c_300_015,circle,300,3,4975185.958438821,525006.8280648756,165.2673704016351,197.9018698038435,167.9034874139951,161.17074083595628,173.06086711385748,49.47666666666667,0.8015226032473219,26.3,10.274561,7.02,9.04,12.64,20.08
c_300_016,circle,300,4,4974882.089,525127.8079497619,95.44278055299132,107.8740690008513,102.48780613514296,94.48615877513424,100.07270361602995,52.056666666666665,0.8347313824678235,21.96,9.587316,5.59,8.82,13.24,18.07
c_300_017,circle,300,4,4974884.797561179,525125.8400648755,170.04684855409042,187.62327141287312,186.40545777398978,162.0432485680011,176.5297065772386,52.96333333333333,0.8816162124740387,23.55,10.546263,6.05,10.38,14.73,18.98
c_300_018,circle,300,4,4974883.762982869,525122.6559602434,149.91255362875683,164.66503602733084,164.11188630939273,142.33882961359316,155.25707639476838,50.516666666666666,0.8989772352358958,23.55,10.318803,6.07,10.45,14.28,17.8
c_300_019,circle,300,4,4974880.415017131,525122.6559602434,98.75282537889113,110.07219002833577,106.43289491794545,95.6775137387824,102.73385601598869,49.42333333333333,0.8773184056113846,21.21,9.990769,6.03,9.85,13.5,17.68
c_300_020,circle,300,4,4974879.38043882,525125.8400648755,77.8164507868224,87.84038610270781,82.78050692304757,77.21738585898206,81.41368241788996,49.95333333333333,0.8217002535699987,20.75,9.0972595,5.61,8.3,12.6,16.58
c_300_021,circle,300,5,4975907.399,524771.9039497619,86.02929705285416,93.24260552629195,82.09266681415124,82.22838973159108,85.89823978122212,46.42666666666667,0.8266800689259046,29.835,13.339441,8.797501,13.63,17.955,22.955
c_300_022,circle,300,5,4975910.107561179,524769.9360648756,58.2194709432056,73.35130139075349,66.56967737358777,63.78193213911753,65.4805954616661,48.28,0.8644020988677161,25.435,12.983659,9.145,13.595,17.355,20.6055
c_300_023,circle,300,5,4975909.072982869,524766.7519602434,57.00321330060121,75.0226396696069,71.84174648790653,68.85275097436067,68.18008760811884,50.24666666666667,0.8903409844765822,24.185,13.204175,9.715,13.855,17.175,20.335
c_300_024,circle,300,5,4975905.725017131,524766.7519602434,158.19684010292295,182.31434922990246,168.77327574418712,160.05354928448827,167.33450359037522,50.98,0.8784490649928076,28.425,13.610022,10.015,14.165,17.61,21.415
c_300_025,circle,300,5,4975904.690438821,524769.9360648756,103.43963108933369,112.04179553195999,101.91009459213387,103.09362048148954,105.12128542372928,50.22,0.8437541484136466,30.355,13.910118,9.655,13.765,18.175,24.115
c_300_026,circle,300,6,4976225.143,524510.6839497619,128.10430501256425,142.2694025524949,135.44789535032547,121.17766796655916,131.74981772048594,17.82,0.9601571268237935,26.4,15.757193,12.79,15.84,18.99,23.164
c_300_027,circle,300,6,4976227.851561179,524508.7160648756,119.73252554601646,134.14783668449692,123.89345071345562,112.26293070397634,122.50918591198634,17.796666666666667,0.9571080726727852,26.57,15.669472,12.85,16.06,18.65,23.0755
c_300_028,circle,300,6,4976226.816982869,524505.5319602435,159.06064040574,177.28607489057936,166.51386071145168,148.26511478301452,162.7814226976964,18.44,0.943058568329718,26.21,15.73439,13.23,16.07,18.54,22.75
c_300_029,circle,300,6,4976223.469017131,524505.5319602435,227.16254346123935,251.47984944411428,240.96282579879417,210.49651022110336,232.52543223131278,18.72,0.9410612535612536,26.7,16.093786,13.4,16.39,19.0,23.28
c_300_030,circle,300,6,4976222.434438821,524508.7160648756,201.34887459510506,221.59121449231748,215.80539889682433,187.51287057870655,206.56458964073835,18.426666666666666,0.9564037626628076,26.7,16.058973,13.035,16.33,19.2,23.56
c_300_031,circle,300,7,4976269.182,525027.4289497619,198.25399114344845,230.11784599003272,217.93708178614077,185.64408572173394,207.98825116033896,58.49333333333333,0.940790973330294,23.14,15.004694,12.06,14.46,18.83,21.78
c_300_032,circle,300,7,4976271.890561179,525025.4610648756,146.76619512203607,186.17857586970385,162.55740950308325,139.7145198287412,158.8041750808911,57.88333333333333,0.9432191189173625,23.14,14.612089,11.44,14.11,18.68,21.8
c_300_033,circle,300,7,4976270.855982869,525022.2769602435,78.58650221206635,106.47303971667789,84.79387139326674,83.64432049152755,88.37443345338463,54.61666666666667,0.9550808666463229,27.91,13.39293,10.45,12.86,16.4,21.646
c_300_034,circle,300,7,4976267.508017131,525022.2769602435,83.14768558348538,105.63724441968242,86.54468927246972,84.82896762413736,90.03964672494372,51.18333333333333,0.9557147508954738,26.86,12.893888,10.17,12.58,15.47,21.453001
c_300_035,circle,300,7,4976266.473438821,525025.4610648756,114.15242003367584,125.44388417636462,113.86676191751205,112.73789342822867,116.5502398889453,53.98,0.949672718290725,24.51,14.042123,11.17,13.5,17.58,21.64
c_300_036,circle,300,8,4976535.25,524986.6009497619,87.0986799259681,92.8068977712808,88.3638313043865,79.4506778933095,86.93002172373622,55.78333333333333,0.9045712578428443,29.8,12.423066,8.09,11.08,17.05,23.381498
c_300_037,circle,300,8,4976537.958561179,524984.6330648756,86.2205077904618,91.2149574203412,87.20943016603643,75.47048255984761,85.02884448417176,53.766666666666666,0.8965902045877248,28.72,12.778854,8.18,11.55,17.69,23.53
c_300_038,circle,300,8,4976536.923982869,524981.4489602435,71.99650505282878,76.45303251835011,70.38402717942382,62.37735337966626,70.30272953256724,56.1,0.8723707664884135,33.4,13.9989805,8.71,13.45,18.4,27.3095
c_300_039,circle,300,8,4976533.576017131,524981.4489602435,85.44853637245592,91.44633698779444,84.33678621371789,75.99900328992172,84.30766571597249,60.28333333333333,0.8773569256289743,33.21,13.646661,8.64,13.42,18.04,25.25
c_300_040,circle,300,8,4976532.541438821,524984.6330648756,78.17981247417742,83.27804329814276,76.75232995336222,68.66912309508014,76.71982720519064,59.72666666666667,0.8961379618260966,30.71,13.340139,8.43,12.61,17.87,24.61
c_300_041,circle,300,9,4976764.273,524974.1119497619,181.43985119048,219.479499244365,197.01751541994085,150.90002171434162,187.20922189228187,51.12,0.9022561293688054,32.98,15.564816,10.25,14.94,20.51,27.73
c_300_042,circle,300,9,4976766.981561179,524972.1440648756,181.43985119048,219.479499244365,197.01751541994085,150.90002171434162,187.20922189228187,49.45,0.8954499494438827,32.98,15.87209,10.26,15.49,21.23,27.938501
c_300_043,circle,300,9,4976765.946982869,524968.9599602434,129.9765109580598,152.55861029193477,141.8436677461862,110.96805462199454,133.83671090454382,51.166666666666664,0.8143322475570033,32.98,16.521862,10.34,15.97,22.99,29.1105
c_300_044,circle,300,9,4976762.599017131,524968.9599602434,198.94938812024702,230.00259698748658,218.04627545893163,171.52407875719814,204.63058483096586,57.14666666666667,0.7943303779748017,32.98,16.322344,9.91,15.35,22.89,29.73
c_300_045,circle,300,9,4976761.564438821,524972.1440648756,145.17518729290163,172.2163819260839,158.11105164698142,122.67434625320718,149.54424177979354,55.82,0.8323181655320674,32.98,15.156736,9.78,14.32,20.02,27.95
c_300_046,circle,300,10,4975957.068,525213.3249497619,205.57866551673428,236.61809804671333,213.36461909921854,208.88225856817877,216.1109103077112,54.85666666666667,0.9698000850701829,23.6,14.600799,12.2,15.16,17.45,19.75
c_300_047,circle,300,10,4975959.776561179,525211.3570648755,299.1886141264358,348.81069893662414,311.6148630074856,299.18773096008323,314.7004767576572,54.57333333333333,0.9694600537503054,23.6,15.788777,13.87,16.55,18.25,20.05
c_300_048,circle,300,10,4975958.741982869,525208.1729602434,233.92778710585708,273.9500388487023,242.99688328982575,242.94041154413478,248.45378019713,53.37,0.964524389482231,23.6,16.358297,14.8,17.04,18.44,20.18
c_300_049,circle,300,10,4975955.394017131,525208.1729602434,250.0289633805466,291.618552252401,259.0710616278355,263.9668703570874,266.17136190446763,54.736666666666665,0.9694902868278424,23.6,15.807163,13.76,16.53,18.31,20.11
c_300_050,circle,300,10,4975954.359438821,525211.3570648755,217.1060873524543,249.4603163001921,224.5608546757917,223.68469130968333,228.70298740953035,56.75,0.9719823788546256,23.6,14.669995,12.44,15.12,17.41,19.64
c_300_051,circle,300,11,4975613.36,525391.0679497619,190.92585732580147,214.2018339793219,201.55643261032156,188.01115378230998,198.6738194244387,64.17666666666666,0.869111307328728,30.17,15.841805,11.71,15.64,19.84,26.334
c_300_052,circle,300,11,4975616.06856118,525389.1000648756,196.50161560497418,220.93308081508016,207.92124845388972,190.91539702452303,204.06783547461677,62.903333333333336,0.8508293148216841,28.96,15.481495,11.53,15.63,19.0125,25.42
c_300_053,circle,300,11,4975615.033982869,525385.9159602434,197.3441022174888,220.5860596606665,208.04168105306917,194.4100901403899,205.0954832679036,59.61333333333334,0.8866025497651532,28.96,13.965174,9.5175,14.09,17.41,25.0025
c_300_054,circle,300,11,4975611.686017131,525385.9159602434,216.59491340161344,242.25811280105694,226.95942811951238,215.9079285015822,225.43009570594123,58.31666666666667,0.9156330380108603,28.96,13.562598,9.19,13.45,17.06,24.541
c_300_055,circle,300,11,4975610.651438821,525389.1000648756,199.5185535591487,223.79421450990904,210.21022247323714,196.9531472188086,207.61903444027584,63.39333333333333,0.9120832895151961,29.69,14.682961,10.11,14.46,18.57,25.6975
c_300_056,circle,300,12,4975652.244,525881.2119497618,208.61420355700457,214.7474458239917,193.3648696437123,203.57433952408596,205.07521463719863,46.27,0.9356674591167783,26.27,15.83971,11.747499,16.18,20.22,24.0065
c_300_057,circle,300,12,4975654.952561179,525879.2440648755,185.48050964560557,189.85388748496558,171.20565393836603,178.03533432760645,181.1438463491359,44.11,0.9337262903347692,26.27,16.118168,11.8,16.48,20.88,24.35
c_300_058,circle,300,12,4975653.917982869,525876.0599602434,202.32157154977813,196.15189802153418,178.41653139789497,187.77958984048206,191.1673977024223,44.14,0.9230478779640537,26.27,16.695734,11.91,17.88,21.65,24.47
c_300_059,circle,300,12,4975650.570017131,525876.0599602434,259.9666870101934,248.68750210959317,228.44110116621238,240.94973980578084,244.51125752294496,44.11333333333334,0.9174852652259332,26.27,16.480076,12.002501,17.5,21.19,24.19
c_300_060,circle,300,12,4975649.535438821,525879.2440648755,260.93946580365963,251.7248728330978,231.22321053623463,241.75173333506382,246.40982062701397,45.01,0.92016588906169,26.27,16.36366,12.09,17.21,20.98,24.2
c_300_061,circle,300,13,4975983.789,525690.4209497619,152.1109393252721,165.95831821785552,166.5291503894339,141.08584863783642,156.42106414259948,43.24,0.8906105457909343,32.11,16.807674,10.02,16.97,23.82,27.998
c_300_062,circle,300,13,4975986.497561179,525688.4530648756,161.18311478986186,175.72758196555483,177.3301855894577,149.1799124322767,165.85519869428776,44.08,0.9227918935269207,32.11,17.12868,11.055,17.5,23.68,27.89
c_300_063,circle,300,13,4975985.462982869,525685.2689602434,158.23902818842265,173.80566625664142,171.2239933647357,146.13952569120352,162.35205337525082,38.7,0.9468561584840655,32.11,16.95002,11.7,17.3,22.79,27.62
c_300_064,circle,300,13,4975982.115017131,525685.2689602434,131.47134713057108,144.92606949922103,141.62236900579813,122.0832158935797,135.0257503822925,34.82,0.9220754355734252,32.11,17.084156,11.28,16.96,23.4,28.384499
c_300_065,circle,300,13,4975981.080438821,525688.4530648756,199.3153381722377,217.29212545424502,218.27960266671042,184.3226102135149,204.80241912667702,37.50666666666667,0.8902417348027017,32.11,16.114902,9.33,15.77,23.41,28.294
c_300_066,circle,300,14,4976328.71,525887.4699497619,126.52253072679488,144.7950879350717,131.3303869931559,123.43983596620541,131.52196040530697,47.13666666666666,0.8917332579025529,17.24,9.996323,8.09,10.28,12.1,14.35
c_300_067,circle,300,14,4976331.418561179,525885.5020648756,116.37713226091911,133.28054245169238,120.86334063565089,114.2112841274415,121.18307486892597,47.95,0.8856447688564477,17.53,9.994353,8.1,10.29,12.2,14.39
c_300_068,circle,300,14,4976330.383982869,525882.3179602434,113.08303028332017,130.33914098413638,117.34674935788787,111.68512469225048,118.11351132939873,44.33,0.8877359199939845,17.88,10.287093,8.31,10.56,12.59,14.82
c_300_069,circle,300,14,4976327.036017131,525882.3179602434,107.8032914461562,125.69978547018198,111.73782862715501,106.28187470348888,112.88069506174551,40.403333333333336,0.9047108324395677,17.88,10.36909,8.2425,10.63,12.67,15.09
c_300_070,circle,300,14,4976326.001438821,525885.5020648756,97.95751311398467,114.00881081561636,101.36869793740543,97.30574604673058,102.66019197843426,42.2,0.8888625592417062,17.53,9.915988,7.79,10.17,12.2,14.43
c_300_071,circle,300,15,4976514.12,524476.8379497619,111.7323307829539,126.31760000275662,112.04620249158853,108.96870722233929,114.76621012490958,16.766666666666666,0.8532803180914513,22.61,13.569271,11.02,13.88,16.8,19.8
c_300_072,circle,300,15,4976516.828561179,524474.8700648756,68.80088837510479,76.79252086953633,70.3073130310709,68.71399806927955,71.1536800862479,16.956666666666667,0.8421466483192451,22.61,13.702104,10.85,14.1,17.022501,19.85
c_300_073,circle,300,15,4976515.793982869,524471.6859602435,85.4822050709784,96.08148960489517,86.4544425594043,85.20793546246563,88.30651817443588,17.763333333333332,0.8376806155000939,22.61,13.408834,10.45,13.87,16.73,19.677
c_300_074,circle,300,15,4976512.446017131,524471.6859602435,146.0378545261509,166.57532626671028,145.56665017056494,142.14338721522554,150.0808045446629,17.916666666666668,0.8653023255813953,22.61,13.398001,11.005,14.04,16.494999,19.47
c_300_075,circle,300,15,4976511.411438821,524474.8700648756,118.08151622472431,133.34405845992737,119.3019519742515,116.5843188673409,121.82796138156101,17.19,0.8669769245685476,22.61,12.979649,10.795,13.6,15.835,18.805
c_300_076,circle,300,16,4975318.712,525555.8729497619,126.20953875015944,137.02832550060847,139.1608988095185,118.4335367184187,130.2080749446763,69.42666666666666,0.8795371615133474,22.29,15.4210005,13.75,15.99,17.81,19.69
c_300_077,circle,300,16,4975321.4205611795,525553.9050648756,95.43723408970648,103.4359401958075,105.42542711264065,89.47008089359427,98.44217057293723,67.07666666666667,0.8525070814490882,22.29,15.58809,13.92,16.04,17.86,19.77
c_300_078,circle,300,16,4975320.385982869,525550.7209602435,96.58663942701502,104.66880400280442,105.79666880516973,92.15302146044878,99.80128342385949,70.61666666666666,0.8160018881283927,22.97,16.07657,14.39,16.46,18.25,20.477
c_300_079,circle,300,16,4975317.038017131,525550.7209602435,131.9174079803269,143.1631838039773,144.61018809956528,125.04399255530544,136.18369310979372,72.05,0.8159148739301411,22.97,16.037064,14.4,16.62,18.34,20.43
c_300_080,circle,300,16,4975316.003438821,525553.9050648756,158.52254863818763,172.10827105854733,174.79426703525354,148.44810616805339,163.46829822501047,70.82666666666667,0.8607398343373494,22.97,15.810702,14.21,16.4,18.24,20.16
c_300_081,circle,300,17,4975371.046,526080.7399497619,92.3849730072257,108.30477661613513,95.49016449935387,90.31786093547703,96.62444376454793,33.17666666666667,0.7822767004923139,19.51,12.317965,10.3325,13.05,14.8475,16.887499
c_300_082,circle,300,17,4975373.754561179,526078.7720648756,100.77680839476015,118.01780890106029,103.87970469718626,98.52405070046531,105.299593173368,34.03666666666667,0.8152972284790911,19.51,12.363373,10.46,13.01,14.83,16.948
c_300_083,circle,300,17,4975372.719982869,526075.5879602435,93.89949732187168,107.81754916954375,98.03768115831794,91.75831499369652,97.87826066085746,32.18333333333333,0.8589331952356292,19.51,12.3635,10.29,13.13,15.04,17.064
c_300_084,circle,300,17,4975369.372017131,526075.5879602435,103.58385616215145,122.00666790150592,109.16067401975845,100.67548283376976,108.8566702292964,30.64666666666667,0.8513160757015444,19.51,12.357103,10.11,13.21,15.11,17.13
c_300_085,circle,300,17,4975368.337438821,526078.7720648756,97.61327868340894,114.29289656351054,102.48270083262472,93.15917409726951,101.88701254420342,32.08,0.7971737323358271,19.51,12.135366,9.59,12.99,15.01,17.13
c_300_086,circle,300,18,4975406.248,526551.8939497619,79.5082944649406,87.80797385250781,83.55799065629233,72.8030055990792,80.91931614320498,48.02,0.6979730667777315,19.63,8.409402,5.46,8.07,10.51,16.13
c_300_087,circle,300,18,4975408.956561179,526549.9260648756,83.99411071230827,92.81373950689364,88.03095557483873,77.21754146090477,85.51408681373636,51.056666666666665,0.6761115100868317,19.89,8.535998,5.54,8.13,10.88,16.0
c_300_088,circle,300,18,4975407.921982869,526546.7419602434,81.29181589723314,89.84790994773587,85.08501913572225,74.75264045670284,82.74434635934853,51.7,0.6647969052224372,19.89,8.804128,5.665,8.47,11.5,16.205
c_300_089,circle,300,18,4975404.574017131,526546.7419602434,91.0059877958021,102.61237609174687,95.12562696633702,85.36791101577978,93.52797546741644,51.083333333333336,0.6825448613376836,19.89,8.871974,5.57,8.57,11.79,16.38
c_300_090,circle,300,18,4975403.53943882,526549.9260648756,88.16127493477273,99.40600857916377,92.44355208701579,82.45635053451753,90.61679653386746,47.913333333333334,0.7029358564074023,19.89,8.458811,5.44,8.08,10.63,16.36
c_300_091,circle,300,19,4975693.698,526339.2279497619,174.8840624692865,196.8664325977576,183.4574421089946,156.67152844751382,177.96986640588813,44.36,0.8946498346859032,24.73,14.424255,11.31,15.47,18.53,21.59
c_300_092,circle,300,19,4975696.406561179,526337.2600648756,106.46386289216501,115.75151425981622,112.13318750314687,100.04178749899043,108.59758803852964,45.04333333333334,0.9221490416635832,24.73,13.909039,10.17,14.9,18.16,21.47
c_300_093,circle,300,19,4975695.371982869,526334.0759602435,132.30783969919642,156.96912171216755,139.3791027538987,115.38026175504572,136.0090814800771,43.89,0.9297486139591403,25.43,13.912908,10.44,14.61,18.0,21.42
c_300_094,circle,300,19,4975692.024017131,526334.0759602435,133.18281188196528,156.61190295052177,139.3961567534489,116.9566136280219,136.53687130348948,44.42333333333333,0.9248142867862235,27.48,14.75176,11.57,15.69,18.62,22.52
c_300_095,circle,300,19,4975690.989438821,526337.2600648756,133.17096446771885,152.0251809104887,140.74790267196585,118.92558799785479,136.21740901200707,43.843333333333334,0.8922679236676043,24.75,13.98968,10.52,14.98,18.09,21.08
c_300_096,circle,300,20,4976026.288,526563.809949762,186.8992061141784,219.46036857231806,190.75785225209103,200.68698187882947,199.4511022043542,53.59,0.9396031597934938,22.28,13.512487,10.91,14.2,16.76,19.25
c_300_097,circle,300,20,4976028.996561179,526561.8420648756,182.45060111833305,212.8186392688234,185.99508186852609,196.43797135862374,194.42557340357658,54.63666666666666,0.9298395460923677,22.68,13.438373,10.67,14.05,16.9,19.63
c_300_098,circle,300,20,4976027.961982869,526558.6579602435,188.6558285089621,219.38228182055286,191.53746663500294,206.7429133878792,201.57962258809928,54.026666666666664,0.9315769990128332,22.68,13.549476,10.74,14.2,17.05,19.73
c_300_099,circle,300,20,4976024.614017131,526558.6579602435,170.1350647989459,199.79498944674862,172.10855034360662,191.34336302531653,183.34549190365442,54.056666666666665,0.9393845964111734,23.88,13.409397,10.63,14.16,16.7,19.16
c_300_100,circle,300,20,4976023.5794388205,526561.8420648756,189.22658620553474,227.36867411036357,192.85589356388115,209.90721571851353,204.83959239957323,52.56666666666667,0.9466708941027266,23.88,13.946034,11.34,14.6,17.13,19.68
c_300_101,circle,300,21,4976291.761,525441.7359497619,151.60357625953242,172.42140157124152,161.48052237038357,151.12243361269054,159.156983453462,61.03666666666667,0.9300966632079078,28.52,17.531775,13.64,18.29,22.06,25.86
c_300_102,circle,300,21,4976294.469561179,525439.7680648756,228.52369768276526,254.44489055511426,247.93485824059715,222.8752851935202,238.44468291799922,62.05,0.9443459575611066,28.52,18.333714,14.07,19.75,22.9,26.05
c_300_103,circle,300,21,4976293.434982869,525436.5839602435,238.57045985385264,267.7105808770401,256.442133910245,230.1122487599218,248.2088558502649,61.24333333333333,0.95188591955587,28.52,18.027782,13.26,19.57,22.89,26.046
c_300_104,circle,300,21,4976290.087017131,525436.5839602435,188.85488024568986,215.71595269550295,201.06476214216053,184.3639718847851,197.4998917420346,61.95666666666666,0.9385054070048959,28.52,16.700012,11.83,17.68,21.77,25.58
c_300_105,circle,300,21,4976289.052438821,525439.7680648756,239.71569981182267,270.7116561433833,252.4158612745124,236.0109675532059,249.71354619573108,61.596666666666664,0.924995941338817,28.52,16.549873,12.18,16.88,21.28,25.63
c_300_106,circle,300,22,4976583.131,525409.6229497619,70.35119825572951,78.46944685629587,72.64164433398014,71.58360636243401,73.26147395210988,52.09,0.7037819159147629,29.67,14.612897,11.26,14.93,17.75,23.87
c_300_107,circle,300,22,4976585.839561179,525407.6550648756,86.8993610397942,96.91533015306462,89.77690841002502,87.25228321352418,90.21097070410201,53.64,0.7322271936365896,26.42,13.587175,10.87,14.43,16.48,19.929
c_300_108,circle,300,22,4976584.804982869,525404.4709602435,89.63480490348486,99.98828145132599,92.6135944197999,89.82377923119728,93.01511500145202,53.053333333333335,0.7531414928373963,24.63,13.014469,10.44,13.87,15.93,19.06
c_300_109,circle,300,22,4976581.457017131,525404.4709602435,72.62059231823838,81.02525760540253,74.92585042227675,73.89433745476269,75.6165094501701,51.56333333333333,0.747688926239576,26.5,13.478,10.7,14.03,16.5,21.1775
c_300_110,circle,300,22,4976580.422438821,525407.6550648756,66.77898822926403,74.50957039598865,68.92174538469659,68.26544582160595,69.6189374578888,54.63666666666666,0.7572448294795925,30.4,14.798869,11.27,14.79,18.19,25.2045
c_300_111,circle,300,23,4975689.685,526587.7149497619,200.9921344075535,209.08822472804403,211.94217062857194,181.7542899843231,200.94420493712315,50.31666666666667,0.8834713481285194,30.27,19.174911,11.577499,22.69,25.39,27.98
c_300_112,circle,300,23,4975692.393561179,526585.7470648756,182.95396622164134,189.59945614891888,192.87577490457113,163.5657625785541,182.24873996342137,48.53666666666667,0.850078978092164,30.27,19.107992,11.61,22.72,25.32,27.74
c_300_113,circle,300,23,4975691.3589828685,526582.5629602434,159.1450079102643,163.80178171495618,166.56809533505458,141.1789329503963,157.67345447766786,47.64,0.7749090400223901,30.27,18.862202,11.0,22.57,25.27,27.77
c_300_114,circle,300,23,4975688.011017131,526582.5629602434,153.98668462966833,165.98202137946305,169.068597478564,139.10943599092224,157.03668486965438,49.13333333333333,0.7733378561736771,30.27,19.258114,11.735,22.39,25.18,27.91
c_300_115,circle,300,23,4975686.97643882,526585.7470648756,177.43432593979435,191.2892097725066,194.29018126407837,162.17169364986995,181.2963526565623,49.416666666666664,0.8441146711635751,30.27,18.828714,11.46,22.18,25.07,27.85
c_300_116,circle,300,24,4975979.232,526256.2469497619,121.79708211311251,122.44500574150804,117.87782338449685,98.58070627190787,115.17515437775631,44.77,0.6884818703000521,25.78,13.663644,10.5,14.65,17.53,21.197
c_300_117,circle,300,24,4975981.940561179,526254.2790648756,132.1404184370429,128.80815623957295,124.12262667523562,106.7349019093989,122.95152581531259,49.693333333333335,0.7150523209015294,27.37,14.617879,11.06,15.51,18.49,23.3505
c_300_118,circle,300,24,4975980.905982869,526251.0949602434,142.94923684524846,135.75345720282024,131.9861209417689,115.42588600268454,131.52867524813053,50.47,0.6516742619377848,27.7,15.965767,12.235,16.54,20.87,24.51
c_300_119,circle,300,24,4975977.558017131,526251.0949602434,73.87518426473608,70.48908393593454,69.00924726691507,65.69300635543334,69.76663045575475,44.583333333333336,0.5583551401869159,26.95,14.952556,11.3975,15.225,19.8325,23.99
c_300_120,circle,300,24,4975976.523438821,526254.2790648756,28.386410336245945,30.175082298161996,29.200316905677496,25.99953086504938,28.440335101283704,37.88333333333333,0.5421029476462824,25.78,12.760089,8.66,13.89,16.68,21.44
c_300_121,circle,300,25,4976208.282,526364.6269497619,78.99838760859043,84.88011834630014,78.30376755222814,74.9613314554915,79.28590124065255,49.92333333333333,0.9582025772851706,20.86,10.078539,7.62,9.46,12.325,17.38
c_300_122,circle,300,25,4976210.990561179,526362.6590648756,63.507282803997775,67.79417646030859,62.4372438028633,60.98206656492269,63.68019240802309,48.846666666666664,0.9585096219462262,20.6,9.29659,7.25,9.06,10.81,16.19
c_300_123,circle,300,25,4976209.955982869,526359.4749602434,71.49616749212109,76.86339658732439,70.10990317286108,68.94145060985161,71.85272946553954,48.916666666666664,0.9547529812606473,20.6,9.449841,6.97,9.04,11.42,16.33
c_300_124,circle,300,25,4976206.608017131,526359.4749602434,84.11331196626409,91.39237243527539,83.80951193081944,80.72100562937742,85.00905049043409,49.60666666666667,0.9534336782690499,20.86,10.06524,6.87,9.53,13.16,17.456
c_300_125,circle,300,25,4976205.57343882,526362.6590648756,77.58304694723515,86.41265759414368,77.59844120097479,74.48421987751286,79.0195914049666,49.75666666666667,0.9449320024117371,20.86,10.4012785,7.25,9.85,13.68,17.678
c_300_126,circle,300,29,4975605.615,524629.6999497619,197.47686535933494,214.39882240359378,217.55181343196384,185.55558479501573,203.74577149747708,20.856666666666666,0.879494965638485,26.08,16.363165,13.16,18.15,20.595001,22.98
c_300_127,circle,300,29,4975608.323561179,524627.7320648755,212.41406089178776,230.6321251702114,234.00455168099995,199.68898510102466,219.18493071100593,20.706666666666667,0.8921442369607212,26.08,16.27571,12.895,17.904999,20.46,22.73
c_300_128,circle,300,29,4975607.288982869,524624.5479602434,201.26317645663167,218.565368495475,221.66674622725913,189.2034262346854,207.67467935351277,19.053333333333335,0.8724632610216935,25.21,17.066984,14.815001,18.83,20.83,22.79
c_300_129,circle,300,29,4975603.941017131,524624.5479602434,190.1969391671331,206.38978937426342,209.83160734427,178.70028870825035,196.2796561484792,18.63,0.8708176775809626,26.08,17.496521,15.635,19.18,21.205,23.33
c_300_130,circle,300,29,4975602.906438821,524627.7320648755,174.26718577597973,189.17823119543186,192.17826945262664,163.6492522440382,179.81823466701908,18.963333333333335,0.8581473018105115,26.08,17.492643,15.512501,19.134998,21.21,23.26
c_300_131,circle,300,30,4977166.833,524595.6469497619,133.59300317449308,144.28932049145263,145.80558930495403,124.34395900518878,137.00796799402212,40.82,0.7947901355544668,16.67,7.974711,4.75,8.02,11.04,13.81
c_300_132,circle,300,30,4977169.541561179,524593.6790648756,90.65610825833758,101.9571372163087,103.00893525867369,89.29545678453364,96.2294093794634,40.68333333333333,0.8077836952068824,16.32,8.351485,5.28,8.48,11.365,13.84
c_300_133,circle,300,30,4977168.506982869,524590.4949602435,90.8523642012467,101.70291168122887,101.84606751993634,85.705071736702,95.02660378477847,40.593333333333334,0.8033338807685991,16.32,8.307936,5.09,8.65,11.335,13.658999
c_300_134,circle,300,30,4977165.159017131,524590.4949602435,151.37599937927098,167.74007723546998,168.00237967610232,150.24087853681328,159.33983370691413,39.693333333333335,0.7793080282163252,16.67,7.906428,4.5,8.27,10.89,13.46
c_300_135,circle,300,30,4977164.12443882,524593.6790648756,152.0085583597463,153.99516880323003,154.8993810132683,139.3548442219084,150.06448809953827,40.45333333333333,0.7799110085695452,16.67,7.5028567,4.3,7.54,10.49,13.35
c_300_136,circle,300,31,4976243.76,524838.1180497622,221.79281462937726,241.17723694181285,233.32714895451804,216.66082629138486,228.23950670427325,59.16,0.9493464052287581,30.83,15.841111,12.11,16.22,19.79,25.576
c_300_137,circle,300,31,4976246.468561179,524836.1501648759,207.77882057384957,224.2487909183292,218.7330680519348,201.3063843182647,213.01676596559457,58.95333333333333,0.9669229899355423,30.83,16.884785,13.1,17.37,21.1,26.34
c_300_138,circle,300,31,4976245.433982869,524832.9660602438,183.30173560619755,192.0235138427351,193.06347969266045,175.7067552596247,186.02387110030446,55.13333333333333,0.9783555018137847,30.83,17.098846,12.7425,17.74,21.47,26.81
c_300_139,circle,300,31,4976242.086017131,524832.9660602438,196.2784305933755,205.53249828634162,206.47206996192065,189.21156540019064,199.3736410604571,54.11666666666667,0.9685247921157992,30.4,15.550049,11.29,16.345001,19.78,24.33
c_300_140,circle,300,31,4976241.051438821,524836.1501648759,204.69420025443495,219.09637903462306,215.4472973453011,197.888853945926,209.28168264507127,55.98,0.9574848160057163,30.4,14.852052,10.83,15.36,18.76,23.13
c_300_141,circle,300,32,4975778.346899999,525030.9633497614,173.40645513351728,181.93995470171222,178.1765412566871,169.43151401635603,175.73861627706816,65.15666666666667,0.9699698163401034,27.65,19.696804,16.16,21.24,23.3,25.24
c_300_142,circle,300,32,4975781.0554611785,525028.9954648751,182.86655842457913,191.4775288051846,187.2037313666653,181.57581764641623,185.7809090607113,64.32333333333334,0.979012281701819,27.65,19.364532,15.96,20.63,22.91,24.9
c_300_143,circle,300,32,4975780.020882868,525025.811360243,218.50779072617303,221.41351711940678,216.48238473425596,209.54214938863274,216.48646049211712,67.31666666666666,0.981530081703392,27.65,19.269335,15.63,20.78,23.07,24.91
c_300_144,circle,300,32,4975776.67291713,525025.811360243,227.18745346710017,231.7740253015509,226.849853295708,216.336607668539,225.53698493322452,66.84666666666666,0.9749675875137129,27.65,19.310791,15.78,20.86,23.06,24.79
c_300_145,circle,300,32,4975775.63833882,525028.9954648751,201.88082541926744,211.52958014874446,205.80872886060914,198.67666735599502,204.47395044615402,66.29,0.9684215819379494,27.65,19.608435,16.1,21.23,23.26,25.17
c_300_146,circle,300,33,4975431.0747,525199.4188497616,93.6567822179577,104.56181731870176,97.28595158441648,90.27717910255532,96.44543255590781,60.36,0.9229070024298652,21.25,12.852191,10.4575,13.71,15.82,18.38
c_300_147,circle,300,33,4975433.783261179,525197.4509648753,102.43670033936704,114.43227354720776,106.24109366851657,99.1017637814332,105.55295783413113,58.986666666666665,0.9225248643761302,21.25,12.896981,10.4,13.54,15.98,18.55
c_300_148,circle,300,33,4975432.748682869,525194.2668602432,158.0361881108282,176.08626442981435,164.02989374430692,150.76059538706775,162.2282354180043,59.79,0.9322629202207727,21.25,12.597125,10.0,13.19,15.79,18.43
c_300_149,circle,300,33,4975429.400717131,525194.2668602432,173.75084479433968,193.54047781806386,180.38433821678018,165.35392988124133,178.25739767760626,60.78666666666667,0.929370475981575,21.25,12.94287,10.41,13.69,16.05,18.67
c_300_150,circle,300,33,4975428.366138821,525197.4509648753,151.3832957202064,168.75158211958802,157.05940530107117,144.36330574307607,155.38939722098542,60.86666666666667,0.9305038335158817,21.25,12.974005,10.64,13.84,15.92,18.55
c_300_151,circle,300,34,4975783.509400001,525503.6471497621,62.400106083535825,67.28262949920816,67.31153979662867,60.300023219642455,64.32357464975378,39.16,0.5160878447395302,33.65,23.009659,20.98,25.14,27.98,30.698
c_300_152,circle,300,34,4975786.21796118,525501.6792648758,17.495223288368344,18.977355754263165,17.316299140023883,19.163668691230946,18.238136718471587,39.78666666666667,0.5721347184986595,33.65,23.420797,21.0,24.71,27.88,31.118
c_300_153,circle,300,34,4975785.18338287,525498.4951602437,113.60382583808736,122.32210312655624,124.36488627415541,106.92669321168275,116.80437711262044,41.49333333333333,0.6899100257069408,33.65,24.14338,22.29,25.05,28.39,31.13
c_300_154,circle,300,34,4975781.835417132,525498.4951602437,113.60382583808736,122.32210312655624,124.36488627415541,106.92669321168275,116.80437711262044,46.04666666666667,0.6939336904589547,33.65,24.31745,22.86,26.3,28.8,31.05
c_300_155,circle,300,34,4975780.800838822,525501.6792648758,109.54819177880127,118.02697279084131,119.65071072755723,103.62258866134368,112.71211598963588,44.03,0.5919448860625331,33.65,23.86096,22.095001,25.85,28.45,30.95
c_300_156,circle,300,35,4975143.703,524715.667549762,24.63864281291776,43.74854621925607,42.93967989002012,39.585368423341635,37.7280593363839,11.626666666666667,0.6829128440366973,26.25,14.65016,10.9725,15.06,18.46,23.277
c_300_157,circle,300,35,4975146.411561179,524713.6996648756,25.43381681447697,44.37970022724685,43.83735714118487,40.33951427616506,38.49759711476844,10.413333333333334,0.7026248399487837,24.41,13.842455,10.865,14.55,17.5,20.22
c_300_158,circle,300,35,4975145.376982869,524710.5155602435,20.781941668686844,33.61222996928364,32.93240126522379,30.11987620760982,29.361612277701024,9.686666666666667,0.700963523743978,24.07,13.427437,10.56,13.92,17.08,19.56
c_300_159,circle,300,35,4975142.029017131,524710.5155602435,25.862056546179574,45.67387847420048,45.07508831016069,41.49562318506462,39.526661628901344,10.676666666666666,0.6678114267873868,25.86,14.178648,10.4,14.73,18.365002,22.251
c_300_160,circle,300,35,4975140.9944388205,524713.6996648756,24.63864281291776,43.74854621925607,42.93967989002012,39.585368423341635,37.7280593363839,11.996666666666666,0.676021116976938,26.25,15.478024,11.18,16.08,19.92,23.684
c_300_161,circle,300,36,4976621.261,525712.5486497618,81.34056376176879,107.0696113993386,101.71771573996122,93.28777170454313,95.85391565140293,51.276666666666664,0.8278619255021777,22.81,12.866154,8.12,13.73,17.2,20.79
c_300_162,circle,300,36,4976623.969561179,525710.5807648755,85.19664793828548,101.03674128214415,90.24925603574074,82.17658423306843,89.6648073723097,49.343333333333334,0.8169290008782004,22.63,12.044308,7.83,12.9,16.13,18.43
c_300_163,circle,300,36,4976622.934982869,525707.3966602434,71.25024111263896,85.45612854062466,75.97337894449487,68.79349346489053,75.36831051566224,44.34,0.7848443843031123,21.27,11.289098,7.07,11.78,15.63,18.03
c_300_164,circle,300,36,4976619.587017131,525707.3966602434,41.356248445113756,53.11173164733689,43.51967397397458,41.789280522215016,44.94423364716006,43.723333333333336,0.7652664481207593,21.88,11.968794,7.53,12.4,16.3,19.02
c_300_165,circle,300,36,4976618.552438821,525710.5807648755,107.46707794749078,133.20004775039286,113.21048394611614,106.55283451011493,115.10761103852869,47.92333333333333,0.8049662655630521,22.76,12.567118,8.24,13.14,16.73,20.09
c_300_166,circle,300,37,4976493.278200001,526114.7308497615,191.78667370607246,191.4381240578173,194.84119677208417,172.79238446948384,187.71459475136444,36.11666666666667,0.9318874019381633,28.81,19.261335,17.66,20.66,23.04,25.46
c_300_167,circle,300,37,4976495.986761181,526112.7629648752,252.8239611680301,258.07579976625937,261.0310434282844,229.9710260933374,250.47545761397782,34.76,0.948120444955888,28.81,19.539934,17.9,20.91,23.27,25.64
c_300_168,circle,300,37,4976494.95218287,526109.5788602431,258.5243710464956,264.97315474263905,268.39295142306946,234.75852815335006,256.6622513413885,35.263333333333335,0.9590698553738538,28.43,19.39517,17.75,20.61,23.11,25.42
c_300_169,circle,300,37,4976491.604217133,526109.5788602431,254.1871579782561,240.70683115959727,242.10296509974228,223.76867071820342,240.19140623894978,36.986666666666665,0.9510634462869503,27.73,18.494656,16.41,19.89,22.5,24.86
c_300_170,circle,300,37,4976490.569638822,526112.7629648752,259.67540823414487,233.99973918130797,236.3061457535218,224.49461978113237,238.61897823752673,37.43666666666667,0.9342890214584632,27.73,18.686064,16.87,20.23,22.67,25.08
c_300_171,circle,300,38,4976145.162599999,526065.4969497621,160.63742316555437,177.7279069736318,169.30850252124827,160.14980147687186,166.95590853432657,49.85,0.8651955867602809,26.14,15.76118,13.14,16.51,18.65,22.101
c_300_172,circle,300,38,4976147.871161179,526063.5290648758,172.17370188151114,187.19116357390206,181.55234525932934,172.2543529709087,178.29289092141283,51.733333333333334,0.8956829896907217,25.51,14.835715,11.94,15.77,18.09,21.0
c_300_173,circle,300,38,4976146.836582868,526060.3449602437,142.29644319718457,156.93666805869273,150.01882085248732,137.8999523311565,146.7879711098803,49.276666666666664,0.9078671446932287,24.1,14.482224,11.48,15.34,17.99,20.82
c_300_174,circle,300,38,4976143.488617131,526060.3449602437,150.5582539989698,166.70446764961537,159.45059738367695,147.5127935016435,156.0565281334764,49.27,0.9082606048305256,26.07,15.164914,12.25,15.91,18.48,21.86
c_300_175,circle,300,38,4976142.45403882,526063.5290648758,196.4559185320958,216.09832382084105,209.39357909901216,191.55498549421247,203.37570173654038,49.38666666666666,0.8708828293736501,26.14,15.864306,13.22,16.66,18.79,22.35
c_300_176,circle,300,39,4976667.816199999,524718.757949762,190.7989438536021,208.92200977618103,210.51950069427235,175.37767576062492,196.4045325211701,42.86,0.8601648778970291,30.84,18.574144,14.5975,20.36,24.06,27.69
c_300_177,circle,300,39,4976670.5247611785,524716.7900648757,181.85727802782478,198.79465498744838,201.30075054466158,164.55641750354093,186.62727526586892,38.01,0.8041743400859422,30.84,16.445374,6.34,18.37,24.25,27.92
c_300_178,circle,300,39,4976669.490182868,524713.6059602436,98.5858389492893,106.78612777234915,108.34804386333883,90.03878015663676,100.9396976854035,36.74666666666667,0.7164368650217707,30.84,14.609387,5.3325,15.315001,23.26,27.97
c_300_179,circle,300,39,4976666.14221713,524713.6059602436,97.135123231759,104.54634600318953,107.15639295253598,87.46088476844844,99.07468673898322,37.873333333333335,0.7591973244147158,30.84,16.869316,10.35,17.8,23.38,27.85
c_300_180,circle,300,39,4976665.10763882,524716.7900648757,180.96637803169153,195.58135356810465,200.16737025392518,166.06026917348055,185.69384275680045,41.45666666666666,0.8498834123984884,30.84,18.371386,14.26,19.73,23.92,27.8
c_300_181,circle,300,40,4975142.120300001,525339.2822497617,240.22617237955888,290.7342190698008,260.52206223320724,232.62149386225383,256.0259868862052,55.01,0.9214082288068836,30.77,16.379425,11.702499,16.22,21.18,26.6
c_300_182,circle,300,40,4975144.828861181,525337.3143648754,219.86821596416712,265.6778683377846,239.1630830905942,212.17385014216364,234.2207543836774,53.276666666666664,0.914909591440906,30.77,16.516834,11.79,16.38,21.26,26.939001
c_300_183,circle,300,40,4975143.79428287,525334.1302602433,232.71651459696372,273.0867995082763,251.54316673079597,222.2359116984402,244.89559813361905,55.913333333333334,0.9137951591749136,30.77,16.212103,11.62,16.195,20.75,26.7865
c_300_184,circle,300,40,4975140.446317133,525334.1302602433,197.84965772782496,239.2573129772742,215.7259702648014,192.10792284868558,211.23521595464655,58.92,0.9134419551934827,30.77,16.006227,11.56,16.15,20.58,25.07
c_300_185,circle,300,40,4975139.411738822,525337.3143648754,240.1288815082114,298.51679119234893,261.0408673086207,236.14833224683068,258.95871806400294,58.803333333333335,0.9105492885890822,30.77,16.019888,11.58,16.2,20.63,24.71
c_300_186,circle,300,41,4975247.676100001,526354.7805497618,207.45310699362994,228.16835859134667,224.45690812763502,199.9357169128247,215.00352265635908,33.71333333333333,0.8501087601344671,30.56,16.217285,8.59,16.665,24.02,27.56
c_300_187,circle,300,41,4975250.38466118,526352.8126648755,192.1224479944539,213.05343511784827,205.8972497596093,186.78390014915917,199.46425825526765,31.4,0.8319532908704883,30.56,15.812107,7.78,16.23,23.92,27.42
c_300_188,circle,300,41,4975249.35008287,526349.6285602434,177.20781816487371,196.1476780180686,191.44216175871617,170.18056728177208,183.74455630585766,32.07666666666667,0.8347708614777096,30.56,16.118969,7.56,17.86,24.22,27.31
c_300_189,circle,300,41,4975246.002117132,526349.6285602434,190.7152570006807,209.1769984584679,208.2178914347429,180.94946167751786,197.26490214285235,32.52333333333333,0.8670697960438659,30.56,15.619784,8.28,15.165,23.1,27.02
c_300_190,circle,300,41,4975244.9675388215,526352.8126648755,199.9196665649295,219.6909726925797,217.10669781247083,191.369665780166,207.0217507125365,32.13,0.8789293495175848,30.56,15.013676,8.32,12.975,22.76,27.134499
c_300_191,circle,300,42,4976260.5759,526708.4831497623,155.82261696757425,169.90902012758062,169.43005076112567,146.43148869600327,160.39829413807095,16.633333333333333,0.9238476953907816,27.51,15.756616,12.54,16.06,19.31,23.54
c_300_192,circle,300,42,4976263.284461179,526706.515264876,98.16361891115315,107.9707307603192,105.1199931943787,93.46760230589976,101.1804862929377,16.563333333333333,0.9211108875025156,27.51,15.389362,12.48,15.77,18.53,22.644
c_300_193,circle,300,42,4976262.2498828685,526703.3311602438,68.46015172879578,75.51602378227975,72.70953926857275,65.71391816158535,70.5999082353084,16.156666666666666,0.9166494739013823,26.04,14.932158,12.53,15.78,17.855,20.559
c_300_194,circle,300,42,4976258.901917131,526703.3311602438,75.46843511161498,83.66247660064757,79.44174265337674,71.66438172831099,77.55925902348757,16.186666666666667,0.9071252059308073,23.0,14.918885,12.66,15.82,17.88,19.97
c_300_195,circle,300,42,4976257.86733882,526706.515264876,119.14035238995523,131.1548706116494,126.73031291899298,112.50057769064071,122.38152840280958,16.136666666666667,0.9089031191902499,26.04,15.26742,12.63,15.8,18.58,21.44
c_300_196,circle,300,43,4976353.940300001,526483.3982497621,169.86742006936976,182.59451081778795,170.60337164790718,159.60904308811178,170.66858640579414,54.42,0.960737473967904,25.25,15.490987,12.58,16.12,19.22,22.28
c_300_197,circle,300,43,4976356.64886118,526481.4303648758,181.95787626374022,187.93927272591984,177.49106053898967,169.08265845893894,179.11771699689717,54.27,0.9584177876051839,24.04,15.94556,12.887501,16.95,19.91,22.2
c_300_198,circle,300,43,4976355.61428287,526478.2462602437,203.50872858305758,216.16346419368483,204.2912609266532,190.66891260382394,203.65809157680488,56.06,0.9510048757283862,25.33,16.196777,12.9625,17.31,20.23,22.57
c_300_199,circle,300,43,4976352.266317132,526478.2462602437,207.38188741377027,222.99977601467984,209.74866292109675,194.0375430089308,208.54196733961942,57.56666666666667,0.9548928778228142,26.25,16.370882,12.98,17.28,20.37,23.42
c_300_200,circle,300,43,4976351.231738822,526481.4303648758,188.08982272537884,204.28777696652674,191.13013005780275,176.28214880661113,189.94746963907988,56.9,0.9581722319859403,26.25,15.843582,12.33,16.58,19.87,23.24
s_100_001,square,100,1,4974552.016,525147.4859321882,133.88093276095884,144.41074547895076,148.6349067405012,124.02630799163497,137.73822324301145,56.77,0.6455874581645236,28.8,20.91394,19.19,22.18,24.64,26.948
s_100_002,square,100,1,4974557.293348116,525143.6517143468,147.63911911528697,159.93635515933323,162.65110648332467,136.9467200361306,151.79332519851886,51.92,0.7392141756548536,28.8,20.427208,18.314999,21.88,24.2875,26.753
s_100_003,square,100,1,4974555.277580506,525137.4478195593,189.37662741529027,205.35858218326766,208.6288640210252,177.00578258911355,195.0924640521742,41.87,0.919035108669692,27.92,19.89778,18.0375,21.845001,23.91,25.633
s_100_004,square,100,1,4974548.7544194935,525137.4478195593,176.48449441828717,197.72079805350418,192.86982100860573,169.23617205099103,184.07782138284705,42.05,0.9724137931034482,27.45,18.090025,14.84,19.64,22.88,25.19
s_100_005,square,100,1,4974546.738651884,525143.6517143468,228.91962412540366,254.45354387228673,253.65835843967997,217.90065562663938,238.73304551600245,47.71,0.8949905680150911,28.16,19.203781,17.6625,20.93,23.22,26.05
s_100_006,square,100,2,4975569.679,524911.0009321882,0.0,0.0,0.0,0.0,0.0,38.91,0.6730917501927525,33.1,17.419958,9.35,18.52,24.53,31.862
s_100_007,square,100,2,4975574.956348116,524907.1667143469,26.952151793098608,30.152387603924886,27.986102578023893,25.3231670289556,27.603452251000746,44.2,0.6328054298642534,29.53,14.033655,9.88,12.91,17.64,25.484
s_100_008,square,100,2,4975572.940580506,524900.9628195593,52.28444153241149,59.6336365230001,54.49825056142902,49.66191833581522,54.01956173816396,67.75,0.8397047970479705,31.7,18.189558,10.29,19.33,24.95,29.22
s_100_009,square,100,2,4975566.417419493,524900.9628195593,235.49845261242237,255.62741015493756,258.94181261730836,219.45027349658807,242.3794872203141,57.17,0.9179639671156201,31.91,21.618713,19.78,23.71,27.21,30.04
s_100_010,square,100,2,4975564.4016518835,524907.1667143469,124.40985874688647,133.8920389180169,138.44619906824244,114.3467635203689,127.77371506337867,42.53,0.8036679990594874,31.7,23.875435,21.5425,24.425,27.04,29.63
s_100_011,square,100,3,4975188.667,525011.4969321882,158.57635146420404,195.59643081666624,172.88970363410442,158.2758981187593,171.3345960084335,48.09,0.8172177167810356,25.13,10.098373,6.8125,8.87,12.45,20.4655
s_100_012,square,100,3,4975193.944348116,525007.6627143468,315.8999188393594,369.9174560112509,338.38421475064416,301.9801508283517,331.54543510740154,61.27,0.7959849844948588,27.09,14.780422,8.18,13.6,22.14,24.9
s_100_013,square,100,3,4975191.928580507,525001.4588195592,156.77467194641184,184.41785111627948,162.2319864429785,149.90130151760206,163.33145275581796,49.16,0.7144019528071603,26.3,10.970042,6.84,9.315001,12.8125,23.99
s_100_014,square,100,3,4975185.405419494,525001.4588195592,151.7653527442871,163.45261325904494,140.18092126048282,154.24611188319494,152.41124978675245,50.57,0.7975084041922088,20.97,10.894213,7.53,9.57,15.04,19.234
s_100_015,square,100,3,4975183.389651884,525007.6627143468,76.16991210534286,102.04472604952733,80.11963146998774,80.20407715138668,84.63458669406116,46.19,0.8021216713574367,16.19,8.389399,6.61,8.26,9.83,13.886001
s_100_016,square,100,4,4974882.089,525130.5089321882,57.50413192220044,67.77829950327182,60.49671243719204,58.81594631863674,61.148772545325265,58.39,0.8138379859564994,21.48,9.676402,6.3875,9.14,12.6525,17.8445
s_100_017,square,100,4,4974887.366348116,525126.6747143468,79.15246088390676,85.82832325779879,86.16073529464782,75.63205910205272,81.69339463460153,47.32,0.8571428571428571,21.15,9.607931,5.0175,8.785,14.43,18.244999
s_100_018,square,100,4,4974885.350580506,525120.4708195592,142.9559617957691,160.74917594134496,156.34169740652078,138.16636161145726,149.55329918877302,47.28,0.8978426395939086,20.18,9.588728,5.05,8.55,14.03,17.68
s_100_019,square,100,4,4974878.827419493,525120.4708195592,67.73437764384849,73.75917122370068,73.59718732637559,64.41771024376709,69.87711160942297,48.49,0.9049288513095484,20.91,10.852937,7.31,10.875,14.1525,17.61
s_100_020,square,100,4,4974876.811651884,525126.6747143468,103.19255882016598,114.12770814626711,110.1350672071452,100.18065796610048,106.9089980349197,51.51,0.84469035138808,18.04,9.485079,6.07,9.26,12.775,15.975
s_100_021,square,100,5,4975907.399,524774.6049321882,91.97787156189781,103.46636506254853,92.55854798681214,87.1155386881126,93.77958082484278,52.87,0.8110459617930773,21.985,12.603253,9.6625,13.53,16.5075,19.215
s_100_022,square,100,5,4975912.676348116,524770.7707143468,43.50127422683534,49.90516123257943,45.564597297178196,46.48762764406021,46.3646651001633,46.56,0.9128006872852233,23.745,13.014268,8.3575,13.55,17.502499,20.815
s_100_023,square,100,5,4975910.660580507,524764.5668195592,53.061469708902116,78.07160610744104,76.90392527876587,73.46428635201374,70.37532186178069,48.81,0.9203032165539848,23.165,12.477745,7.335,13.344999,17.485,20.234001
s_100_024,square,100,5,4975904.137419494,524764.5668195592,41.24968116578762,59.32350246303949,56.84559128747421,56.59203604717849,53.50270274086995,44.67,0.8661293933288561,24.185,11.842886,8.555,11.715,15.535,21.735
s_100_025,square,100,5,4975902.121651884,524770.7707143468,180.03469147197632,176.93068543125295,156.81342268261662,165.17148154467446,169.7375702826301,53.02,0.7632968691059977,30.185,15.089398,11.635,14.565,18.93,26.955
s_100_026,square,100,6,4976225.143,524513.3849321882,82.96041384495531,94.2791746781729,81.95279660116044,76.59906539985242,83.94786263103526,15.81,0.9810246679316889,26.0,13.782049,11.25,13.36,16.224998,22.439999
s_100_027,square,100,6,4976230.420348116,524509.5507143468,92.66272057719553,105.33269856591828,94.07597787902961,86.0146841172933,94.52152028485918,16.22,0.9833538840937115,24.17,14.841649,12.78,14.84,17.62,19.746
s_100_028,square,100,6,4976228.4045805065,524503.3468195592,193.3673271227191,214.7132898339948,206.12742769211553,180.53436286321627,198.68560187801143,17.47,0.9444762449914138,26.2,15.952448,14.762501,16.78,18.1475,20.32
s_100_029,square,100,6,4976221.881419494,524503.3468195592,202.56951639993503,224.88954263144936,213.6102344624211,189.57368823898258,207.660745433197,18.56,0.9105603448275862,24.82,17.259691,15.252501,17.84,20.16,23.531
s_100_030,square,100,6,4976219.865651884,524509.5507143468,279.1663033416491,307.18734604441954,299.05137714661174,264.53770190113414,287.4856821084536,22.5,0.9515555555555556,26.59,16.607178,13.31,16.67,20.47,23.49
s_100_031,square,100,7,4976269.182,525030.1299321882,139.1080671758447,144.1858862097752,137.99438679166272,127.25248491562583,137.1352062732271,61.78,0.9197151181612172,23.14,16.02371,12.79,15.955,19.73,22.03
s_100_032,square,100,7,4976274.459348116,525026.2957143468,226.64265720947878,277.9908279514898,265.0833475238372,200.49638835198803,242.55330525919842,64.28,0.9287492221530803,22.26,15.099869,12.12,15.15,18.77,21.57
s_100_033,square,100,7,4976272.443580506,525020.0918195592,121.99027121678924,185.0468624400236,135.3407836857026,132.14723046027976,143.6312869506988,45.89,0.992808890825888,22.38,11.368174,9.14,11.684999,13.67,16.37
s_100_034,square,100,7,4976265.920419494,525020.0918195592,46.98529891785959,53.791069401320726,49.109281453829766,56.71460094189711,51.6500626787268,41.53,0.9951842041897424,22.2,10.842628,8.89,11.36,13.0,15.24
s_100_035,square,100,7,4976263.904651884,525026.2957143468,133.82931412690036,124.52975057565351,120.22570412846143,120.59217882528053,124.79423691407395,57.66,0.9620187304890739,23.56,14.075933,11.57,13.51,17.2,21.59
s_100_036,square,100,8,4976535.25,524989.3019321882,46.253350636695075,52.73051057269061,44.909645590399556,43.481892833098435,46.84384990822092,52.43,0.9549876025176426,22.14,9.729648,7.33,9.35,11.65,17.757
s_100_037,square,100,8,4976540.527348116,524985.4677143468,37.6020432498285,40.01716524466189,36.54281121453198,30.630405459056362,36.19810629201968,55.26,0.9292435758233804,26.61,13.175696,8.34,11.23,18.73,24.51
s_100_038,square,100,8,4976538.511580506,524979.2638195592,59.30293748524959,62.16835431559371,58.6045732102999,41.07011246665281,55.286494369449,53.01,0.908696472363705,33.21,14.578919,9.75,14.06,18.55,27.552
s_100_039,square,100,8,4976531.988419494,524979.2638195592,123.34193631655937,126.79707181451191,119.74059931032849,106.48127615215503,119.09022089838871,60.84,0.7961867192636424,26.01,13.807259,8.9275,14.5,18.39,22.098501
s_100_040,square,100,8,4976529.972651884,524985.4677143468,93.8696097693625,105.71229367637119,94.92257112510465,87.09791687933121,95.40059786254238,61.34,0.873981089012064,30.1,13.800766,8.15,14.67,18.47,24.05
s_100_041,square,100,9,4976764.273,524976.8129321882,268.69994346985845,301.9538118448886,295.9049441116572,236.51465383708071,275.76833831587123,59.74,0.9536324070974221,32.98,16.893272,11.55,16.82,21.44,29.62
s_100_042,square,100,9,4976769.550348116,524972.9787143468,314.93517493990873,363.6605716903992,345.7637118859345,270.6341938491071,323.7484130913374,61.7,0.9636952998379255,32.98,19.694065,14.675,20.71,25.21,30.44
s_100_043,square,100,9,4976767.534580506,524966.7748195592,0.0,0.0,0.0,0.0,0.0,50.05,0.8171828171828172,32.08,14.22545,8.9325,13.76,19.0775,26.4255
s_100_044,square,100,9,4976761.011419494,524966.7748195592,0.0,0.0,0.0,0.0,0.0,50.27,0.6948478217624826,31.54,15.548966,9.1,14.8,22.82,27.713999
s_100_045,square,100,9,4976758.995651884,524972.9787143468,241.8199763431171,308.71059311876826,258.195502181911,193.7783549394173,250.62610664580342,51.12,0.8110328638497653,24.16,11.53841,7.8325,10.855,14.7775,21.49
s_100_046,square,100,10,4975957.068,525216.0259321881,222.95968639091498,256.2256610549024,231.94420154279442,218.36456130280268,232.37352757285362,58.71,0.9781979219894397,21.11,13.757711,11.575,14.23,16.4,18.43
s_100_047,square,100,10,4975962.345348116,525212.1917143468,291.09559843495373,337.68123018918936,304.0860541138893,276.5936947468175,302.36414437121243,56.95,0.9697980684811238,22.32,16.494879,15.235,17.05,18.39,20.04
s_100_048,square,100,10,4975960.329580506,525205.9878195592,205.36077811628405,245.0708592779094,214.34180074276273,216.59471124853764,220.34203734637344,51.51,0.9524364201125995,22.01,17.204422,16.23,17.78,18.807499,20.18
s_100_049,square,100,10,4975953.806419494,525205.9878195592,222.8973812740587,265.4992200232074,230.7362840776003,229.9890914211304,237.2804941989992,52.07,0.9731131169579412,23.6,16.67722,14.93,17.3,18.94,20.677
s_100_050,square,100,10,4975951.790651884,525212.1917143468,164.11260817359283,184.90697629303256,169.71271334651544,168.7902465297017,171.88063608571062,55.69,0.9816843239360747,23.6,13.738555,11.94,13.93,15.83,18.307
s_100_051,square,100,11,4975613.36,525393.7689321882,289.8870133557383,319.0764560615566,316.77293262687886,272.6288180748122,299.5913050297465,66.0,0.9121212121212121,29.71,19.195578,14.41,20.805,24.58,27.0905
s_100_052,square,100,11,4975618.637348116,525389.9347143468,102.79771582671366,113.00843239199625,104.23164453331725,104.63464245810621,106.16810880253334,65.57,0.7564434955009913,28.96,15.620843,11.81,15.745,18.4825,25.6005
s_100_053,square,100,11,4975616.621580507,525383.7308195592,83.87153492461779,92.07971810354852,84.50810272605861,86.997503278213,86.86421475810948,58.29,0.8378795676788472,20.27,12.484432,9.22,13.11,15.9,18.358501
s_100_054,square,100,11,4975610.098419494,525383.7308195592,197.57484822561054,227.1390219480054,201.68322745884356,201.46077083665438,206.96446711727845,60.89,0.9832484808671375,20.25,12.528293,8.485,13.02,16.325,19.13
s_100_055,square,100,11,4975608.082651884,525389.9347143468,312.7682103171474,358.15030513838,328.51622905874683,301.34642398316197,325.19529212435907,64.27,0.9825735179710596,28.15,14.481457,10.69,14.92,18.26,23.863
s_100_056,square,100,12,4975652.244,525883.9129321881,182.05972496957588,206.5622734726623,182.10214797112926,184.94785799712741,188.9180011026237,41.83,0.9289983265598852,23.91,14.9228945,11.7,15.72,18.8975,21.227499
s_100_057,square,100,12,4975657.521348116,525880.0787143467,194.71839601653124,194.58445429353588,172.93803699709446,186.46753313529442,187.17710511061398,43.1,0.9396751740139211,26.27,15.396143,11.67,14.87,19.814999,24.0855
s_100_058,square,100,12,4975655.505580506,525873.8748195592,201.7804133030924,177.61680768203888,168.24487215007125,177.32827097934975,181.2425910286381,44.73,0.9239883746926001,26.27,17.336432,12.23,19.14,22.38,24.86
s_100_059,square,100,12,4975648.982419494,525873.8748195592,233.09827679070588,227.68071143654328,203.12467801594718,205.37784077307347,217.32037675406744,46.08,0.9125434027777778,25.79,17.569515,12.61,19.55,22.21,24.58
s_100_060,square,100,12,4975646.966651884,525880.0787143467,167.49770707429394,168.39480370292722,156.07361605741568,165.52470970633735,164.37270913524355,44.7,0.9060402684563759,25.48,15.723088,10.84,17.130001,20.7375,23.91
s_100_061,square,100,13,4975983.789,525693.1219321882,423.8341535642209,462.4238111472105,466.09292351754965,390.6919208268225,435.7607022639509,47.85,0.8884012539184953,30.17,16.39374,9.22,17.59,23.6,27.515
s_100_062,square,100,13,4975989.066348116,525689.2877143468,198.29971312939057,218.80617257089622,217.56220807449253,180.11563658226498,203.69593258926108,45.66,0.9485326325010951,29.9,16.165976,10.86,15.8,22.23,26.71
s_100_063,square,100,13,4975987.050580506,525683.0838195592,2.4307364439956936,2.6378701610590802,2.4209095120834867,2.497848249851409,2.4968410917474175,38.58,0.9733022291342665,31.2,15.284274,11.24,15.76,19.93,25.85
s_100_064,square,100,13,4975980.5274194935,525683.0838195592,188.2704690903214,204.82852852099367,204.95489186588821,175.01529662201094,193.26729652480356,36.37,0.9821281275776739,32.11,19.679146,13.33,22.38,26.38,29.6645
s_100_065,square,100,13,4975978.511651884,525689.2877143468,17.755846384746448,19.385709861736462,18.842822342072058,17.20730161937569,18.297920051982665,20.99,0.674130538351596,30.12,12.602664,5.2,10.67,20.595001,25.656
s_100_066,square,100,14,4976328.71,525890.1709321882,92.12439350796161,103.88977964963097,96.10773679569577,87.56919640492458,94.92277658955324,50.95,0.9165848871442591,16.92,10.232501,8.2,10.515,12.45,14.655499
s_100_067,square,100,14,4976333.987348116,525886.3367143468,122.91343423488613,134.73023685488363,127.07454870298434,116.29298258855997,125.25280059532852,52.04,0.8670253651037664,16.99,10.028575,8.1,10.265,12.41,14.57
s_100_068,square,100,14,4976331.971580506,525880.1328195592,114.24101656359264,135.25688617790246,117.52792595662378,119.79341385090093,121.70481063725495,44.04,0.8698910081743869,17.53,10.585387,8.64,11.08,12.74,14.67
s_100_069,square,100,14,4976325.448419494,525880.1328195592,96.98956999877242,107.75766829849636,101.00898263763581,91.29045082638439,99.26166794032224,34.91,0.9192208536236035,17.15,10.629611,9.08,11.05,12.5,14.326
s_100_070,square,100,14,4976323.432651884,525886.3367143468,109.38963368790164,135.96675157126154,114.03425530838066,110.48658614165382,117.46930667729941,39.59,0.8903763576660773,16.4,9.287915,7.42,9.72,11.23,13.678
s_100_071,square,100,15,4976514.12,524479.5389321882,126.8405774893938,141.500796791153,130.76399799928092,125.16623816839859,131.06790261205657,16.99,0.8381400824014126,22.61,13.987458,11.4175,13.9,16.96,20.038502
s_100_072,square,100,15,4976519.397348116,524475.7047143468,27.781669007723877,31.610115191888795,26.806512892094666,30.180991879590454,29.094822242824446,15.27,0.8447937131630648,22.61,14.870388,12.362499,15.83,18.17,20.140999
s_100_073,square,100,15,4976517.381580506,524469.5008195592,23.434733866339027,26.30110366243398,23.577772537134003,23.534083351282725,24.211923354297433,18.25,0.7731506849315068,22.0,12.802516,9.67,13.1,16.37,19.224998
s_100_074,square,100,15,4976510.858419494,524469.5008195592,122.12513215695358,139.07648035975117,120.28171097962002,120.30280975513386,125.44653331286466,17.24,0.8880510440835266,22.0,13.403965,11.53,14.23,16.465,19.11
s_100_075,square,100,15,4976508.842651884,524475.7047143468,213.51866728651348,239.14785034000914,220.34435721767122,209.2408876050428,220.56294061230915,16.92,0.9148936170212766,21.08,12.738786,10.8,13.62,15.47,17.97
s_100_076,square,100,16,4975318.712,525558.5739321882,105.1372602404809,114.14335138579965,115.93284578487726,98.68297866161578,108.4741090181934,62.18,0.9293985204245738,21.43,15.357247,13.68,15.77,17.4,19.33
s_100_077,square,100,16,4975323.989348116,525554.7397143468,168.4646661087052,182.28695487411176,186.41294977648204,157.8174975196429,173.74551706973546,65.35,0.8910482019892885,21.8,15.531595,13.74,16.1,17.875,19.77
s_100_078,square,100,16,4975321.973580507,525548.5358195592,103.46446308591281,112.27616308454772,111.40724060463845,101.60880289597189,107.18916741776772,68.42,0.8045893013738673,22.68,16.22172,14.5,16.51,18.32,20.48
s_100_079,square,100,16,4975315.450419494,525548.5358195592,68.83757350491248,74.33705382499942,76.33056777146449,64.39112915703114,70.97408106460188,76.18,0.7688369650826988,22.97,16.50628,14.76,16.64,18.74,21.18
s_100_080,square,100,16,4975313.434651884,525554.7397143468,159.23487475453447,173.1121454244352,175.33578418252873,148.72726345546903,164.10251695424185,71.69,0.8575812526154275,22.29,15.715941,13.82,16.64,18.59,20.27
s_100_081,square,100,17,4975371.046,526083.4409321882,135.68314025328914,161.42024730896117,142.23523609351906,129.50549728159396,142.21103023434083,35.96,0.839265850945495,18.0,12.199495,10.33,13.02,14.64,16.1715
s_100_082,square,100,17,4975376.323348116,526079.6067143468,168.97382497641928,188.4392831315737,173.15991605430384,168.27850336908955,174.7128818828466,36.78,0.8308863512778684,19.35,12.597303,10.835,13.22,15.09,16.67
s_100_083,square,100,17,4975374.307580506,526073.4028195592,92.43597643544314,111.42728968039064,94.79319082693245,88.83598445730024,96.87311035001662,33.79,0.9313406333234685,19.35,12.147924,9.635,12.89,15.02,17.6
s_100_084,square,100,17,4975367.784419494,526073.4028195592,95.19397681815013,112.11858987505444,99.92519468610362,90.84387577086353,99.52040928754293,27.05,0.8166358595194085,19.51,13.3555765,10.76,14.65,16.39,18.11
s_100_085,square,100,17,4975365.768651884,526079.6067143468,77.13166503630293,96.59415342377045,84.7000109952906,76.32540644076053,83.68780897403113,32.04,0.7465667915106118,18.75,12.272103,10.31,13.14,14.7725,16.9445
s_100_086,square,100,18,4975406.248,526554.5949321882,28.189750082973145,30.908228784805537,30.763419524395434,25.816311471797167,28.91942746599282,48.44,0.7656895127993394,17.84,7.9598656,5.89,8.01,9.61,14.066
s_100_087,square,100,18,4975411.525348116,526550.7607143468,0.0,0.0,0.0,0.0,0.0,44.07,0.4851372815974586,13.01,5.974093,3.8725,5.7,7.92,9.7015
s_100_088,square,100,18,4975409.509580506,526544.5568195592,98.80313011066619,109.40146447211515,103.27982475534354,91.79103333472784,100.81886316821318,58.68,0.6702453987730062,19.89,9.590582,6.58,9.46,12.84,16.512001
s_100_089,square,100,18,4975402.986419493,526544.5568195592,71.85619441878309,79.58829148313923,75.14567833925639,66.21167475539517,73.20045974914348,48.9,0.6294478527607362,19.89,9.147807,5.7025,8.78,11.967501,16.9415
s_100_090,square,100,18,4975400.970651884,526550.7607143468,136.889067383821,151.53343524913203,142.6841911288426,125.1237302416802,139.05760600086896,45.04,0.7917406749555951,18.35,9.564747,5.88,8.785,13.497499,16.8475
s_100_091,square,100,19,4975693.698,526341.9289321882,167.54392755693888,182.35896861703895,181.3433294920685,158.91748799846204,172.5409284161271,45.01,0.8931348589202399,24.73,15.974829,12.825,17.15,19.74,22.220499
s_100_092,square,100,19,4975698.975348116,526338.0947143468,101.66148301518918,107.79806186617124,104.58841262912998,95.23865191476732,102.32165235631443,40.84,0.8851616062683644,22.7,12.902791,8.75,14.47,16.94,20.113
s_100_093,square,100,19,4975696.959580506,526331.8908195592,60.74474312515467,66.69910753683229,63.04147096643739,61.329934742196485,62.95381409265521,41.5,0.8973493975903615,23.36,12.151207,8.0175,13.17,15.6825,19.508501
s_100_094,square,100,19,4975690.4364194935,526331.8908195592,38.698599122561305,41.594788802506216,41.11861294524799,38.51774077488374,39.98243541129981,45.42,0.9196389255834434,26.9,14.2443495,10.56,14.55,18.47,22.772001
s_100_095,square,100,19,4975688.420651884,526338.0947143468,174.82649204237714,211.8828244332518,180.1793298719423,141.38437062786215,177.06825424385835,44.81,0.9535817897790672,23.54,14.818477,12.42,15.82,18.09,20.91
s_100_096,square,100,20,4976026.288,526566.5109321882,203.55267836708865,242.3026452707846,207.32492946180844,228.21707616691822,220.34933231665,55.15,0.957570262919311,21.28,13.93353,11.7,14.46,16.59,19.23
s_100_097,square,100,20,4976031.565348116,526562.6767143469,226.5998901290643,255.04342313595888,232.17416069082677,228.18567961396408,235.5007883924535,53.62,0.9091756807161507,21.28,12.674009,9.26,13.36,15.96,19.373001
s_100_098,square,100,20,4976029.549580506,526556.4728195593,184.48251161926177,217.4500542571293,185.5512621322542,208.17945465626212,198.91582066622686,57.23,0.9072164948453608,21.44,13.562527,9.8375,14.5,17.61,19.58
s_100_099,square,100,20,4976023.026419493,526556.4728195593,156.71731354189805,190.97300443032952,159.54682632727742,184.07187433356506,172.82725465826752,52.51,0.947248143210817,19.96,13.112121,9.7925,14.14,16.9175,18.74
s_100_100,square,100,20,4976021.010651884,526562.6767143469,174.3659085356053,215.7668110650626,179.77193971193273,191.70531526937626,190.40249364549422,52.53,0.97391966495336,23.1,14.235346,11.83,14.615,17.07,19.782501
s_100_101,square,100,21,4976291.761,525444.4369321882,241.9238873610725,273.3170426666246,260.0207241974805,239.54610104273974,253.70193881697935,63.13,0.9131949944558847,28.1,16.892824,13.5,17.11,20.49,25.168
s_100_102,square,100,21,4976297.038348116,525440.6027143468,213.96216078062645,237.0026343314117,229.45359355349007,214.6130800164012,223.75786717048237,58.11,0.9514713474445018,28.24,19.233025,15.96,20.97,22.97,25.9
s_100_103,square,100,21,4976295.022580506,525434.3988195593,389.56385771019626,429.0524498178709,427.82479816438644,373.33994056282876,404.9452615638206,62.01,0.975649088856636,28.52,19.776262,16.942501,21.92,24.26,26.76
s_100_104,square,100,21,4976288.499419494,525434.3988195593,197.279470275358,224.11360429756414,206.40452867769682,186.32407955403755,203.53042070116413,61.26,0.9639242572641201,28.52,16.087109,10.59,16.37,21.59,25.636
s_100_105,square,100,21,4976286.483651884,525440.6027143468,191.22047317799016,217.5485678228012,204.09324966400615,183.7728181339496,199.1587771996868,65.49,0.8873110398534128,28.0,15.608618,11.53,16.25,19.58,24.46
s_100_106,square,100,22,4976583.131,525412.3239321882,78.9248045461706,87.07117576441455,81.27895249470727,76.57380359187329,80.96218409929142,51.64,0.6615027110766848,26.22,15.123925,13.127501,16.09,18.18,21.665
s_100_107,square,100,22,4976588.408348116,525408.4897143468,54.55186409054485,61.568943765729784,56.80240515360602,63.936211058177896,59.21485601701464,57.16,0.7692442267319805,22.22,13.685184,11.06,14.34,16.44,18.582
s_100_108,square,100,22,4976586.392580506,525402.2858195592,123.08939445917055,137.3682362337363,126.9924237401232,117.21751942293254,126.16689346399063,57.02,0.7777972641178534,20.33,12.069443,9.64,13.21,15.21,17.23
s_100_109,square,100,22,4976579.869419494,525402.2858195592,44.04856106418794,49.472936698846794,44.96641347960846,43.01054112023298,45.374613090719045,48.19,0.7101058310852874,20.33,11.362729,9.66,12.25,14.2775,16.07
s_100_110,square,100,22,4976577.853651884,525408.4897143468,84.06968970883764,93.69910153034812,86.68299471786902,79.67325432000032,86.03126006926377,54.21,0.7590850396605793,29.74,16.389967,12.815001,16.76,20.64,25.12
s_100_111,square,100,23,4975689.685,526590.4159321882,112.23175881476467,118.65455032127359,117.1247085204335,94.21876666332778,110.5574460799499,39.42,0.9030948756976154,30.14,16.973745,7.7775,21.035,24.77,27.61
s_100_112,square,100,23,4975694.962348116,526586.5817143468,279.09467597030476,278.4210319157066,284.51215493506106,252.9806780369719,273.7521352145111,50.07,0.8855602156980228,30.14,21.924881,21.2225,24.62,26.377499,28.09
s_100_113,square,100,23,4975692.946580506,526580.3778195592,117.33581135139822,126.75461073868341,130.06045452817497,109.60546732313634,120.93908598534823,43.65,0.6174112256586484,30.27,20.41699,17.175,23.62,25.85,28.3
s_100_114,square,100,23,4975686.423419493,526580.3778195592,253.8276622735714,275.78174269490773,281.3043301943379,237.45157852140125,262.0913284210546,55.36,0.7958815028901735,30.27,20.02167,13.7675,23.03,25.23,27.7975
s_100_115,square,100,23,4975684.407651884,526586.5817143468,293.09567044782887,313.40505344005226,320.66315548210514,257.7471949745929,296.2277685861448,63.59,0.9061173140430885,30.27,17.324802,10.11,20.13,24.44,27.85
s_100_116,square,100,24,4975979.232,526258.9479321882,36.37749535278179,40.5904430043341,37.680704864806586,34.43187456494473,37.2701294467168,34.71,0.7614520311149524,21.39,12.3416,7.525,13.61,16.97,19.26
s_100_117,square,100,24,4975984.509348116,526255.1137143468,296.52131222115133,291.5043000066994,280.0866056523642,230.70149725275235,274.70342878324186,59.1,0.7805414551607445,24.14,13.680001,10.71,14.55,17.68,19.74
s_100_118,square,100,24,4975982.493580506,526248.9098195592,117.85177153583396,114.00479362817555,110.23181812920501,103.20865394916464,111.32425931059478,57.12,0.6703431372549019,27.7,17.73142,14.19,19.3,22.43,25.552
s_100_119,square,100,24,4975975.9704194935,526248.9098195592,0.0,0.0,0.0,0.0,0.0,37.5,0.18266666666666667,24.17,14.298073,12.38,14.08,15.14,23.056
s_100_120,square,100,24,4975973.954651884,526255.1137143468,32.49243876540437,35.240274213490565,35.86615963631981,30.60874699802657,33.55190490331033,34.37,0.503345941227815,16.98,12.095098,10.1,13.71,15.5875,16.6555
s_100_121,square,100,25,4976208.282,526367.3279321882,38.50440214065549,46.75832894509053,39.87409523807247,40.006519020743966,41.28583633614062,46.59,0.9705945481863061,17.94,8.646064,7.0225,8.77,10.237499,13.269501
s_100_122,square,100,25,4976213.559348116,526363.4937143468,68.2414423185878,74.4285303355973,70.17679544465368,63.79034618066971,69.15927856987712,48.05,0.950468262226847,16.01,8.959851,7.9,9.08,10.175,12.387
s_100_123,square,100,25,4976211.543580506,526357.2898195592,71.60697620549443,79.74428276193619,74.09653308897629,67.55987577389507,73.2519169575755,47.07,0.9511366050562992,18.88,9.278596,6.74,8.82,11.31,16.182001
s_100_124,square,100,25,4976205.020419493,526357.2898195592,82.05077919451293,91.24975616177208,83.83708858032178,79.79988405499536,84.23437699790054,51.06,0.9618096357226792,20.6,10.718338,6.94,10.96,14.12,17.57
s_100_125,square,100,25,4976203.004651884,526363.4937143468,143.81464027033894,152.96627143070606,139.6289509185351,137.4792009734818,143.47226589826548,55.17,0.9552292912814936,20.86,11.784233,7.83,12.21,15.7575,18.5955
s_100_126,square,100,29,4975605.615,524632.4009321881,211.31673841110725,229.5982507779885,232.8216838827043,198.48917517057927,218.05646206059484,19.22,0.8746097814776275,25.27,16.644663,13.62,18.09,20.52,22.86
s_100_127,square,100,29,4975610.892348116,524628.5667143468,154.15839069367917,167.7268603837573,169.0148348650429,144.92825635438913,158.9570855742171,22.58,0.8697962798937112,23.26,14.972988,10.8175,16.884998,19.07,21.17
s_100_128,square,100,29,4975608.876580507,524622.3628195592,196.64022023457113,213.15197604547637,217.18473135801364,184.88657283379692,202.96587511796452,19.85,0.819647355163728,24.72,18.28679,16.955,19.95,21.38,22.941
s_100_129,square,100,29,4975602.353419494,524622.3628195592,183.4192709207909,199.13529480189752,202.24792166641288,172.17071409129116,189.24330037009813,17.29,0.9155581260844419,24.86,17.449924,15.780001,19.55,21.23,22.829
s_100_130,square,100,29,4975600.337651884,524628.5667143468,350.54655166376386,380.50502690335713,386.61294256560296,329.35812312859554,361.75566106532983,20.19,0.8796433878157504,26.08,17.654234,14.877501,19.75,21.69,24.0425
s_100_131,square,100,30,4977166.833,524598.3479321882,164.62707698588383,181.40308173460087,185.59117918046888,158.34611151257258,172.49186235338152,41.09,0.7663665125334631,14.8,7.4465294,4.76,7.78,9.54,12.888
s_100_132,square,100,30,4977172.110348116,524594.5137143468,115.07670430874904,130.84138760492718,134.16218588554068,117.79361190224911,124.4684724253665,42.17,0.8347166231918426,16.32,8.344761,4.97,8.225,12.0725,14.0205
s_100_133,square,100,30,4977170.094580506,524588.3098195592,29.77981610596275,38.50805240361862,39.57099675247834,35.6959436274184,35.88870222236953,40.15,0.8313823163138232,16.32,8.595287,5.31,9.01,11.827499,14.2115
s_100_134,square,100,30,4977163.571419493,524588.3098195592,98.7433234778206,110.17133313979488,105.946618755695,83.19292179930015,99.51354929315266,40.01,0.7698075481129718,14.42,8.242861,5.08,8.8,11.21,13.12
s_100_135,square,100,30,4977161.555651884,524594.5137143468,160.32184380231848,158.93764860739174,158.6375559670894,135.65544335445384,153.38812293281336,39.07,0.7225492705400564,16.67,7.1302514,4.22,6.83,9.735,12.988999
s_100_136,square,100,31,4976243.76,524840.8190321885,391.3322198179751,423.0035342079593,414.99328884467246,367.85913085034997,399.2970434302392,62.72,0.9357461734693877,27.77,13.712195,10.24,14.22,17.25,21.13
s_100_137,square,100,31,4976249.037348116,524836.9848143471,286.9463382603949,315.71073503807395,316.70576180408744,271.52583177578515,297.7221667195854,57.02,0.9821115398105927,30.83,18.54738,14.21,18.62,23.44,28.4
s_100_138,square,100,31,4976247.021580506,524830.7809195595,24.110650451328524,26.462756253108758,25.019434252570406,28.93584202700954,26.13217074600431,53.83,0.9933122793981052,29.54,19.090113,16.814999,20.09,22.73,26.394
s_100_139,square,100,31,4976240.498419493,524830.7809195595,161.53383486319376,175.3461695133954,175.64385933408133,162.51607406020833,168.7599844427197,53.8,0.9782527881040892,25.87,14.861154,10.535,15.56,18.99,23.21
s_100_140,square,100,31,4976238.482651884,524836.9848143471,168.87834729842038,163.97592802041868,156.67940937241414,161.20302393371784,162.68417715624278,58.39,0.9571844493920192,25.26,14.898096,12.19,15.66,18.47,21.32
s_100_141,square,100,32,4975778.346899999,525033.6643321877,39.76217557158699,32.56476879276902,32.49266383693979,33.97397592290925,34.69839603105126,64.42,0.9560695436199937,27.32,19.977716,17.98,21.22,23.05,24.861
s_100_142,square,100,32,4975783.624248115,525029.8301143463,93.56891168015511,93.98294618991667,88.67240782639084,107.01273258181315,95.80924956956895,68.75,0.9732363636363637,27.65,20.091875,15.645,22.0,23.945,25.82
s_100_143,square,100,32,4975781.608480506,525023.6262195588,47.39016179571503,53.77124743976726,49.3037265369589,61.146060468124944,52.90279906014153,65.81,0.9911867497340829,27.65,18.617874,15.1,19.62,22.765,24.949001
s_100_144,square,100,32,4975775.085319493,525023.6262195588,139.7028517255886,152.20016455471745,152.47152173144036,133.50605136591275,144.47014734441478,69.06,0.9830582102519548,26.07,19.27755,15.93,20.9,22.95,24.27
s_100_145,square,100,32,4975773.069551883,525029.8301143463,433.9312292041103,455.90744063467355,450.4741829463892,405.1837838692791,436.37415916361306,66.52,0.9645219482862297,26.01,19.68899,16.7,21.14,23.06,24.622501
s_100_146,square,100,33,4975431.0747,525202.1198321879,121.40094413510081,135.20623346418643,126.23628339101879,113.27946262283172,124.03073090328444,58.71,0.9087037983307784,20.47,13.115473,11.44,13.68,15.485,17.82
s_100_147,square,100,33,4975436.352048116,525198.2856143465,125.19289850587113,139.4398440971706,129.80536919655384,117.61252809301146,128.01265997315176,59.18,0.9437309901993917,21.23,12.984903,10.19,13.84,16.21,18.41
s_100_148,square,100,33,4975434.336280506,525192.0817195589,133.24541276869303,148.17291946904356,138.527867071239,125.00435329190498,136.23763815022014,60.9,0.9403940886699508,21.23,12.697259,10.06,13.48,16.12,18.88
s_100_149,square,100,33,4975427.813119493,525192.0817195589,282.495905003803,314.99526369529644,292.89497593911375,272.7151354916679,290.7753200324703,62.82,0.924227952881248,21.25,13.621864,11.2725,14.44,16.77,19.07
s_100_150,square,100,33,4975425.797351884,525198.2856143465,68.89657160264166,77.7418728815402,71.63591739696876,72.5902110949178,72.7161432440171,56.2,0.951423487544484,21.0,12.545221,10.12,13.43,15.4,17.82
s_100_151,square,100,34,4975783.509400001,525506.3481321884,0.0,0.0,0.0,0.0,0.0,32.23,0.31647533354018,33.28,17.927755,2.8875,23.685001,26.8925,30.050499
s_100_152,square,100,34,4975788.786748117,525502.513914347,0.0,0.0,0.0,0.0,0.0,22.2,0.21621621621621623,26.83,16.583147,16.689999,18.38,21.0825,23.89
s_100_153,square,100,34,4975786.770980507,525496.3100195595,0.0,0.0,0.0,0.0,0.0,51.02,0.7718541748333987,32.69,23.664309,20.89,24.43,27.48,30.42
s_100_154,square,100,34,4975780.247819494,525496.3100195595,187.20031825060747,201.84788849762447,201.93461938988602,180.90006965892735,192.97072394926133,55.01,0.8216687874931831,33.65,25.298836,23.29,26.44,29.07,31.42
s_100_155,square,100,34,4975778.232051885,525502.513914347,187.20031825060747,201.84788849762447,201.93461938988602,180.90006965892735,192.97072394926133,58.32,0.6589506172839507,33.65,23.954473,23.34,26.45,28.75,31.41
s_100_156,square,100,35,4975143.703,524718.3685321882,55.91059275279923,91.05113690341362,87.85741034244961,80.653590388987,78.86818259691236,13.91,0.6290438533429188,22.81,13.566583,10.005,13.59,17.52,20.396
s_100_157,square,100,35,4975148.980348116,524714.5343143468,19.87588403970885,50.95350165622821,50.377356892746235,47.012579730340235,42.05483057975589,10.99,0.8616924476797089,20.13,13.519735,11.360001,14.52,16.98,18.75
s_100_158,square,100,35,4975146.964580506,524708.3304195593,6.435232253261304,9.785553004437304,10.939793453221755,9.70603823384246,9.216654236190706,9.11,0.6948408342480791,20.13,12.743192,9.97,13.86,17.22,18.944
s_100_159,square,100,35,4975140.441419493,524708.3304195593,0.0,0.0,0.0,0.0,0.0,6.03,0.4461028192371476,22.12,11.937881,7.73,13.71,16.85,18.62
s_100_160,square,100,35,4975138.425651884,524714.5343143468,51.27505334556857,76.28258076193592,73.90811458451408,67.76825159101118,67.30850007075743,18.86,0.7290562036055143,26.25,16.021397,11.4,16.68,20.605,24.193
s_100_161,square,100,36,4976621.261,525715.2496321881,151.4292503794996,167.32096083581385,158.76858464552242,142.67533693035813,155.04853319779852,54.18,0.8034330011074197,22.64,13.382922,9.15,14.49,17.24,20.84
s_100_162,square,100,36,4976626.538348116,525711.4154143467,108.62273503000142,119.79064702940241,114.76650335482312,100.90138991304747,111.0203188318186,55.32,0.8859363702096891,19.4,11.868353,8.0,12.88,15.66,17.58
s_100_163,square,100,36,4976624.522580506,525705.2115195591,25.35708235210301,48.22591149218191,29.731658902617237,29.866534835320508,33.295296895555666,36.34,0.6876719867914144,17.61,9.191209,6.5950003,9.21,11.795,15.491
s_100_164,square,100,36,4976617.999419494,525705.2115195591,47.831415810887954,72.78266135186554,54.04970436666033,50.9917456558411,56.41388179631373,37.56,0.7449414270500533,19.02,9.941923,6.6325,10.13,12.77,17.013
s_100_165,square,100,36,4976615.983651884,525711.4154143467,98.46537663585701,110.32914920192175,101.10027698215525,96.69280189845223,101.64690117959655,56.09,0.8390087359600642,22.65,13.1946,7.8625,14.655,17.73,20.307499
s_100_166,square,100,37,4976493.278200001,526117.4318321878,209.91955801932158,220.26265430909493,224.39681893934642,195.10150349988405,212.42013369191176,37.97,0.8975506979194101,27.11,18.36047,16.12,19.88,22.59,25.14
s_100_167,square,100,37,4976498.5555481175,526113.5976143464,190.94465058606022,206.07707691275243,211.8626744854579,177.65173880800816,196.63403519806968,32.99,0.9505910882085481,28.81,20.70958,19.8675,22.29,24.09,26.2425
s_100_168,square,100,37,4976496.539780508,526107.3937195588,421.286569590084,415.4519770257502,419.36670824132966,373.9564766610332,407.5154328795493,35.24,0.9846765039727582,27.58,19.968327,18.86,21.3,23.33,25.02
s_100_169,square,100,37,4976490.016619495,526107.3937195588,233.4207092452633,212.97936915586706,210.8909423131718,200.9158333818695,214.5517135240429,36.3,0.9741046831955923,27.73,18.676342,16.4575,19.68,22.53,25.085
s_100_170,square,100,37,4976488.000851885,526113.5976143464,308.24816868749684,269.9877950955285,274.72586951044326,264.1074545153236,279.267321952198,36.87,0.9118524545701112,27.38,17.826189,16.0525,19.375,21.5875,23.69
s_100_171,square,100,38,4976145.162599999,526068.1979321884,128.4981685022194,143.4373388195194,131.52946687510257,135.60637730341733,134.76783787506469,48.4,0.8022727272727272,25.5,15.466368,12.875,16.21,18.32,21.15
s_100_172,square,100,38,4976150.4399481155,526064.363714347,270.68769519125976,293.42572732018357,282.34361052961196,270.9386659305088,279.34892474289103,52.53,0.944793451361127,24.05,15.799621,13.29,16.49,18.825,21.719
s_100_173,square,100,38,4976148.424180506,526058.1598195594,178.7532700840056,193.60564262007762,188.51602934162102,175.6751394721167,184.13752037945522,51.41,0.9284185956039681,24.05,14.218595,10.99,14.7,18.19,21.35
s_100_174,square,100,38,4976141.901019493,526058.1598195594,159.40796901283542,178.63162823950336,169.8346164502985,148.35005737183548,164.05606776861822,50.5,0.9455445544554455,24.69,15.256301,12.375,16.35,18.44,21.183
s_100_175,square,100,38,4976139.885251883,526064.363714347,190.4328882500141,214.4795109239189,205.0834040327079,177.5019360594473,196.87443481652204,49.51,0.8325590789739447,26.14,16.179726,14.0725,16.645,18.877499,23.038
s_100_176,square,100,39,4976667.816199999,524721.4589321883,241.7641314322269,261.8491839470692,268.43194698461684,218.45633952991284,247.62540047345644,49.21,0.9530583214793741,30.84,21.794792,18.942501,22.96,25.64,28.181
s_100_177,square,100,39,4976673.093548115,524717.624714347,42.80688174367788,56.52250956389444,44.11459718661452,45.86541617742665,47.32735116790337,30.38,0.7244897959183674,27.46,11.135589,4.1,7.17,18.13,24.31
s_100_178,square,100,39,4976671.077780506,524711.4208195594,8.516050829314866,9.195807114905342,8.602808089457618,8.635904752159254,8.73764269645927,30.42,0.44115713346482577,26.22,6.8908725,3.02,4.385,6.48,23.5595
s_100_179,square,100,39,4976664.554619493,524711.4208195594,2.2657268162572604,2.4530700156635863,2.2601034561274043,2.3189613221455345,2.324465402548446,32.39,0.6681074405680766,29.33,17.219872,13.0875,16.84,22.02,26.78
s_100_180,square,100,39,4976662.538851883,524717.624714347,275.59291390591653,296.40798761470137,305.67045091763504,246.077646340512,280.9372496946912,51.56,0.9614041892940264,30.84,20.467321,16.85,21.39,25.4,28.6
s_100_181,square,100,40,4975142.120300001,525341.983232188,252.5951810232969,309.2560312481208,279.69340006229623,241.46627508622618,270.75272185498505,58.1,0.9220309810671257,30.64,16.767517,12.81,17.02,21.0,25.294
s_100_182,square,100,40,4975147.3976481175,525338.1490143467,386.52569332048296,435.2849241106864,427.94272523835986,357.5378789303869,401.8228053999791,54.37,0.9273496413463307,30.77,19.421097,14.02,20.84,24.67,29.07
s_100_183,square,100,40,4975145.381880508,525331.9451195591,126.6456642516004,151.86980247705702,132.24588209256632,126.08820526590492,134.21238852178217,53.66,0.9224748415952292,30.77,16.327888,11.2225,16.28,21.07,27.73
s_100_184,square,100,40,4975138.858719495,525331.9451195591,117.7219104575532,156.6210803507852,124.48948314138579,120.76837053674362,129.90021112161696,55.65,0.8729559748427673,28.75,13.254911,9.26,12.595,17.6175,21.76
s_100_185,square,100,40,4975136.842951885,525338.1490143467,44.33956054847088,72.02529694808375,47.71225080155556,50.71579832136938,53.6982266548699,61.86,0.9107662463627546,25.32,15.014379,11.19,14.945,19.47,23.47
s_100_186,square,100,41,4975247.676100001,526357.4815321881,189.6351464152541,214.34889924736228,204.24559809550914,186.6079903559998,198.70940852853136,31.25,0.78336,29.56,14.6688795,7.5075,11.565001,22.625,27.0565
s_100_187,square,100,41,4975252.953448117,526353.6473143467,208.34236528087933,228.2081717649584,220.80214616107435,205.2792360447225,215.65797981290865,35.83,0.8506837845380966,30.56,19.244213,9.125,23.455,25.99,28.68
s_100_188,square,100,41,4975250.937680507,526347.4434195592,141.78446110778162,153.01567234580799,156.18225334661633,132.08586227097922,145.7670622677963,31.28,0.7774936061381074,29.85,17.26195,8.3175,20.79,24.74,27.77
s_100_189,square,100,41,4975244.414519494,526347.4434195592,133.08482074291746,143.66973639698992,146.6779235433379,123.93114890922757,136.84090739811822,29.01,0.8697001034126164,27.02,15.047712,7.83,14.59,22.27,25.289001
s_100_190,square,100,41,4975242.398751885,526353.6473143467,158.60035635554044,181.40905764339914,168.99371565109504,157.70236834258893,166.6763744981559,30.66,0.9165035877364645,25.83,13.020694,8.1325,12.26,18.02,21.99
s_100_191,square,100,42,4976260.5759,526711.1841321886,208.0946070137261,227.69310768136,225.57692646051936,196.16019429833005,214.3812088634839,19.23,0.9318772750910036,27.51,16.378254,13.0375,16.88,20.31,24.0045
s_100_192,square,100,42,4976265.853248116,526707.3499143472,69.08942825009595,75.99558662411347,74.63060494273013,64.83310324248623,71.13718076485645,19.27,0.9231966787752984,24.64,14.719191,11.66,15.27,18.455,21.522001
s_100_193,square,100,42,4976263.837480506,526701.1460195596,3.159640370514301,3.458859662593064,3.128535733734043,3.2932617582853645,3.2600743812816932,14.81,0.9108710330857529,21.31,13.460356,11.29,14.04,16.26,18.352001
s_100_194,square,100,42,4976257.314319493,526701.1460195596,66.68146292025571,73.55937966775267,69.97394930418406,66.05834856732264,69.06828511487876,14.91,0.89738430583501,22.05,15.548148,13.8550005,16.485,18.13,19.973
s_100_195,square,100,42,4976255.298551884,526707.3499143472,106.38706666092651,117.50458330705965,112.40244553348198,102.92934122835065,109.8058591824547,13.31,0.9113448534936138,20.67,15.186225,13.17,15.79,17.79,19.713999
s_100_196,square,100,43,4976353.940300001,526486.0992321884,187.3391023891872,209.01836049384852,193.83104272177576,180.86914543897848,192.7644127609475,53.93,0.9703319117374374,23.81,15.568926,13.28,16.28,18.95,21.803999
s_100_197,square,100,43,4976359.217648117,526482.265014347,49.69911446960378,49.866532315929916,46.883154648690244,45.98598137051508,48.10869570118475,52.65,0.9709401709401709,23.54,15.833492,13.3575,17.32,19.47,22.0
s_100_198,square,100,43,4976357.201880507,526476.0611195595,178.22328922842902,186.13532776969248,176.015563397477,166.15215803962698,176.63158460880638,55.26,0.932862830256967,23.77,16.597855,13.465,17.91,20.58,22.49
s_100_199,square,100,43,4976350.6787194945,526476.0611195595,137.01543055329734,153.97949649911286,144.16963473155892,129.96368010837426,141.28206047308583,58.13,0.9501118183382075,25.39,15.852078,11.82,16.01,20.265,23.39
s_100_200,square,100,43,4976348.662951885,526482.265014347,182.48621656356707,187.78885433418418,176.92313877320984,172.09989886167233,179.82452713315837,59.87,0.9528979455486888,25.85,15.902549,12.02,16.26,20.36,23.62
s_150_001,square,150,1,4974552.016,525145.8967459622,102.28886943586902,110.45248887571466,113.43418308546279,94.93041810551317,105.27648987563991,51.76,0.7006697578567749,28.8,20.393799,19.05,21.91,24.3,26.8205
s_150_002,square,150,1,4974555.7819422,525143.1606287957,140.792645448045,152.54118376537886,155.23474962394064,131.0953883506459,144.9159917970026,48.446666666666665,0.7582220999036742,28.8,20.587421,18.7125,21.87,24.04,26.331
s_150_003,square,150,1,4974554.34348028,525138.7334982232,140.3153503754309,152.60968479083368,153.69850562291936,131.22427380598208,144.4619536487915,44.013333333333335,0.8879127537109966,28.11,20.075512,18.2,21.71,23.67,25.54
s_150_004,square,150,1,4974549.68851972,525138.7334982232,136.1630230809018,157.0406556610666,148.25708559857327,131.32065159697544,143.19535398437927,43.92,0.9348816029143898,28.16,18.976528,16.6,20.72,23.13,25.62
s_150_005,square,150,1,4974548.2500578,525143.1606287957,240.25964895437517,264.58480203417287,265.5430551377105,226.42540894396475,249.20322876755583,49.986666666666665,0.8708989063750333,28.8,19.736217,17.99,21.14,23.74,26.365501
s_150_006,square,150,2,4975569.679,524909.4117459622,28.830393989627595,32.704973177176214,30.01918964569697,26.62819159871549,29.545687102804067,45.013333333333335,0.7046800947867299,33.05,18.519493,11.3325,19.61,24.53,30.564499
s_150_007,square,150,2,4975573.4449422,524906.6756287958,20.45219247016968,22.590139886145923,20.9888702790877,19.119668707997704,20.787717835850252,46.46,0.6658057110058831,30.65,15.417861,9.79,14.08,20.6725,27.720499
s_150_008,square,150,2,4975572.006480279,524902.2484982233,169.44361136278093,184.22426646337846,186.3070892293965,155.34198850313538,173.8292388896728,57.61333333333334,0.8030548484147189,31.7,18.25086,10.53,19.82,24.88,29.04
s_150_009,square,150,2,4975567.35151972,524902.2484982233,251.27879631354278,272.4435960592347,276.7311647150042,232.02357924011903,258.11928408197514,55.193333333333335,0.8603696098562629,31.7,21.524307,18.87,23.59,27.1,29.849
s_150_010,square,150,2,4975565.913057799,524906.6756287958,82.93990583125765,89.26135927867793,92.29746604549496,76.23117568024594,85.18247670891911,43.64666666666667,0.7828012830303956,31.7,22.231249,20.71,23.9,26.84,29.5
s_150_011,square,150,3,4975188.667,525009.9077459621,201.67418858354523,237.84045335411977,214.0110808884293,195.7843718175081,212.32752366090062,50.60666666666667,0.8083256487946252,25.92,10.441532,6.72,8.86,12.61,22.6875
s_150_012,square,150,3,4975192.4329422,525007.1716287957,222.20728983639393,257.19408135612827,238.16981610677988,211.1740956285318,232.18632073195846,56.04666666666667,0.7831568930653027,26.92,13.217546,7.86,10.92,19.57,24.4985
s_150_013,square,150,3,4975190.99448028,525002.7444982232,160.17838243141352,171.27491419308006,154.3600335175347,149.41709810681704,158.80760706221133,50.233333333333334,0.737491705374917,26.3,11.635931,6.95,9.47,16.51,24.13
s_150_014,square,150,3,4975186.3395197205,525002.7444982232,124.32657492953437,140.41842063350305,115.26879418547011,117.7869413972911,124.45018278644966,47.693333333333335,0.7545429130556333,22.48,9.982784,7.0,9.1,12.08,18.911499
s_150_015,square,150,3,4975184.9010578,525007.1716287957,109.51306660653762,144.406484752574,110.74633732486689,106.20071169305375,117.71665009425806,46.52,0.7797363141301232,17.22,8.559947,6.69,8.42,10.17,13.79
s_150_016,square,150,4,4974882.089,525128.9197459621,159.82093339876945,176.6755258651599,173.97226619037798,154.01428987371142,166.12075383200468,54.21333333333333,0.8191096901131333,21.96,10.106205,6.37,9.64,13.57,18.04
s_150_017,square,150,4,4974885.8549422,525126.1836287957,65.37791102423297,73.35742338365607,70.56260138674747,63.98153381970225,68.3198674035847,49.346666666666664,0.8674682518238314,21.15,9.5275,5.26,9.06,13.42,17.64
s_150_018,square,150,4,4974884.4164802795,525121.7564982232,99.55438403923304,111.81940346141934,108.87358392427602,96.02738589157717,104.0686893291264,46.92666666666667,0.885779230004262,20.18,9.477413,5.18,8.94,13.45,17.17
s_150_019,square,150,4,4974879.76151972,525121.7564982232,53.32923772406265,60.37739608474353,56.92206814580368,53.11391021404572,55.93565304216389,48.62,0.8952420128890717,20.95,10.402624,6.95,10.53,13.61,17.24
s_150_020,square,150,4,4974878.3230578,525126.1836287957,75.29125733500504,83.43213922656027,79.74367667367737,73.52702622309565,77.9985248645846,50.50666666666667,0.8430570221752904,18.37,9.280609,6.15,8.99,12.53,15.81
s_150_021,square,150,5,4975907.399,524773.0157459622,75.36902916478665,85.37953868673344,77.57525779079165,72.9151031574728,77.80973219994613,49.733333333333334,0.8130026809651475,24.205,12.5839405,8.245,13.375,16.825,19.913
s_150_022,square,150,5,4975911.1649422,524770.2796287957,76.46141137083188,86.09519552293699,78.9266825156484,76.68265024268996,79.5414849130268,48.17333333333333,0.8876280099640188,24.135,12.926197,8.165,13.555,17.525,20.885
s_150_023,square,150,5,4975909.72648028,524765.8524982232,45.31880653529803,63.1025063183743,61.015075445697846,59.56119904690716,57.24939683656933,45.60666666666667,0.889636018126005,23.205,12.294304,7.185,13.175,16.985,19.955
s_150_024,square,150,5,4975905.07151972,524765.8524982232,70.00696547019865,106.07072899309455,92.38624592483202,91.02401580518213,89.87198904832684,47.14666666666667,0.8737273755656109,24.185,11.944431,8.17,12.145,15.755,20.925999
s_150_025,square,150,5,4975903.6330578,524770.2796287957,139.94363330439472,149.51753678371352,131.95884992921503,133.26836083666058,138.67209521349596,53.653333333333336,0.8118787276341949,30.045,14.187249,10.745,13.975,17.865,24.785
s_150_026,square,150,6,4976225.143,524511.7957459622,90.03384841640555,102.19934543328812,90.93836873352512,85.54052923967504,92.17802295572346,17.96,0.9695619896065331,24.96,14.617137,11.96,14.49,17.5625,21.804499
s_150_027,square,150,6,4976228.9089422,524509.0596287957,82.15240697478208,93.08615547042751,83.61433277247372,77.50027681840226,84.0882930090214,16.733333333333334,0.9792828685258964,23.97,14.92546,12.86,15.175,17.5875,19.721498
s_150_028,square,150,6,4976227.47048028,524504.6324982232,186.69649707613831,208.80158056724974,194.95393541665982,173.85213385999904,191.07603673001174,18.186666666666667,0.9538123167155426,26.2,15.887022,14.112499,16.51,18.31,21.66
s_150_029,square,150,6,4976222.81551972,524504.6324982232,216.0140153209505,239.75463221309437,228.5017355282109,202.93466299833966,221.80126151514884,18.64,0.9281115879828327,25.66,16.632603,14.34,17.0,19.695,23.133
s_150_030,square,150,6,4976221.3770578,524509.0596287957,214.13052407692902,236.6818897862777,227.55152307748574,202.7466731217586,220.27765251561277,21.26,0.9570398243963625,26.52,16.253305,13.095,16.31,19.72,23.46
s_150_031,square,150,7,4976269.182,525028.5407459622,117.83494659550246,126.26928888437152,118.51512803487695,106.7837917297098,117.3507888111152,59.35333333333333,0.9256430416713467,23.14,15.249533,12.39,14.81,18.8,21.85
s_150_032,square,150,7,4976272.9479422,525025.8046287957,187.61855182900428,226.48393739997323,214.62018845866695,173.03332629459408,200.43900099555964,59.28666666666667,0.9262341167210165,23.14,14.745267,11.86,14.29,18.38,21.58
s_150_033,square,150,7,4976271.50948028,525021.3774982232,96.02943652698417,139.6349753942329,105.46353853946853,102.13791584252525,110.8164665758027,47.44,0.9768128161888702,22.38,12.122193,9.87,12.26,14.38,18.22
s_150_034,square,150,7,4976266.85451972,525021.3774982232,69.72029594121405,80.73168967222308,72.97249600149182,72.53973368585778,73.99105382519667,43.88666666666666,0.9790369132614309,22.38,11.48183,9.61,11.79,13.56,16.58
s_150_035,square,150,7,4976265.4160578,525025.8046287957,164.9065402183716,170.67269351886296,159.28235007262356,157.35780298541277,163.0548466988177,55.82666666666667,0.9525913541915453,23.14,13.974413,11.45,13.43,17.04,21.402
s_150_036,square,150,8,4976535.25,524987.7127459622,59.17117491140544,65.51903073407699,58.434625279709415,50.98368455261267,58.52712886945113,55.7,0.926391382405745,24.37,10.690037,7.59,9.92,13.5225,19.5
s_150_037,square,150,8,4976539.0159422,524984.9766287957,117.32506112177411,128.2266114265282,122.87611775354162,105.21724742999373,118.41125943295941,54.95333333333333,0.932791459420114,26.61,12.805725,8.41,11.35,17.77,23.33
s_150_038,square,150,8,4976537.57748028,524980.5494982232,119.29989139485679,124.71620061095089,116.76890002040047,102.4384463723934,115.80585959965039,53.45333333333333,0.9121975555001247,33.21,14.175878,9.282499,14.005,18.48,26.21
s_150_039,square,150,8,4976532.92251972,524980.5494982232,101.84461573504514,105.07612459855369,98.69767296612179,86.76127560045424,98.09492222504372,58.89333333333333,0.8298618972153045,28.72,13.127933,8.195,13.61,17.75,22.525002
s_150_040,square,150,8,4976531.4840578,524984.9766287957,70.17737069821615,79.01079046260088,70.67593280446191,66.22158195648672,71.52141898044141,59.74,0.8770226537216829,30.1,13.1490345,8.41,13.09,17.67,23.55
s_150_041,square,150,9,4976764.273,524975.2237459621,282.0599761114127,335.1443191347862,307.61765808861406,237.5403700760813,290.5905808527235,59.913333333333334,0.9541560031156114,32.98,16.709906,11.27,16.61,21.49,29.433
s_150_042,square,150,9,4976768.0389422,524972.4876287957,209.95678329327248,242.44038112693283,230.50914125728974,180.42279589940472,215.83227539422495,59.04,0.9382339656729901,32.98,18.034014,12.42,17.97,23.56,29.546
s_150_043,square,150,9,4976766.60048028,524968.0604982232,179.13329564657232,201.30254122992574,197.26996274110485,157.67643589138717,183.84555887724753,52.32,0.8324413863404689,32.98,16.012396,9.25,15.16,22.82,29.602001
s_150_044,square,150,9,4976761.94551972,524968.0604982232,179.13329564657232,201.30254122992574,197.26996274110485,157.67643589138717,183.84555887724753,52.093333333333334,0.7684924494497056,32.42,15.161262,8.71,13.9,22.33,28.178
s_150_045,square,150,9,4976760.5070578,524972.4876287957,282.0599761114127,335.1443191347862,307.61765808861406,237.5403700760813,290.5905808527235,53.85333333333333,0.8450111413716267,31.27,13.095801,8.68,11.745,17.43,25.5275
s_150_046,square,150,10,4975957.068,525214.4367459621,239.5183294607159,272.32050478411384,248.6181706710629,240.1706429804523,250.15691197408623,57.84,0.9776394651913324,21.79,14.248336,12.13,14.8,16.807499,18.91
s_150_047,square,150,10,4975960.8339422,525211.7006287957,284.22566419701053,327.90649537567685,296.747987478583,288.67720752717287,299.3893386446108,56.013333333333335,0.9666746012854083,22.32,16.328026,15.0,16.94,18.27,19.99
s_150_048,square,150,10,4975959.39548028,525207.2734982232,272.85373222161854,321.20314061838076,284.9658029517699,279.7287121573401,289.68784698727734,53.126666666666665,0.9579621031497051,23.6,16.938488,15.67,17.48,18.71,20.39
s_150_049,square,150,10,4975954.74051972,525207.2734982232,184.37017980417738,214.91250524111948,190.22385365258106,199.9248066993173,197.3578363492988,52.913333333333334,0.9712737810255764,23.6,16.220995,14.33,16.87,18.44,20.27
s_150_050,square,150,10,4975953.3020578,525211.7006287957,202.7504068351112,228.81165078115902,209.15869252932174,215.0641370944015,213.94622180999835,57.06,0.9795536861782919,23.6,14.489289,12.37,14.795,16.87,19.7085
s_150_051,square,150,11,4975613.36,525392.1797459621,285.1487275919329,322.41469465222156,306.79391661444146,267.80177458964386,295.53977836205996,66.00666666666666,0.885971114028886,28.96,17.683796,13.37,17.585,22.52,26.71
s_150_052,square,150,11,4975617.1259422,525389.4436287957,320.6939065339776,356.6686647442492,341.8915158372403,305.1472668733439,331.10033849720276,68.39333333333333,0.8100204698313676,28.96,16.008345,12.6425,15.9,18.69,26.1
s_150_053,square,150,11,4975615.68748028,525385.0164982232,149.4968487785767,171.02410758004933,152.37292592098012,152.25981519583945,156.2884243688614,57.18666666666667,0.8525297272091397,22.7,12.509298,9.11,13.14,15.95,18.66
s_150_054,square,150,11,4975611.0325197205,525385.0164982232,133.91127304205273,153.8318374576533,136.6266005331988,136.59951195852494,140.24230574785747,53.11333333333334,0.9528053219530563,22.7,12.723976,9.285,13.25,16.12,19.15
s_150_055,square,150,11,4975609.5940578,525389.4436287957,327.9637748156944,367.4679446714358,348.8913113079942,315.3858237486836,339.927213635952,64.89333333333333,0.973186768029587,28.96,15.089199,11.49,15.41,18.45,25.374
s_150_056,square,150,12,4975652.244,525882.3237459621,107.16375438866378,126.73882006182494,110.92153655742501,114.95896626451157,114.94576931810633,43.266666666666666,0.9295839753466872,25.97,15.314034,11.5,16.05,19.6,22.87
s_150_057,square,150,12,4975656.0099422,525879.5876287956,199.78009602400306,197.54450061740985,179.96997139055316,187.1044170678848,191.0997462749627,44.22,0.932911201567918,26.27,15.876868,11.967501,15.78,20.34,24.27
s_150_058,square,150,12,4975654.57148028,525875.1604982232,174.831912751971,168.5944408461395,154.31282312031615,164.75566504499773,165.6237104408561,41.58,0.9236812570145904,26.27,17.017925,12.11,18.56,22.08,24.72
s_150_059,square,150,12,4975649.91651972,525875.1604982232,215.7805452337713,204.56957153344266,185.60203590414943,192.4431284634872,199.59882028371266,41.92,0.9166666666666666,25.91,17.343924,12.58,19.04,21.95,24.588501
s_150_060,square,150,12,4975648.4780578,525879.5876287956,115.79032683220389,116.90578677577966,108.32450974231138,114.21666971489978,113.80932326629866,46.98,0.9029374201787995,25.79,16.249863,11.64,17.65,21.055,24.249
s_150_061,square,150,13,4975983.789,525691.5327459621,280.65999060382376,306.2494701889363,308.2356394569352,258.95729879724274,288.5255997617345,41.8,0.8787878787878788,30.17,15.987666,9.6,15.715,23.0675,27.2155
s_150_062,square,150,13,4975987.5549422,525688.7966287957,134.57745942447235,148.4840795684977,147.38937296334885,122.5704448738941,138.25533920755325,42.38,0.9427402862985685,31.13,15.968667,10.5,15.58,22.46,27.05
s_150_063,square,150,13,4975986.11648028,525684.3694982232,17.051870759608143,18.585852277130524,18.15105444379326,16.431436495351438,17.55505349397084,37.6,0.9707446808510638,32.11,16.200096,11.37,16.16,21.795,27.633
s_150_064,square,150,13,4975981.46151972,525684.3694982232,129.32826211848743,140.73114001642745,140.8033241369191,120.18315427342088,132.7614701363137,31.906666666666666,0.9460927705808608,32.11,18.105787,11.4775,18.345001,25.56,29.4565
s_150_065,square,150,13,4975980.0230578,525688.7966287957,88.42414484987175,98.72298530409262,95.98102901676066,81.754746637441,91.2207264520415,26.613333333333333,0.8023547094188377,31.26,14.351904,7.89,12.31,22.494999,26.429
s_150_066,square,150,14,4976328.71,525888.5817459621,100.35627551206613,115.12364748615518,103.69510425754761,97.45793036626216,104.15823940550777,48.43333333333333,0.9059876118375775,17.18,10.098131,8.09,10.37,12.3,14.57
s_150_067,square,150,14,4976332.4759422,525885.8456287957,124.21133598004253,145.7008838865662,129.04794178314398,119.99242331083936,129.738146240148,50.32666666666667,0.8794542323486555,16.99,10.156859,8.37,10.39,12.35,14.481
s_150_068,square,150,14,4976331.03748028,525881.4184982232,95.7128647326511,113.98584226863804,98.95947638255466,98.28285611581522,101.73525987491475,43.10666666666667,0.8773584905660378,17.53,10.533649,8.68,11.07,12.71,14.56
s_150_069,square,150,14,4976326.38251972,525881.4184982232,104.73541266899113,125.31958412846097,109.25032742945606,104.24930241103982,110.888656659487,37.833333333333336,0.9030837004405287,17.53,10.478692,8.76,10.78,12.53,14.53
s_150_070,square,150,14,4976324.9440578,525885.8456287957,130.90859799752104,154.6622488186861,135.59769892320773,133.0668629929533,138.55885218309203,41.82666666666667,0.9064392731909467,17.24,9.893001,7.83,10.1,12.05,14.507
s_150_071,square,150,15,4976514.12,524477.9497459622,108.89205353417367,121.42108527123423,111.13936299893894,109.78517424853734,112.80941901322106,16.653333333333332,0.8566853482786229,22.61,13.928967,11.41,14.315001,16.97,19.882
s_150_072,square,150,15,4976517.8859422,524475.2136287957,89.64172814175045,99.04650787537642,93.085371370329,90.67597818817192,93.11239639390695,16.366666666666667,0.8114052953156823,22.61,14.184201,11.2675,15.06,17.4825,20.0245
s_150_073,square,150,15,4976516.44748028,524470.7864982232,78.30724140263497,85.93711942941205,82.36545298737327,77.99365508176231,81.15086722529566,18.753333333333334,0.794169925346605,22.61,13.476294,10.4,14.005,16.77,19.7835
s_150_074,square,150,15,4976511.79251972,524470.7864982232,139.5158376291473,156.46328425179325,142.10648797466487,137.20008245542226,143.82142307775692,18.613333333333333,0.8484957020057307,22.61,13.684964,11.47,14.45,16.79,19.698
s_150_075,square,150,15,4976510.3540578,524475.2136287957,162.25341981702897,182.02781905633574,165.5131521365239,156.0449943340165,166.4598463359763,16.58,0.8705267390430237,22.61,13.302914,11.21,13.9,16.16,19.346
s_150_076,square,150,16,4975318.712,525556.9847459622,85.21275878322898,92.52957494773604,93.94365222947334,80.01345754950216,87.92486087748513,66.64,0.9049619847939175,22.29,15.626869,13.98,16.04,17.79,19.63
s_150_077,square,150,16,4975322.4779422,525554.2486287957,158.12098404986648,171.26878280596554,174.780942022224,148.22966790672797,163.10009419619598,63.24666666666667,0.8744597870770529,22.29,15.694459,14.0,16.16,17.9225,19.75
s_150_078,square,150,16,4975321.03948028,525549.8214982232,138.02707562481422,149.61128642623072,150.6319038657524,132.39334395256535,142.6659024673407,70.82,0.8186011484514732,22.97,16.390377,14.75,16.75,18.47,20.8225
s_150_079,square,150,16,4975316.38451972,525549.8214982232,116.63281089691915,126.41984359250256,127.00399779932893,112.121472817028,120.54453127644466,75.3,0.7911465250110669,22.97,16.220533,14.65,16.55,18.39,20.73
s_150_080,square,150,16,4975314.9460578,525554.2486287957,105.48779377195783,114.6780355696204,116.15732039790683,98.52782104845352,108.71274269698465,68.54,0.8397043089193659,22.29,15.711489,13.95,16.37,18.32,20.014
s_150_081,square,150,17,4975371.046,526081.8517459622,129.79266630745875,151.9287579167223,134.51478907286753,123.44315139975205,134.91984117420017,36.03333333333333,0.8148011100832563,19.01,12.403555,10.48,13.2,14.91,16.5585
s_150_082,square,150,17,4975374.8119422,526079.1156287957,139.65174361197396,157.8536202526311,143.04532924104683,139.42133213574616,144.9930063103495,36.693333333333335,0.8611918604651163,19.35,12.68454,10.81,13.325,15.07,17.12
s_150_083,square,150,17,4975373.37348028,526074.6884982232,118.21996401273577,138.71242946696037,123.36767095755224,116.56059634469437,124.21516519548568,35.04,0.9035388127853882,19.51,12.516675,10.14,13.34,15.43,17.58
s_150_084,square,150,17,4975368.71851972,526074.6884982232,116.52065479789086,136.8032709535762,122.41640176240867,113.69402812287328,122.35858890918726,29.493333333333332,0.8453887884267631,19.51,13.241123,11.09,14.23,15.88,17.82
s_150_085,square,150,17,4975367.2800578,526079.1156287957,93.43588233318415,112.3385348963252,99.2647284799927,91.11319423584605,99.03808498633703,31.0,0.7716129032258064,19.35,12.722046,10.84,13.52,15.29,17.47
s_150_086,square,150,18,4975406.248,526553.0057459621,15.4428284638226,16.932556029719525,16.852219462745648,14.140614848925143,15.84205470130323,47.06666666666667,0.693484419263456,18.15,8.27387,5.73,8.13,10.08,15.5225
s_150_087,square,150,18,4975410.0139422,526550.2696287957,13.941402206185789,15.292873915305998,15.206923424736845,12.743043272542263,14.296060704692724,46.60666666666667,0.5765984837648405,18.55,6.875088,4.53,7.05,8.76,12.45
s_150_088,square,150,18,4975408.5754802795,526545.8424982232,65.86875340711079,72.93430964807676,68.85321650356235,61.19402222315189,67.21257544547545,51.74666666666667,0.616851326977583,19.89,9.312667,6.24,9.18,12.6325,16.13
s_150_089,square,150,18,4975403.92051972,526545.8424982232,134.5807691662052,148.81947432475053,140.45359407620708,123.24156235332924,136.77384998012303,53.82,0.6852471200297288,19.89,9.860086,6.4674997,9.51,13.6,17.054499
s_150_090,square,150,18,4975402.4820578,526550.2696287957,96.36062617078443,106.37407177335453,100.92921965371998,87.98355036380516,97.91186699041603,43.08,0.7429588362735995,18.35,8.973353,5.58,8.3,12.14,16.61
s_150_091,square,150,19,4975693.698,526340.3397459622,160.12869636507773,175.48757453852784,171.0442230940474,151.66687354288274,164.58184188513394,42.526666666666664,0.8802320112870355,24.73,15.43134,12.31,16.71,19.54,22.173
s_150_092,square,150,19,4975697.4639422,526337.6036287957,69.71819620162142,73.93246782187754,71.72086357464296,66.23193755441477,70.40086628813918,39.92,0.8864395457581831,22.87,12.867061,9.0675,14.045,16.77,20.04
s_150_093,square,150,19,4975696.02548028,526333.1764982232,53.07514610366078,56.973772644963674,53.81520177791202,50.98377223055317,53.71197318927241,40.11333333333334,0.897124813029749,23.36,12.3559475,8.5425,13.31,16.05,19.34
s_150_094,square,150,19,4975691.37051972,526333.1764982232,117.6689862932069,146.50774433895378,125.78347601726537,97.79896051957296,121.93979179224975,42.03333333333333,0.914670896114195,26.73,14.165917,10.36,14.67,18.51,22.376999
s_150_095,square,150,19,4975689.9320578,526337.6036287957,126.26035878333353,151.74185775038848,129.84217949620984,105.62488874221475,128.36732119303664,40.64666666666667,0.9050352632442185,23.54,13.988959,10.87,14.73,17.69,20.72
s_150_096,square,150,20,4976026.288,526564.9217459622,141.28649862146665,170.93470072629913,143.76316164719572,157.70376238955828,153.42203084612993,53.593333333333334,0.9543475556661276,21.4,13.358281,10.96,13.91,16.19,18.92
s_150_097,square,150,20,4976030.0539422,526562.1856287958,234.831011292805,263.31659646739985,238.41592804083857,247.3269367322385,245.97261813332045,55.75333333333333,0.9190481884491212,22.68,13.226778,10.02,14.05,16.8175,19.5375
s_150_098,square,150,20,4976028.61548028,526557.7584982233,236.41323890478066,276.87536237126415,241.00372701761302,258.1239979320368,253.10408155642367,55.126666666666665,0.9177651469343331,21.82,13.25766,9.7,14.15,17.08,19.42
s_150_099,square,150,20,4976023.96051972,526557.7584982233,138.11898735378944,163.8532934299454,139.9550514386449,160.2274993077397,150.53870788252985,52.95333333333333,0.9362961097821981,21.4,13.266743,9.8,14.31,17.08,18.97
s_150_100,square,150,20,4976022.5220578,526562.1856287958,190.29489699484935,227.8512620219429,193.58914484450816,210.8174138166098,205.63817941947755,52.08,0.967357910906298,23.1,13.873275,11.37,14.53,16.94,19.382
s_150_101,square,150,21,4976291.761,525442.8477459622,203.4490516011374,229.04905142428132,216.2337846247546,202.37459516836145,212.7766207046337,61.093333333333334,0.9201222173723265,28.1,16.784721,13.467501,17.22,20.49,24.3745
s_150_102,square,150,21,4976295.5269422,525440.1116287957,174.05770247819424,199.89075199115305,185.34030857897517,178.28291588589224,184.3929197335537,61.06,0.9481384430614695,28.24,19.254242,16.14,21.03,23.09,26.13
s_150_103,square,150,21,4976294.08848028,525435.6844982232,320.4373636226683,356.1991873611971,351.0692304066097,310.0578252274176,334.4409016544732,62.02,0.9611953133397829,28.52,19.24656,16.2325,20.91,23.5475,26.35
s_150_104,square,150,21,4976289.43351972,525435.6844982232,182.9523564469215,207.79942117766822,191.75934818957788,176.93645696155602,189.8618956939309,63.44,0.9367381252627154,28.52,16.230919,10.88,16.7,21.6,25.55
s_150_105,square,150,21,4976287.9950578,525440.1116287957,137.07577976398497,156.66853920059967,145.77229930524874,132.7219563429028,143.05964365318405,62.07333333333333,0.9025883363763291,28.1,15.999638,11.55,16.48,20.45,24.948502
s_150_106,square,150,22,4976583.131,525410.7347459622,76.3282781495505,85.16565753821479,78.36830501225316,82.88790583506855,80.68753663377174,53.193333333333335,0.7077327985963153,27.63,14.829366,12.11,15.46,17.81,21.92
s_150_107,square,150,22,4976586.8969422,525407.9986287957,149.03279390801833,166.1832942459016,153.955163422636,150.93854174624087,155.0274483306992,60.233333333333334,0.7826231322634201,22.25,13.618479,10.8,14.38,16.48,19.19
s_150_108,square,150,22,4976585.45848028,525403.5714982232,107.05588975926048,119.09720067868348,110.0592318325554,103.86870165179117,110.02025598057263,57.653333333333336,0.77763644773358,22.63,12.8141575,10.18,13.72,15.81,18.467999
s_150_109,square,150,22,4976580.80351972,525403.5714982232,50.83243298523759,56.577654118993344,51.70269526264651,51.08606995009766,52.54971307924377,53.82,0.7449523101697014,23.02,12.268006,9.84,12.765,15.23,19.07
s_150_110,square,150,22,4976579.3650578,525407.9986287957,78.45267589620454,87.1067281057438,80.49104758664477,76.41158364151039,80.61550880752587,57.986666666666665,0.7791446309496436,29.67,15.047715,11.38,15.04,18.89,24.35
s_150_111,square,150,23,4975689.685,526588.8267459621,133.76471706820877,142.73284985147274,143.46819842068678,117.63826064770481,134.40100649701827,45.586666666666666,0.9090377303305059,30.14,17.75922,9.41,21.915,25.08,27.83
s_150_112,square,150,23,4975693.4509422,526586.0906287957,186.0631173135365,185.61402127713774,189.67476995670737,168.65378535798126,182.50142347634073,46.693333333333335,0.8493717875499714,30.27,20.728582,18.29,23.93,26.17,28.146
s_150_113,square,150,23,4975692.012480279,526581.6634982232,151.45944750738943,163.37695006087728,168.14396426739967,140.6994453044387,155.91995178502629,46.10666666666667,0.7189126662810873,30.27,20.010263,12.165,23.56,25.81,28.09
s_150_114,square,150,23,4975687.35751972,526581.6634982232,190.38740884462837,204.91664083065592,207.82402698808437,168.22941557526758,192.83937305965907,51.25333333333333,0.7970863683662851,30.27,19.271847,11.82,22.55,25.02,27.65
s_150_115,square,150,23,4975685.9190577995,526586.0906287957,234.75919981232875,251.48103039584936,257.3816352716636,208.75060817421453,238.09311841351408,52.77333333333333,0.8787266296109146,30.27,18.026628,10.66,21.48,24.94,27.872501
s_150_116,square,150,24,4975979.232,526257.3587459621,30.53237613184176,33.42778400360568,31.097978832359825,26.919352521393257,30.494372872300133,40.06,0.6841404559826926,21.01,12.215842,7.955,13.49,16.58,18.84
s_150_117,square,150,24,4975982.9979422,526254.6226287957,197.68087481410092,194.33620000446632,186.7244037682428,153.8009981685016,183.13561918882792,51.5,0.7172815533980582,25.78,14.356961,10.98,15.05,18.22,22.09
s_150_118,square,150,24,4975981.55948028,526250.1954982232,142.69379978851367,134.9753950631635,130.37867475577744,126.77713385325951,133.70625086517853,51.16,0.5969507427677874,27.7,16.843977,12.95,18.04,21.96,25.37
s_150_119,square,150,24,4975976.90451972,526250.1954982232,6.280712563320562,6.367488667382943,5.9775089224887665,3.9647694780967697,5.647619907822261,38.50666666666667,0.31700138504155123,25.31,14.311108,11.76,14.44,16.85,22.615002
s_150_120,square,150,24,4975975.4660578,526254.6226287957,25.12601538840688,26.683663527691937,26.97163128344467,21.745334239735385,25.131661109819717,32.32,0.41006600660066006,24.92,11.928346,9.137501,13.65,15.512501,16.71
s_150_121,square,150,25,4976208.282,526365.7387459622,63.172118809435005,65.47315531374988,59.16573135804203,61.80708838053934,62.404523465441564,48.85333333333333,0.9675218340611353,19.79,9.469471,7.36,9.16,11.1075,16.2955
s_150_122,square,150,25,4976212.0479422,526363.0026287957,73.00342916434096,82.81324626836664,74.71663698452318,71.03584562608054,75.39228951082782,49.7,0.9573440643863179,18.88,9.386999,7.85,9.16,10.61,15.57
s_150_123,square,150,25,4976210.6094802795,526358.5754982232,59.399359271668985,65.5002678913557,60.45535491336355,56.60341164795266,60.48959843108523,47.42,0.9576831154224659,18.88,9.35437,6.9,8.94,11.3,16.0345
s_150_124,square,150,25,4976205.95451972,526358.5754982232,96.87762264667973,107.65550916974435,99.79274414540384,92.19210004220287,99.1294940010077,49.32666666666667,0.9645898094337073,20.86,10.315764,6.82,9.76,13.76,17.642
s_150_125,square,150,25,4976204.5160578,526363.0026287957,137.5932307772724,148.70238050564973,137.00215069519348,131.44181838723034,138.68489509133647,52.766666666666666,0.9666456096020215,20.86,11.191035,7.645,11.1,14.95,18.16
s_150_126,square,150,29,4975605.615,524630.8117459621,203.8709771614494,221.4766132549642,224.65189810877206,191.527964489668,210.3818632537134,19.413333333333334,0.8626373626373627,26.08,16.792038,14.49,18.455,20.6,22.974499
s_150_127,square,150,29,4975609.3809422,524628.0756287957,152.10345441215577,165.27659242471577,167.17735204088564,143.0639655103264,156.90534109702088,21.64,0.8582871226124461,23.26,15.542318,11.98,17.305,19.69,21.64
s_150_128,square,150,29,4975607.94248028,524623.6484982232,186.4462718170751,202.32014527232067,205.69354253900042,175.14838561389357,192.40208631057243,19.593333333333334,0.8438244300782579,24.86,17.786665,16.1825,19.4,21.16,22.8705
s_150_129,square,150,29,4975603.28751972,524623.6484982232,185.70603416126718,201.64044985729242,204.74505017571755,174.4141946341554,191.62643220710814,17.72,0.8939051918735892,24.86,17.54306,15.535,19.57,21.3,22.985
s_150_130,square,150,29,4975601.8490578,524628.0756287957,233.6977011091759,253.6700179355714,257.74196171040194,219.57208208573036,241.1704407102199,19.813333333333333,0.876514131897712,26.08,17.655321,15.38,19.56,21.41,23.77
s_150_131,square,150,30,4977166.833,524596.7587459622,154.5745684769704,164.90766945349247,168.22540309096996,149.26027962869102,159.24198016253098,40.86,0.7683145700766846,16.21,7.4999404,4.59,7.52,10.02,13.45
s_150_132,square,150,30,4977170.5989422,524594.0226287957,75.32755888002863,85.65576275385153,88.19817315064842,77.23510456272881,81.60414983681434,41.76,0.8256704980842912,16.32,8.222398,5.05,8.23,11.5,13.9545
s_150_133,square,150,30,4977169.1604802795,524589.5954982232,24.74331048754159,31.169454267175393,31.45060538532463,28.3897351326973,28.938276318184727,40.54666666666667,0.8138770141400855,16.32,8.22715,4.8125,8.62,11.38,13.91
s_150_134,square,150,30,4977164.50551972,524589.5954982232,91.49722494715382,103.34026404212509,102.91730262923801,82.63947833896668,95.09856748937091,38.693333333333335,0.7565472088215024,15.11,7.692099,4.36,7.8,10.94,13.07
s_150_135,square,150,30,4977163.0670578,524594.0226287957,154.1096928778985,170.53996522863625,170.75642643527027,140.6683536599603,159.01860955044134,39.833333333333336,0.7390794979079498,16.67,7.456481,4.38,7.61,10.282499,13.14
s_150_136,square,150,31,4976243.76,524839.2298459625,251.1165681471594,271.0091914705093,266.49029307004173,237.74489427281577,256.59023674013156,60.00666666666667,0.952560826574825,30.29,14.791549,11.52,15.29,18.29,22.22
s_150_137,square,150,31,4976247.5259422,524836.493728796,209.05053683984687,230.12093964968219,229.50561998572127,204.4014900707523,218.26964663650065,59.49333333333333,0.9753473778574631,30.83,17.849846,14.01,18.5,22.05,27.45
s_150_138,square,150,31,4976246.08748028,524832.0665982235,202.2534058731999,218.1181725117275,222.3957919107695,196.60432004426102,209.84292258498948,53.24,0.9872276483846731,30.83,18.447464,15.29,19.35,22.282501,26.8185
s_150_139,square,150,31,4976241.43251972,524832.0665982235,140.26215498958533,146.73259879456637,145.98939375494882,141.8794542301092,143.71590044230243,53.806666666666665,0.9762111262544914,25.87,15.2742,11.11,16.43,19.474998,22.62
s_150_140,square,150,31,4976239.9940578,524836.493728796,214.52242767034215,223.59010249519028,215.89444344306017,209.9063177965569,215.97832285128737,59.32666666666667,0.9622429486459153,25.87,14.932877,11.63,15.67,18.66,22.079
s_150_141,square,150,32,4975778.346899999,525032.0751459617,198.27112957145258,210.1741245124772,208.7492447058562,188.70025553649455,201.47368858157012,64.30666666666667,0.9641302094132282,27.65,20.201553,17.84,21.55,23.36,25.3605
s_150_142,square,150,32,4975782.112842199,525029.3390287952,126.44349324124506,135.06794864840396,131.63410756220685,139.7449230114868,133.22261811583567,66.54,0.9694419396854023,27.65,19.722673,15.6975,21.44,23.41,25.51
s_150_143,square,150,32,4975780.674380279,525024.9118982228,164.49587893112596,169.06424318631306,166.22072913535962,167.6558257371431,166.85916924748545,65.19333333333333,0.9853768278965129,27.65,18.95422,15.35,20.51,22.9825,24.83
s_150_144,square,150,32,4975776.019419719,525024.9118982228,291.006861232962,304.85342566936083,301.8892175633267,274.4697966621378,293.0548252819468,65.48666666666666,0.9788252061488344,26.3,19.31655,15.92,21.07,23.02,24.28
s_150_145,square,150,32,4975774.580957799,525029.3390287952,296.23010845021435,311.7255844237137,307.5191587922397,276.65847953889295,298.03333280126515,66.28,0.9606718970026151,27.32,19.70075,16.63,21.31,23.13,24.86
s_150_146,square,150,33,4975431.0747,525200.5306459619,109.44204162578858,122.01091352333384,113.76495692548431,102.30204095811646,111.87998825818079,57.79333333333334,0.9200599838505018,20.47,12.962792,11.15,13.74,15.6,17.8
s_150_147,square,150,33,4975434.8406422,525197.7945287954,111.97001120630216,124.83332061198995,116.14434746250765,105.19075127156964,114.53460763809235,60.806666666666665,0.9409056024558711,21.25,13.186479,10.93,13.87,16.18,18.67
s_150_148,square,150,33,4975433.40218028,525193.3673982229,146.21924079775326,163.39804429506697,151.32587644152866,143.89111920227288,151.20857018415543,59.1,0.9428087986463621,21.25,12.982747,10.33,13.84,16.27,18.911499
s_150_149,square,150,33,4975428.74721972,525193.3673982229,199.10731191636256,222.10495807907702,206.1911811163836,192.42987232373198,204.9583308588888,59.17333333333333,0.933979269941415,21.25,13.141463,10.5825,13.94,16.25,18.76
s_150_150,square,150,33,4975427.3087578,525197.7945287954,123.10512466572058,137.73128871834348,128.01874192128548,120.3929001381848,127.31201386088358,58.96666666666667,0.9502543810062182,21.25,12.805947,10.43,13.54,15.69,18.44
s_150_151,square,150,34,4975783.509400001,525504.7589459624,0.0,0.0,0.0,0.0,0.0,37.07333333333333,0.4430857759395792,33.65,22.305876,21.7475,25.86,28.71,31.89
s_150_152,square,150,34,4975787.275342201,525502.022828796,0.0,0.0,0.0,0.0,0.0,30.46,0.46224556795797767,32.06,20.276146,18.1075,21.935001,26.1025,28.93
s_150_153,square,150,34,4975785.836880281,525497.5956982234,0.0,0.0,0.0,0.0,0.0,46.79333333333334,0.7389941587120672,33.61,23.827023,21.2,24.81,27.87,30.657
s_150_154,square,150,34,4975781.181919721,525497.5956982234,124.80021216707165,134.5652589984163,134.62307959325733,120.60004643928491,128.64714929950756,54.72,0.7669346978557505,33.65,24.818274,23.015,26.54,29.02,31.41
s_150_155,square,150,34,4975779.743457801,525502.022828796,124.80021216707165,134.5652589984163,134.62307959325733,120.60004643928491,128.64714929950756,52.44,0.6488685481820493,33.65,23.44349,21.9,25.49,28.13,31.01
s_150_156,square,150,35,4975143.703,524716.7793459622,37.27372850186616,60.700757935609076,58.57160689496641,53.76906025932467,52.57878839794158,14.666666666666666,0.6727272727272727,24.41,13.523068,10.092501,13.75,17.6425,21.062
s_150_157,square,150,35,4975147.4689422,524714.0432287958,15.0939167287898,36.64203859722154,36.60728339036417,33.99190245267582,30.58378529226283,12.366666666666667,0.7719676549865229,20.62,13.306193,10.627501,14.12,17.0525,19.0
s_150_158,square,150,35,4975146.03048028,524709.6160982233,17.540744195313433,40.492703107110344,40.87810023064533,37.812411976121794,34.180989877297726,11.0,0.7533333333333333,20.72,13.163017,10.455,13.86,17.224998,19.2
s_150_159,square,150,35,4975141.37551972,524709.6160982233,24.023139142060256,26.731756831456934,24.986702299802257,22.427340439097843,24.542234678104325,9.606666666666667,0.6190145732130465,24.07,12.813745,9.4325,13.145,17.445,20.6045
s_150_160,square,150,35,4975139.9370578,524714.0432287958,34.18336889704571,50.855053841290605,49.27207638967606,45.17883439400745,44.87233338050496,16.713333333333335,0.7116074990027922,26.25,14.97,10.585,15.475,19.55,23.948502
s_150_161,square,150,36,4976621.261,525713.6604459621,102.3337299325374,113.06728629202304,106.91180428674352,96.89305824905959,104.80146969009088,53.053333333333335,0.8028399095250063,22.63,12.645409,7.83,13.85,16.92,19.1
s_150_162,square,150,36,4976625.0269422,525710.9243287956,75.43662425360881,83.13178068430713,79.52494112044207,70.36012026695653,77.11336658132863,47.81333333333333,0.8494143892916899,19.4,11.398912,7.44,11.95,15.29,17.46
s_150_163,square,150,36,4976623.58848028,525706.4971982231,34.66956172140162,51.535081516173875,38.913008941758626,36.848741679329734,40.49159846466597,39.126666666666665,0.7357301073436702,18.63,9.802515,6.6,9.434999,13.057501,16.71
s_150_164,square,150,36,4976618.93351972,525706.4971982231,41.233945364953726,58.86984200612831,45.72670359389396,43.30573781970628,47.284057196170565,40.88666666666666,0.7533018098809718,21.88,10.734595,6.72,10.59,15.2425,18.34
s_150_165,square,150,36,4976617.4950578,525710.9243287956,72.9044145317175,80.8753705169171,75.4736928018137,70.89419805119307,75.03691897541034,49.86666666666667,0.7969251336898395,22.65,12.299406,7.14,12.86,17.04,20.01
s_150_166,square,150,37,4976493.278200001,526115.8426459618,142.01405485415583,149.17914179303838,151.73788670335466,131.9841932456746,143.72881914905588,36.1,0.919482917820868,27.58,18.688715,16.85,19.93,22.69,25.26
s_150_167,square,150,37,4976497.044142202,526113.1065287953,234.37713823633123,253.17442002689828,259.81239664560457,218.92970532324117,241.5734150580188,33.653333333333336,0.9473058637083994,28.81,19.79901,18.51,21.41,23.5375,25.7995
s_150_168,square,150,37,4976495.605680281,526108.6793982228,279.50287605101846,275.9098263977206,277.63727926815255,249.9438996574395,270.74847034358277,35.27333333333333,0.972027972027972,27.58,19.733707,18.55,21.16,23.29,25.19
s_150_169,square,150,37,4976490.950719722,526108.6793982228,257.52463361543454,252.42048942981884,252.90607184918738,229.29158288303614,248.0356944443692,37.13333333333333,0.9657091561938959,27.73,19.039192,17.03,20.14,22.81,25.19
s_150_170,square,150,37,4976489.512257801,526113.1065287953,260.03925133679513,238.96556930365702,243.49807760841432,226.93775756198306,242.36016395271238,37.60666666666667,0.9282042191100869,27.73,18.249378,16.12,19.71,22.31,24.73
s_150_171,square,150,38,4976145.162599999,526066.6087459624,168.51981042643172,186.58039137693137,177.6593936992302,178.92981149136457,177.9223517484895,51.986666666666665,0.852654526801744,26.07,15.758015,13.28,16.44,18.5,21.37
s_150_172,square,150,38,4976148.9285422,526063.8726287959,256.7189172813182,278.9928970016997,270.9197540619659,253.8054844480805,265.1092631982661,52.88666666666666,0.9294087986890206,24.05,15.595712,13.03,16.33,18.53,21.37
s_150_173,square,150,38,4976147.490080279,526059.4454982234,178.13689963462647,193.1459355650323,190.39905944097114,174.03978324577383,183.93041947160094,48.81333333333333,0.9343075662387326,24.05,14.034294,10.89,14.56,17.7,21.08
s_150_174,square,150,38,4976142.83511972,526059.4454982234,134.7214044650764,149.2142573443598,141.73327834959363,121.31963608380141,136.7471440607078,48.53333333333333,0.926923076923077,24.69,14.587732,11.6,15.48,18.14,20.83
s_150_175,square,150,38,4976141.396657799,526063.8726287959,126.95525883334273,142.98634061594595,136.7222693551386,118.33462403963154,131.2496232110147,51.66,0.8571428571428571,26.14,16.302158,14.23,17.195,19.06,22.499
s_150_176,square,150,39,4976667.816199999,524719.8697459623,161.1760876214846,174.56612263137944,178.95463132307788,145.63755968660854,165.08360031563763,46.9,0.9134328358208955,30.84,20.692484,17.63,22.485,25.49,28.27
s_150_177,square,150,39,4976671.582142199,524717.1336287959,28.537921162451916,37.68167304259629,29.40973145774301,30.576944118284434,31.55156744526891,33.306666666666665,0.7435948759007206,29.0,13.902924,4.86,14.92,22.38,26.44
s_150_178,square,150,39,4976670.143680279,524712.7064982234,5.677367219543244,6.130538076603562,5.735205392971745,5.757269834772836,5.825095130972846,30.486666666666668,0.5659304614038924,30.06,11.706183,3.7475,6.865,20.6,27.35
s_150_179,square,150,39,4976665.488719719,524712.7064982234,180.32436665290663,193.82876805025438,200.43976154264155,160.43215543172406,183.75626291938164,33.28,0.6848958333333334,30.84,19.178415,14.86,19.68,25.1,28.901
s_150_180,square,150,39,4976664.050257799,524717.1336287959,192.49082987513358,207.66191140438397,212.9238767488432,176.74338071835132,197.45499968667804,43.88,0.894257064721969,30.84,20.317963,16.5,21.125,25.16,28.3975
s_150_181,square,150,40,4975142.120300001,525340.394045962,301.4903948791858,364.5404278727073,333.5514045999356,288.46391811864896,322.01153636761944,59.333333333333336,0.9325842696629213,30.77,16.817173,12.21,16.67,21.57,27.0105
s_150_182,square,150,40,4975145.886242202,525337.6579287956,347.80508826518707,402.2674949502092,380.1536788863035,328.20675026831174,364.6082530925029,54.086666666666666,0.9158141254776285,30.77,17.841087,12.6,18.1,23.3,28.7
s_150_183,square,150,40,4975144.447780281,525333.230798223,343.85018809883434,393.0248600089629,375.20794960387923,323.88656235105395,358.9923900156826,56.266666666666666,0.9056872037914692,30.77,16.338556,11.07,16.04,21.1725,28.538502
s_150_184,square,150,40,4975139.792819722,525333.230798223,255.38243713199472,306.8922120210791,276.0358147689439,246.7582879961665,271.26718797954607,57.8,0.889273356401384,30.48,14.429553,10.15,13.8,18.78,24.081
s_150_185,square,150,40,4975138.354357801,525337.6579287956,174.2703048594814,214.14013452395915,191.40332411155637,170.123414527019,187.48429450550398,61.21333333333333,0.9108037464604661,29.36,15.548726,11.44,15.59,20.28,23.74
s_150_186,square,150,41,4975247.676100001,526355.8923459621,219.98476649525085,243.7781883854562,239.37866685787824,211.39431928679966,228.63398525634625,31.046666666666667,0.8159759501825209,30.56,15.377384,7.69,14.375,23.545,27.4205
s_150_187,square,150,41,4975251.442042201,526353.1562287956,245.96701432593267,273.3409187251411,264.4944470353089,239.87460111468917,255.91924530026796,32.42666666666667,0.8129111842105263,30.56,18.11022,8.0525,22.955,25.72,28.55
s_150_188,square,150,41,4975250.003580281,526348.7290982231,197.55490160080183,218.75438707000117,217.17869860213546,187.11349198384914,205.1503698141969,34.153333333333336,0.8329104040601211,30.56,16.98554,8.26,19.64,24.64,27.917
s_150_189,square,150,41,4975245.348619721,526348.7290982231,279.2026906283773,307.457416108973,305.21945494544775,265.1063369831164,289.24647466647866,33.88,0.8736717827626919,29.26,15.525899,8.14,16.630001,22.8225,25.6105
s_150_190,square,150,41,4975243.910157801,526353.1562287956,194.77765759168793,217.01324815873758,211.055656027543,187.73725902273782,202.6459552001766,30.386666666666667,0.8547608600263273,27.13,13.107659,8.0875,11.43,18.34,24.1
s_150_191,square,150,42,4976260.5759,526709.5949459625,155.49603888186692,170.74036443094855,166.80416695695843,148.5100036160529,160.3876434714567,17.64,0.9229024943310657,27.51,15.583297,12.3025,15.765,19.18,23.53
s_150_192,square,150,42,4976264.3418422,526706.8588287961,110.3089176245809,121.42231011848936,118.47229575748909,103.79708673510514,113.50015255891613,18.28,0.9201312910284464,26.04,14.703726,11.63,15.21,18.105,21.58
s_150_193,square,150,42,4976262.903380279,526702.4316982236,47.50604267130782,53.34389621989689,48.219565001690434,46.86225013122978,48.98293850603123,15.873333333333333,0.9084418311633767,21.67,13.867448,11.47,14.54,16.91,19.14
s_150_194,square,150,42,4976258.24841972,526702.4316982236,64.61717008371905,71.60138494610844,67.58420204827596,63.02657112964721,66.70733205193767,15.473333333333333,0.9034898750538561,22.05,14.855489,12.44,15.62,17.83,19.75
s_150_195,square,150,42,4976256.8099577995,526706.8588287961,85.8129313244548,95.06330095806132,90.37373302185658,82.59676572920338,88.46168275839403,14.606666666666667,0.9105431309904153,23.0,15.073209,12.875,15.78,18.04,20.033
s_150_196,square,150,43,4976353.940300001,526484.5100459624,129.90815004606551,144.8843375213485,134.15805774732354,125.86605083488281,133.7041490374051,53.66,0.9653373089824823,23.81,15.377389,13.01,16.2,18.73,21.55
s_150_197,square,150,43,4976357.706242201,526481.7739287959,145.50939217218726,158.60404883190185,147.8914017062738,136.31865110173788,147.08087345302522,54.35333333333333,0.9605053354593401,23.77,15.727307,12.71,17.05,19.52,22.01
s_150_198,square,150,43,4976356.267780281,526477.3467982234,152.47092897985314,161.67571385873907,152.2342370102128,142.42793487771434,152.20220368162984,56.306666666666665,0.9397347856973716,23.77,16.062113,12.68,17.23,20.05,22.262001
s_150_199,square,150,43,4976351.612819721,526477.3467982234,138.13059889382632,154.85990268088716,144.34585994530633,131.37046665087064,142.1767070427226,57.82,0.9468465352242592,25.88,16.01506,12.41,16.49,20.15,23.21
s_150_200,square,150,43,4976350.174357801,526481.7739287959,217.27293641856215,231.93258582188665,217.00743950712996,205.00285006628377,217.80395295346563,59.46,0.9551519228613073,26.05,15.984423,12.33,16.75,20.045,23.43
s_200_001,square,200,1,4974552.016,525144.557,196.00560762342596,215.3262981176611,216.90538745332526,181.77273072327583,202.50250597942204,48.185,0.7509598422745668,28.8,20.162844,18.36,21.65,24.19,26.56
s_200_002,square,200,1,4974554.507768072,525142.7466245253,131.96061160161128,145.30790381079086,144.6206897977535,124.50980624699851,136.59975286428855,46.5,0.7758064516129032,28.8,20.372328,18.35,21.79,23.895,26.28
s_200_003,square,200,1,4974553.5559973605,525139.8173754747,119.86739405311698,133.01232254329557,130.42285633533248,113.83014564895781,124.28317964517571,46.31,0.8526236234074714,28.8,20.000765,17.89,21.94,24.1,25.992
s_200_004,square,200,1,4974550.476002639,525139.8173754747,180.52082180675256,202.04204991426312,198.55863149997953,169.80996224676161,187.73286636693922,45.745,0.889496119794513,28.8,19.50025,17.32,21.26,23.84,26.06
s_200_005,square,200,1,4974549.5242319275,525142.7466245253,192.61403935524686,214.33763118175847,212.7564649624005,180.48962284480228,200.04943958605205,49.125,0.8428498727735368,28.8,19.768366,18.09,21.18,23.72,26.3
s_200_006,square,200,2,4975569.679,524908.072,21.622795492220696,24.528729882882164,22.514392234272727,19.971143699036617,22.15926532710305,48.125,0.7408831168831169,32.86,19.02649,11.9,20.66,25.32,29.634998
s_200_007,square,200,2,4975572.170768072,524906.2616245253,19.164568791480928,21.21435211010087,19.709951890005705,19.875308776473087,19.991045392015145,49.045,0.7301457844836374,32.3,16.725082,9.93,17.31,23.52,28.569
s_200_008,square,200,2,4975571.21899736,524903.3323754747,134.19183809132807,147.3872232641748,147.0937746202465,126.10123666867842,138.69351816110694,52.315,0.7957564751983179,31.7,18.652096,11.03,20.48,25.14,29.1875
s_200_009,square,200,2,4975568.139002639,524903.3323754747,204.27396619231698,222.61656940705208,224.06796696868673,189.13923191051202,210.02443361964197,51.135,0.8350444900752909,31.7,20.826618,17.1475,22.75,26.39,29.62
s_200_010,square,200,2,4975567.187231927,524906.2616245253,103.97038346337112,115.6237664874316,109.97336302059756,95.03984228982601,106.15183881530658,45.56,0.7931299385425812,32.3,20.994162,18.134998,23.3,26.47,29.567
s_200_011,square,200,3,4975188.667,525008.568,168.09383434439434,202.40258234972498,177.88696697170525,165.7030790460782,178.5216156779757,51.27,0.8059293934074507,26.3,10.629986,6.9575,9.05,12.56,22.9
s_200_012,square,200,3,4975191.158768073,525006.7576245252,189.9673447562933,222.5503343758558,201.99401995306755,183.1586958101342,199.4175987238377,52.395,0.7780322549861628,26.92,12.158295,7.35,9.99,17.71,24.204
s_200_013,square,200,3,4975190.206997361,525003.8283754747,217.25439498262097,243.25370190407313,222.92970833289343,205.49899744686223,222.23420066661242,50.68,0.7585832675611681,26.3,11.483229,7.11,9.49,16.02,24.01
s_200_014,square,200,3,4975187.12700264,525003.8283754747,138.83412194653945,164.28482425913268,133.11067859631518,131.63486198982977,141.9661216979543,48.075,0.7556942277691108,25.36,9.999323,6.8025002,8.97,11.69,19.68
s_200_015,square,200,3,4975186.175231928,525006.7576245252,91.56108779849629,122.06387573444333,92.85781864168015,89.63780431330906,99.0301466219822,48.415,0.7817825054218734,23.8,8.745426,6.5925,8.48,10.34,15.0455
s_200_016,square,200,4,4974882.089,525127.58,122.71274051013847,133.99448794789896,132.91831475893966,117.77870212505483,126.85106133550799,51.875,0.8365301204819278,21.96,10.109942,6.16,9.8,13.665,18.11
s_200_017,square,200,4,4974884.580768072,525125.7696245252,133.1329520570204,147.55839177886986,145.855423593356,126.81953006976212,138.3415743747521,50.345,0.871486741483762,20.9,9.7293415,5.43,9.38,13.61,17.573
s_200_018,square,200,4,4974883.62899736,525122.8403754747,97.19996001028683,108.93583989451493,105.59142773471343,93.84260009669332,101.39245693405213,50.455,0.8879199286492915,20.18,9.901902,5.74,10.055,13.53,17.06
s_200_019,square,200,4,4974880.549002639,525122.8403754747,123.33631206346689,135.95087587787924,133.6122983593589,118.41535826071008,127.82871114035378,50.84,0.8890637293469709,20.99,10.223444,6.51,10.36,13.58,17.26
s_200_020,square,200,4,4974879.597231927,525125.7696245252,68.93659691288295,77.73935319609566,72.51803625950593,68.84303911548984,72.0092563709936,49.965,0.8426898829180426,20.15,9.369491,5.85,9.02,12.89,16.19
s_200_021,square,200,5,4975907.399,524771.676,77.08226638391108,94.70198717375769,79.88040862630046,76.82028427498251,82.12123661473794,47.48,0.8260320134793597,25.105,12.870524,8.955,13.455,17.115,20.8635
s_200_022,square,200,5,4975909.890768073,524769.8656245252,62.76345622689479,72.91923164036844,67.66529485727152,65.6634700429081,67.25286319186071,47.8,0.8578451882845188,25.025,12.788544,8.285,13.335,17.335,20.785
s_200_023,square,200,5,4975908.938997361,524766.9363754747,67.75490995405488,84.96098998584995,80.35287819797534,77.18111370623217,77.56247296102808,48.8,0.8755122950819673,23.325,12.454792,8.485,13.245,16.735,19.842999
s_200_024,square,200,5,4975905.85900264,524766.9363754747,87.33988479255802,118.6260990728831,105.53698751802095,102.20082687407518,103.42594956438431,50.02,0.8723510595761695,28.425,12.53237,8.845,12.835,16.445,20.745
s_200_025,square,200,5,4975904.907231928,524769.8656245252,124.73931631950192,141.01143498469003,126.78441179897156,126.91694745799354,129.86302764028926,51.69,0.8376862062294448,30.045,13.413377,9.445,13.345,17.445,23.465
s_200_026,square,200,6,4976225.143,524510.456,145.08019043703592,161.86950359997263,151.47808667162332,136.77934583279682,148.80178163535717,18.49,0.9672796106003245,24.75,15.160279,12.41,15.18,18.36,22.582
s_200_027,square,200,6,4976227.6347680725,524508.6456245253,86.31183276139103,97.97799821420256,87.41044251093287,80.59979191639165,88.07501635072953,17.8,0.973314606741573,24.75,15.183158,12.75,15.49,18.04,21.448
s_200_028,square,200,6,4976226.682997361,524505.7163754747,211.13568766770413,234.46549823979478,222.6759884347447,196.02886927384316,216.0765109040217,19.26,0.9488577362409139,25.95,15.739512,13.39,16.2,18.42,22.663
s_200_029,square,200,6,4976223.6030026395,524505.7163754747,204.08364136011414,228.06383939799858,212.54903255591233,190.55078274743641,208.81182401536535,19.435,0.9382557242089015,25.66,16.249392,13.62,16.61,19.215,23.057
s_200_030,square,200,6,4976222.651231928,524508.6456245253,187.8809333323328,208.57247912377406,198.7768353171474,177.77424083675567,193.2511221525025,19.62,0.9587155963302753,26.52,16.107403,13.16,16.31,19.2,23.2695
s_200_031,square,200,7,4976269.182,525027.201,83.11563032221123,89.31240117776221,82.59743828232601,79.03434548095342,83.51495381581321,57.435,0.9315748237137634,23.14,14.760293,11.94,14.08,18.43,21.71
s_200_032,square,200,7,4976271.673768072,525025.3906245253,195.92937254586138,233.69139832045613,215.43139890918513,181.3641078609099,206.60406940910315,56.96,0.9304775280898876,23.14,14.468396,11.55,13.8,18.2,21.64
s_200_033,square,200,7,4976270.721997361,525022.4613754747,83.7872087332604,117.89077466915892,91.35802506104774,87.6203047073918,95.16407829271472,50.655,0.9592340341526009,22.57,12.807107,10.46,12.595,14.92,20.18
s_200_034,square,200,7,4976267.642002639,525022.4613754747,80.1293656787726,106.85866221885347,86.49813061705055,85.26194417967491,89.68702567358788,47.975,0.9651902032308494,22.57,12.179379,9.96,12.28,14.17,18.69
s_200_035,square,200,7,4976266.690231928,525025.3906245253,119.23381715797419,127.15888480498718,117.67019709607919,114.2544776827859,119.57934418545662,53.74,0.9518980275400074,23.14,13.782372,11.29,13.3,16.445,21.38
s_200_036,square,200,8,4976535.25,524986.373,88.89539084037887,97.18315937858095,93.04987645519552,79.85977385210373,89.74705013156476,56.045,0.8968685877419931,25.85,11.633505,8.05,10.73,15.3,21.23
s_200_037,square,200,8,4976537.741768072,524984.5626245253,118.95089843529726,126.27880775745746,120.77578439790615,107.40331937635528,118.35220249175404,54.05,0.9185938945420906,27.01,12.573277,8.19,11.32,17.4275,22.7355
s_200_038,square,200,8,4976536.789997361,524981.6333754747,91.22325305429078,95.45750098715655,89.30389430828255,78.66046362191216,88.6612779929105,54.21,0.8861833610035049,33.21,13.578365,8.5075,13.465,18.2625,24.8865
s_200_039,square,200,8,4976533.710002639,524981.6333754747,80.87668766497174,83.78787128110059,78.43510284792022,69.83629021842948,78.23398800310551,58.14,0.8531131750945993,33.21,13.037073,8.13,12.99,17.83,23.66
s_200_040,square,200,8,4976532.758231928,524984.5626245253,80.06287081068047,84.45052525716599,77.35688913671754,71.13876857228875,78.25226344421318,57.59,0.878017016843202,29.02,12.535234,8.25,11.9,17.08,21.93
s_200_041,square,200,9,4976764.273,524973.884,272.15977678572,329.2192488665475,295.52627312991126,226.35003257151243,280.8138328384228,56.76,0.9357822410147991,32.98,16.169394,10.88,15.54,21.04,28.93
s_200_042,square,200,9,4976766.764768072,524972.0736245252,194.9647664370897,228.83791543790215,212.7655016192793,166.4520819329918,200.75506635681575,55.655,0.9142035755996766,32.98,17.14517,11.68,17.02,22.68,29.02
s_200_043,square,200,9,4976765.812997361,524969.1443754747,134.34997173492923,150.9769059224443,147.9524720558286,118.25732691854036,137.88416915793562,52.89,0.8476082435242958,32.98,16.54306,9.96,15.684999,23.307499,29.605
s_200_044,square,200,9,4976762.733002639,524969.1443754747,134.34997173492923,150.9769059224443,147.9524720558286,118.25732691854036,137.88416915793562,54.31,0.8162401031117658,32.98,15.647681,9.22,14.62,22.2875,29.32
s_200_045,square,200,9,4976761.781231928,524972.0736245252,211.54498208355955,251.35823935108965,230.71324356646056,178.155277557061,217.9429356395427,53.985,0.8639436880614986,32.98,14.448133,9.33,13.3,18.7325,27.3665
s_200_046,square,200,10,4975957.068,525213.097,249.94340100935375,285.6743327740006,258.8696184428574,254.3608102937277,262.2120406299849,57.035,0.976330323485579,23.6,14.82953,12.68,15.31,17.37,19.58
s_200_047,square,200,10,4975959.559768072,525211.2866245252,273.1989519234729,315.04019265851593,283.7431477156695,279.9953258406125,287.9944045345677,55.97,0.9676612470966589,23.6,16.096138,14.5,16.75,18.22,20.144499
s_200_048,square,200,10,4975958.607997361,525208.3573754746,269.76741815595295,314.9476751310316,280.28207552433065,283.2159681887551,287.05328425001755,53.385,0.9629109300365272,23.6,16.531706,15.09,17.14,18.53,20.35
s_200_049,square,200,10,4975955.528002639,525208.3573754746,223.5001630931476,257.26714028936317,230.55782230675595,233.42780407050813,236.18823243994373,53.97,0.9721141374837873,23.6,15.906266,13.88,16.52,18.27,20.15
s_200_050,square,200,10,4975954.576231928,525211.2866245252,243.4429669253493,280.4315877502022,251.15811701650364,256.3021815193558,257.83371330285274,56.315,0.9756725561573293,23.6,14.854397,12.7,15.27,17.37,19.68
s_200_051,square,200,11,4975613.36,525390.84,251.90896047590468,283.4532487896959,267.6413015273874,243.2063745656777,261.5524713396664,68.02,0.8729050279329609,28.96,16.37232,12.44,16.11,20.875,26.163
s_200_052,square,200,11,4975615.851768073,525389.0296245252,235.1496534618293,261.1418541079396,250.1455368718135,228.8510080111438,243.82201311318155,68.4,0.8402046783625731,28.96,15.500974,11.76,15.47,18.51,25.63
s_200_053,square,200,11,4975614.899997361,525386.1003754747,121.71090449696386,139.1483697909551,124.15467662656897,123.78895389935487,127.20072620346069,59.19,0.860364926507856,27.6,13.261992,9.39,13.61,16.57,21.97
s_200_054,square,200,11,4975611.82000264,525386.1003754747,125.32068661746084,144.79828365581363,128.13856606718159,127.60877481846623,131.4665777897306,57.175,0.9171840839527765,27.6,13.365897,9.88,13.61,16.58,21.93
s_200_055,square,200,11,4975610.868231928,525389.0296245252,259.67831291368304,290.9736208648177,275.90914490640336,251.8515967570462,269.6031688604876,64.965,0.9342723004694836,28.96,15.123738,11.45,15.01,18.57,25.5
s_200_056,square,200,12,4975652.244,525880.9839999999,191.20784914279994,192.45440132795488,175.92450671648567,184.44514389131655,186.00797526963925,44.885,0.9309346106717166,26.27,16.002811,11.84,16.45,20.49,24.41
s_200_057,square,200,12,4975654.735768072,525879.1736245252,226.85063890709213,227.79474423308218,206.7692875753194,218.1551938392482,219.89246613868548,44.88,0.9322638146167558,26.27,16.038906,11.95,16.224998,20.72,24.4465
s_200_058,square,200,12,4975653.783997361,525876.2443754746,173.2752163126115,176.56989265737633,159.47849555978217,166.44885132318902,168.94311396323974,41.925,0.9260584376863447,26.27,16.692015,11.97,17.78,21.71,24.668
s_200_059,square,200,12,4975650.704002639,525876.2443754746,277.1301903835894,270.1081581600568,244.9588922012597,253.28091885777485,261.3695399006702,42.585,0.9223905130914641,26.27,16.931625,12.29,18.285,21.53,24.54
s_200_060,square,200,12,4975649.752231928,525879.1736245252,234.44812240086125,223.8913693788221,208.0980105234612,216.79322289625364,220.80768129984955,46.705,0.9159618884487742,25.97,16.528938,12.1175,17.7,21.17,24.37
s_200_061,square,200,13,4975983.789,525690.193,206.1482413366944,224.84740881493263,226.42316837152347,190.92949355549786,212.0870780196621,40.66,0.882316773241515,31.12,15.8858795,9.46,15.52,23.02,27.23
s_200_062,square,200,13,4975986.280768072,525688.3826245252,148.69199219632276,163.00831216114204,162.9778936331781,136.9684209379374,152.91165473214508,41.905,0.9364037704331225,32.11,16.391932,10.47,16.04,23.3225,27.9
s_200_063,square,200,13,4975985.328997361,525685.4533754747,118.1614062158426,130.7801701199174,127.74371420903007,109.10146867333924,121.44668980453233,37.09,0.9490428686977622,32.11,16.437502,11.1075,16.34,22.53,27.8505
s_200_064,square,200,13,4975982.249002639,525685.4533754747,116.94603799384475,129.46123503938784,126.53325945298833,107.85254454841353,120.19826925865863,33.585,0.9143963078755397,32.11,17.106812,11.14,16.63,23.93,29.0895
s_200_065,square,200,13,4975981.2972319275,525688.3826245252,140.672577521248,154.5788988403649,153.83014190984716,129.95432097814762,144.75898481240193,32.87,0.8592941892303012,32.11,15.555267,9.02,14.73,23.11,27.89
s_200_066,square,200,14,4976328.71,525887.242,111.78827670061912,129.29532970861885,115.82836126552614,111.05376027005175,116.99143198620396,47.075,0.8972915560276155,17.24,10.0661745,8.18,10.33,12.23,14.36
s_200_067,square,200,14,4976331.201768072,525885.4316245252,111.91715421005156,129.41383578600008,116.31843419580095,109.49968853316612,116.78727818125468,48.295,0.8818718293819235,17.01,10.201868,8.36,10.49,12.34,14.4815
s_200_068,square,200,14,4976330.249997361,525882.5023754747,121.73339848887704,141.10914235427788,126.38062450937878,120.50636994002855,127.43238382314055,43.855,0.8816554554782807,17.53,10.515071,8.63,10.95,12.73,14.653999
s_200_069,square,200,14,4976327.170002639,525882.5023754747,109.7153421567905,128.8197541932234,113.76588439432021,109.28569478854682,115.39666888322023,39.945,0.8931030166478908,17.53,10.360438,8.475,10.65,12.54,14.596
s_200_070,square,200,14,4976326.218231928,525885.4316245252,116.7927000576785,137.0531874729093,120.91028190216294,117.45709005618932,123.053314872235,42.81,0.8988554076150432,17.24,9.989047,8.03,10.21,12.09,14.46
s_200_071,square,200,15,4976514.12,524476.61,110.0067367189633,124.06642199909805,110.34763250966576,109.45917454170302,113.46999144235753,16.48,0.8434466019417476,22.61,13.475312,10.8525,13.835,16.7625,19.6625
s_200_072,square,200,15,4976516.6117680725,524474.7996245252,81.9156801330538,91.21062396346643,83.85942663115671,82.10242181682561,84.77203813612563,17.04,0.8148474178403756,22.61,13.564999,10.62,13.9,16.85,19.8
s_200_073,square,200,15,4976515.659997361,524471.8703754747,70.2058687567945,77.4246785242445,73.27198013900998,70.12011831446772,72.75566143362919,18.405,0.8106492800869329,22.61,13.333696,10.2775,13.9,16.68,19.41
s_200_074,square,200,15,4976512.580002639,524471.8703754747,119.3447703487083,134.11563539094323,120.94107768424563,118.50120478549007,123.22567205234681,18.745,0.8447586022939451,22.61,13.526473,11.21,14.31,16.69,19.376999
s_200_075,square,200,15,4976511.628231928,524474.7996245252,145.93210921373094,164.21711028285145,147.38052089919387,143.5987778346635,150.28212955760995,17.365,0.8491217967175353,22.61,13.295564,11.18,13.79,16.16,19.22
s_200_076,square,200,16,4975318.712,525555.645,118.2674562881313,128.4319956191698,130.37488135985382,111.07820153697737,122.03813370103308,68.28,0.8752929115407148,22.29,15.582078,14.05,16.04,17.72,19.5
s_200_077,square,200,16,4975321.203768073,525553.8346245253,86.6742981141252,94.12164676041316,95.54950774678817,81.38728487739004,89.43318437467914,63.69,0.847621290626472,22.29,15.626178,14.05,16.01,17.73,19.59
s_200_078,square,200,16,4975320.251997361,525550.9053754747,91.25593610426881,98.90813863563123,100.80206963023677,85.6037449915529,94.14247234042243,70.82,0.8194012990680599,22.97,16.236378,14.59,16.59,18.33,20.6475
s_200_079,square,200,16,4975317.17200264,525550.9053754747,112.79198796895994,122.32925420154437,124.50737019480636,105.64602571290143,116.31865951955302,73.555,0.8147644619672354,22.97,16.027729,14.41,16.58,18.37,20.55
s_200_080,square,200,16,4975316.220231928,525553.8346245253,135.58439895524725,147.20829487387783,149.49705426356044,127.06462253572646,139.838592657103,69.505,0.8474929861161068,22.29,15.652576,14.0,16.25,18.08,19.85
s_200_081,square,200,17,4975371.046,526080.512,111.43690389322404,129.74457006628603,115.83579360559895,106.03274589387897,115.762503364747,33.77,0.8125555226532425,19.35,12.49419,10.43,13.175,15.02,16.96
s_200_082,square,200,17,4975373.537768072,526078.7016245252,128.5509235214604,147.13803710673136,133.10561304030637,127.56274142345433,134.0893287729881,35.735,0.8577025325311319,19.51,12.675577,10.77,13.31,15.1,17.12
s_200_083,square,200,17,4975372.585997361,526075.7723754747,104.56834191091586,121.28520327326497,108.85957504615094,102.70699826395636,109.35502962357202,33.625,0.8797026022304832,19.51,12.689618,10.5075,13.54,15.38,17.41
s_200_084,square,200,17,4975369.506002639,526075.7723754747,87.71316658867502,102.64367948501527,91.57491483947682,85.98097166746174,91.97818314515722,30.36,0.8446969696969697,19.51,13.068687,11.09,14.0,15.56,17.53
s_200_085,square,200,17,4975368.554231928,526078.7016245252,114.59808999521402,136.8279722322081,121.78719528612844,111.68250808574903,121.2239413998249,31.475,0.8074662430500397,19.51,12.843382,11.07,13.62,15.29,17.339
s_200_086,square,200,18,4975406.248,526551.666,76.5896010131293,84.51987702428295,80.40652098458635,69.93079552399321,77.86169863649795,46.24,0.678416955017301,18.55,8.27365,5.46,8.08,10.21,15.89
s_200_087,square,200,18,4975408.739768072,526549.8556245252,58.59466791664146,64.78033954497272,61.67237820433328,54.31427811051286,59.84041594411508,47.595,0.6280071436075217,19.63,7.8602695,5.09,7.65,9.62,15.1
s_200_088,square,200,18,4975407.78799736,526546.9263754747,49.401565055333094,54.700732236057576,51.63991237767177,45.89551666736392,50.40943158410659,50.31,0.6301928046114093,19.89,9.1763525,5.78,8.82,12.57,16.47
s_200_089,square,200,18,4975404.708002639,526546.9263754747,109.06919718009412,120.7269993697529,114.11600738197095,100.48119883553939,111.09835069183934,51.76,0.6828632148377125,19.89,9.489183,5.85,9.08,13.08,16.81
s_200_090,square,200,18,4975403.756231927,526549.8556245252,113.33351521005056,125.1424475061922,118.41167828077636,103.94301478985794,115.20766394671926,46.235,0.7177462960960311,19.63,8.893294,5.53,8.33,12.04,16.542
s_200_091,square,200,19,4975693.698,526339.0,134.52355203112307,146.88450387477013,143.11805506168884,128.29540905118142,138.20538000469088,40.925,0.8871105681124007,24.67,14.773585,11.83,16.01,18.95,21.78
s_200_092,square,200,19,4975696.189768072,526337.1896245253,97.32616028727881,105.39076868288885,100.420447894429,92.41026864895163,98.88691137838707,41.525,0.9031908488862131,24.21,13.529469,10.28,14.58,17.42,20.4
s_200_093,square,200,19,4975695.2379973605,526334.2603754747,62.25843681138028,66.89767904571929,64.48634271070402,59.74572011753536,63.34704467133474,41.155,0.9045073502612077,24.0,13.216123,9.63,14.05,17.09,20.778
s_200_094,square,200,19,4975692.158002639,526334.2603754747,125.33437277627705,150.53348897125318,134.3830042807383,108.17545615973603,129.60658054700116,41.14,0.9076324744773943,26.65,14.142611,10.6775,14.795,18.3,21.93
s_200_095,square,200,19,4975691.2062319275,526337.1896245253,135.79054031101185,159.00165986608465,141.00472028168443,118.20518927117641,138.50052743248935,40.625,0.8932923076923077,24.21,13.971106,10.86,14.66,17.967499,20.821499
s_200_096,square,200,20,4976026.288,526563.582,152.58313809802314,179.20228692054854,154.10636712829904,170.4264755943375,164.07956693530207,53.245,0.9446896422199268,21.4,13.288447,10.717501,13.93,16.35,19.1605
s_200_097,square,200,20,4976028.779768072,526561.7716245253,227.9526337419354,258.03847946502776,231.6300616282676,241.34987557155182,239.74276260169566,55.37,0.9217988080187828,22.68,13.357971,10.64,14.1,16.73,19.51
s_200_098,square,200,20,4976027.82799736,526558.8423754747,215.23955570462005,250.67379730305345,218.68548078766818,236.4505548393998,230.26234715868537,55.525,0.9203061683926159,22.58,13.306038,10.18,14.07,16.92,19.48
s_200_099,square,200,20,4976024.748002639,526558.8423754747,196.96747295371327,228.2581535535974,199.32976655316662,220.56806350272075,211.2808641407995,53.975,0.9308012968967114,21.4,13.411456,10.36,14.34,16.97,19.1465
s_200_100,square,200,20,4976023.796231927,526561.7716245253,208.0943983610359,244.96453218034856,211.40792973626304,228.30071832698673,223.19189465115858,52.92,0.9469009826152683,22.75,13.72662,11.0625,14.45,16.92,19.33
s_200_101,square,200,21,4976291.761,525441.508,203.36952723629275,230.99333143083012,217.32188046477376,202.6349399583337,213.57991977255756,59.405,0.9254271525965828,28.1,17.200129,13.4,18.05,21.49,25.333
s_200_102,square,200,21,4976294.252768072,525439.6976245253,223.7675118073907,251.0863402165901,241.65919027829068,221.36378252538088,234.4692062069131,60.865,0.9471781812207344,28.52,18.822815,15.47,20.22,22.89,26.16
s_200_103,square,200,21,4976293.300997361,525436.7683754747,295.0653296925183,329.57261312484826,321.6385802034548,286.81518978034023,308.2729282002904,64.46,0.9528389699038163,28.52,18.51791,14.67,19.92,22.97,26.25
s_200_104,square,200,21,4976290.221002639,525436.7683754747,208.92235686219726,238.7051280379793,220.91196139734552,204.47177879499804,218.25280627313003,64.42,0.9363551692021111,28.52,16.813822,11.72,17.87,21.9,25.73
s_200_105,square,200,21,4976289.269231928,525439.6976245253,141.03609959522277,161.85979128492662,148.7856509550083,142.97349302170437,148.66375871421553,60.79,0.9186543839447278,28.52,16.380362,11.97,16.89,21.02,25.4
s_200_106,square,200,22,4976583.131,525409.395,91.0610602095804,101.58608493724523,93.92275920922299,93.82976634021425,95.09991767406571,53.46,0.7265245043022821,28.59,14.549266,11.55,14.95,17.56,22.81
s_200_107,square,200,22,4976585.622768072,525407.5846245253,120.98215848611926,134.90607611346886,124.93561859698703,122.06582026900527,125.7224183663951,58.19,0.7571747722976456,24.63,13.547093,10.79,14.36,16.35,19.3445
s_200_108,square,200,22,4976584.670997361,525404.6553754747,130.3490415596913,145.37299522959694,134.66536261503757,130.87842482028628,135.31645605615302,58.725,0.773350361856109,23.66,13.199971,10.62,14.07,16.13,19.299
s_200_109,square,200,22,4976581.591002639,525404.6553754747,100.16848234389604,111.76435559398297,103.3826180770449,102.39816873240892,104.42840618683321,56.165,0.7541173328585418,26.47,13.143774,10.37,13.74,16.11,20.58
s_200_110,square,200,22,4976580.639231928,525407.5846245253,58.839506922153404,65.33004607930785,60.36828568998358,57.30868773113279,60.46163160564441,58.295,0.7737370271892958,29.67,14.324227,10.84,14.4,17.7,23.66
s_200_111,square,200,23,4975689.685,526587.487,192.08052755663627,205.9622489103911,209.53491342923982,173.35296482399926,195.23266368006662,49.205,0.8808047962605426,30.27,18.613173,10.78,22.34,25.35,27.97
s_200_112,square,200,23,4975692.176768072,526585.6766245252,233.97859177029494,242.0120598347072,246.90252569509866,214.79820141633851,234.42284467910983,46.28,0.8426966292134831,30.27,19.488733,11.66,23.3,25.73,28.0105
s_200_113,square,200,23,4975691.22499736,526582.7473754747,200.5372006472483,216.12254228575046,219.8206616547593,180.10622295610852,204.14665688596665,47.95,0.7744525547445256,30.27,19.493559,11.61,23.32,25.76,28.09
s_200_114,square,200,23,4975688.145002639,526582.7473754747,216.5197796625776,233.31808892782067,237.6114635090568,194.98073247892978,220.60751614459622,51.405,0.8009921213889699,30.27,19.30376,11.67,22.66,25.365002,28.06
s_200_115,square,200,23,4975687.193231927,526585.6766245252,178.7436638889095,192.49970515195443,195.74891006759117,159.74654919029277,181.68470707468697,50.17,0.8558899740881004,30.27,18.55399,10.84,22.16,25.16,27.97
s_200_116,square,200,24,4975979.232,526256.019,87.19410024237717,91.94396862797262,88.93760704819468,62.182421847399034,82.56452444148587,42.49,0.6501529771710991,25.03,12.97059,9.2,14.2,16.94,20.436
s_200_117,square,200,24,4975981.723768072,526254.2086245252,175.26058871151412,167.7154135519687,162.00018699399072,138.55445364963487,160.8826607267771,47.155,0.6732053864913583,26.03,14.733668,11.13,15.47,18.64,23.412
s_200_118,square,200,24,4975980.7719973605,526251.2793754747,107.02034984138524,101.23154629737263,97.78400606683307,95.08285038994464,100.2796881488839,49.34,0.5974868261045805,27.7,16.007992,11.94,16.23,21.06,25.03
s_200_119,square,200,24,4975977.692002639,526251.2793754747,20.95675380519261,22.395753607282494,22.416211510026475,18.277950607585865,21.01166738252186,43.41,0.47316286569914767,25.78,14.253826,10.93,14.5,17.9925,23.4265
s_200_120,square,200,24,4975976.7402319275,526254.2086245252,22.144244098473592,23.683443185692997,23.599512546396383,19.49662350348571,22.23095583351217,37.25,0.4989261744966443,25.78,12.525482,8.73,13.77,16.09,21.27
s_200_121,square,200,25,4976208.282,526364.399,81.26931793792764,86.59567211326207,79.27522498232062,78.1556592625497,81.323968574015,50.855,0.9645069314718316,20.6,10.086413,7.72,9.56,12.14,17.1
s_200_122,square,200,25,4976210.773768072,526362.5886245252,65.75376060517516,74.41574402019678,67.0391966129224,64.42024717970622,67.90723710450014,49.44,0.9622775080906149,18.88,9.282871,7.56,9.07,10.74,15.52
s_200_123,square,200,25,4976209.82199736,526359.6593754747,57.05938464952546,64.67064240986372,58.651847118475786,55.86383428492424,59.0614271156973,49.11,0.9582569741396865,18.88,9.471944,7.12,9.08,11.4,16.04
s_200_124,square,200,25,4976206.742002639,526359.6593754747,102.43823989193189,110.01474742401227,102.01620633463749,97.20746927266174,102.91916573081085,50.09,0.9613695348372929,20.86,10.213416,6.93,9.66,13.51,17.74
s_200_125,square,200,25,4976205.790231927,526362.5886245252,107.64952557986027,116.25108836101374,107.121982902085,102.62825449009355,108.41271283326313,50.685,0.9651770740850351,20.86,10.559882,7.44,9.96,13.87,17.9
s_200_126,square,200,29,4975605.615,524629.472,156.66563104318703,170.3213170401497,172.50003175112204,147.08765039139428,161.64365755646327,19.345,0.8539674334453348,26.08,16.772749,14.46,18.54,20.68,22.9785
s_200_127,square,200,29,4975608.106768073,524627.6616245252,183.32537465707014,199.24337292059715,201.62734283875488,172.32921178176105,189.1313255495458,20.89,0.8693154619435136,24.88,16.08834,13.127501,17.765,20.2425,22.129
s_200_128,square,200,29,4975607.154997361,524624.7323754746,191.25321912823168,207.64087911570968,210.88501335183426,179.67359266312553,197.36317606472528,20.8,0.8637019230769231,25.6,17.441145,15.21,19.12,21.06,22.914
s_200_129,square,200,29,4975604.07500264,524624.7323754746,202.8953650700372,220.2278725284894,223.7780787932238,190.71612157934968,209.40435949277503,19.675,0.8797966963151207,25.68,17.587547,15.49,19.35,21.2975,23.1695
s_200_130,square,200,29,4975603.123231928,524627.6616245252,205.0143169752664,222.59315097850993,226.04567969171995,192.61558404533602,211.5671829227081,19.61,0.8605303416624172,26.08,17.6749,15.75,19.35,21.27,23.33
s_200_131,square,200,30,4977166.833,524595.419,139.01949917772592,150.35696672116612,152.0229057360994,134.01602373043698,143.8538488413571,41.43,0.776611151339609,16.67,7.909562,4.83,7.96,10.88,13.66
s_200_132,square,200,30,4977169.324768072,524593.6086245253,101.3884748834083,114.47201828047851,116.17112954533597,100.5557864581645,108.14685229184683,40.305,0.8002729189926808,16.32,8.154091,5.01,8.24,11.24,13.83
s_200_133,square,200,30,4977168.37299736,524590.6793754747,75.83774874751592,87.34188493141235,87.5211753409038,77.04319474529373,81.93600094128145,39.73,0.7996476214447521,16.32,8.086102,4.8,8.41,11.1675,13.7135
s_200_134,square,200,30,4977165.293002639,524590.6793754747,92.71200775272384,104.34076188182848,103.84365515985614,86.55656269788373,96.86324687307305,38.425,0.7651268705270007,15.7,7.7585764,4.5,7.96,10.82,13.27
s_200_135,square,200,30,4977164.341231927,524593.6086245253,122.61478520020012,139.83999419397168,141.06880833397324,117.31245659565865,130.20901108095092,39.78,0.7523881347410759,16.67,7.4711924,4.29,7.62,10.33,13.24
s_200_136,square,200,31,4976243.76,524837.8901000003,254.35374217949806,269.4258817784786,268.6905419830654,239.97843058583612,258.11214913171955,59.8,0.9614548494983277,30.4,15.741581,12.4,16.38,19.26,24.55
s_200_137,square,200,31,4976246.251768072,524836.0797245256,240.32642951628486,255.98986585234115,257.3338364397733,229.96707289855766,245.90430117673924,59.11,0.9758078159363898,30.83,17.514708,13.99,18.24,21.65,26.81
s_200_138,square,200,31,4976245.29999736,524833.150475475,230.78612050647985,242.31226713076148,247.46840911170196,218.82104576000592,234.8469606272373,55.645,0.9833767634109084,30.83,17.945307,14.31,18.55,21.8225,27.11
s_200_139,square,200,31,4976242.220002639,524833.150475475,258.8995097708144,268.88540593229567,273.00216947891096,243.72527348821066,261.1280896675579,55.355,0.9769668503296902,27.8,15.79847,11.84,16.77,19.91,23.49
s_200_140,square,200,31,4976241.268231927,524836.0797245256,290.74917220060115,307.2939480881683,306.0989361481596,276.4161192749175,295.13954392796165,57.35,0.966870095902354,25.87,15.015941,11.4325,15.81,18.86,22.37
s_200_141,square,200,32,4975778.346899999,525030.7353999995,208.28491911550213,219.49390598830956,217.42090592769694,199.95948594427202,211.28980424394518,65.46,0.9708982584784601,27.65,20.063496,17.205,21.62,23.45,25.36
s_200_142,square,200,32,4975780.838668072,525028.9250245248,151.02196638912807,152.57376534667407,149.5164712329189,156.1981113212749,152.32757857249896,65.02,0.9737003998769609,27.65,19.588202,15.93,21.03,23.17,25.27
s_200_143,square,200,32,4975779.88689736,525025.9957754742,144.18894812045136,144.78611451098908,142.38895348310055,145.2708455750369,144.15871542239447,66.26,0.9803803199517054,27.65,19.37273,15.7075,20.84,23.18,25.16
s_200_144,square,200,32,4975776.806902639,525025.9957754742,233.28577511453267,245.84408426364558,242.08385666734682,226.52724616087767,236.93524055160069,65.845,0.9765358037816083,27.65,19.496717,15.9,21.25,23.21,24.83
s_200_145,square,200,32,4975775.855131927,525028.9250245248,229.5074067914519,242.25953077310632,238.30265367336796,218.10496538864683,232.04363915664328,65.665,0.9675626284931089,27.32,19.67646,16.435001,21.35,23.22,25.06
s_200_146,square,200,33,4975431.0747,525199.1908999997,97.04473505425639,108.59085848935541,100.7206432967613,95.10136959396462,100.36440160858442,59.705,0.9273092705803534,21.25,12.972792,10.9,13.8,15.96,18.244
s_200_147,square,200,33,4975433.566468072,525197.380524525,144.61139097518566,161.3533428359442,150.44600690759327,139.23910216188483,148.91246072015198,61.415,0.9382072783521941,21.25,13.183215,10.85,13.87,16.21,18.75
s_200_148,square,200,33,4975432.61469736,525194.4512754744,112.33961033612584,125.56205855664871,116.26620697803327,110.42120051637735,116.1472690967963,58.39,0.9402294913512588,21.25,13.004271,10.36,13.8,16.272501,18.7805
s_200_149,square,200,33,4975429.534702639,525194.4512754744,198.08463015148217,220.62889248430707,205.5520504844896,189.67880970661906,203.48609570672446,58.56,0.937073087431694,21.25,13.011421,10.51,13.78,16.15,18.61
s_200_150,square,200,33,4975428.582931927,525197.380524525,142.87160161451249,159.38808485544376,148.644944549196,137.62293473249446,147.1318914379117,61.425,0.9392755392755393,21.25,12.993292,10.56,13.74,16.02,18.66
s_200_151,square,200,34,4975783.509400001,525503.4192000002,26.24283493255252,28.46603363139475,25.974448710035823,28.745503036846415,27.357205077707377,39.485,0.5096872229960745,33.65,22.605177,20.39,24.67,28.03,31.38
s_200_152,square,200,34,4975786.001168073,525501.6088245255,0.0,0.0,0.0,0.0,0.0,37.115,0.5511248821231308,33.65,22.14866,19.25,23.69,27.3,30.154999
s_200_153,square,200,34,4975785.049397361,525498.6795754749,26.24283493255252,28.46603363139475,25.974448710035823,28.745503036846415,27.357205077707377,46.17,0.695906432748538,33.65,24.207396,22.1025,25.53,28.61,31.28
s_200_154,square,200,34,4975781.96940264,525498.6795754749,93.60015912530373,100.92394424881223,100.96730969494301,90.45003482946368,96.48536197463066,52.16,0.7238305214723927,33.65,24.651035,23.05,26.67,28.99,31.325
s_200_155,square,200,34,4975781.017631928,525501.6088245255,93.60015912530373,100.92394424881223,100.96730969494301,90.45003482946368,96.48536197463066,49.535,0.6362168163924498,33.65,23.410316,21.64,25.38,28.06,30.709
s_200_156,square,200,35,4975143.703,524715.4396,29.337791903137543,47.53034657150885,46.19548926762481,42.31443216883025,41.34451497777536,13.435,0.6728693710457759,24.89,13.888966,10.44,14.455,17.95,21.633
s_200_157,square,200,35,4975146.194768072,524713.6292245253,11.32043754659235,27.481528947916157,27.455462542773127,25.493926839506862,22.937838969197124,11.905,0.7265854682906342,22.81,13.463891,10.515,14.255,17.2475,19.4655
s_200_158,square,200,35,4975145.24299736,524710.6999754747,31.172912503030265,50.41834495392546,49.398601897835675,45.17981431141473,44.042418416551534,11.195,0.7262170611880304,22.64,13.232583,10.2925,13.62,17.26,19.477499
s_200_159,square,200,35,4975142.163002639,524710.6999754747,38.79308481926935,68.51081771130072,67.61263246524103,62.243434777596946,59.28999244335201,10.755,0.6541143654114365,25.92,13.427356,10.005,13.58,17.744999,21.524
s_200_160,square,200,35,4975141.211231927,524713.6292245253,35.57546869263871,63.618041209082065,62.142735738630165,57.39041566067571,54.68166532525666,13.915,0.6866690621631333,26.25,14.592981,10.405,14.98,18.95,23.845001
s_200_161,square,200,36,4976621.261,525712.3206999999,64.12321703310029,70.67548891127228,67.35888593636946,60.5005481125119,65.66453499831348,48.955,0.7976713308140129,22.07,12.219818,7.28,13.27,16.76,18.9
s_200_162,square,200,36,4976623.752768072,525710.5103245252,63.95470271020927,70.48456821362545,67.1959345102543,60.31555014903748,65.48768889578162,44.51,0.797685913277915,19.4,11.349333,7.16,12.01,15.54,17.59
s_200_163,square,200,36,4976622.800997361,525707.5810754746,36.57952196501083,50.30719587182689,40.24080302461922,38.01882561838221,41.286586619959785,41.675,0.7599280143971205,19.4,10.797206,6.79,10.905,15.26,17.71
s_200_164,square,200,36,4976619.721002639,525707.5810754746,40.93561658539485,55.08298840964042,44.85174622269823,42.1370978025411,45.75186225506865,42.95,0.7607683352735739,21.88,11.678883,7.06,11.89,16.35,18.94
s_200_165,square,200,36,4976618.769231928,525710.5103245252,72.57598271313648,80.33745398477234,75.4639895193707,69.65350581968659,74.50773300924152,46.215,0.7798333874283241,22.3,12.279232,7.33,12.92,16.92,19.55
s_200_166,square,200,37,4976493.278200001,526114.5028999996,170.28095114685368,181.01063742128574,184.02430394774856,158.30970790783118,173.40640010592978,35.45,0.9324400564174894,27.73,18.922396,17.195,20.26,22.87,25.38
s_200_167,square,200,37,4976495.769968074,526112.6925245249,300.42255693848,300.2199032064867,307.65793180682874,271.07922056601876,294.84490312945354,34.02,0.9473838918283363,28.81,19.475756,17.95,20.97,23.31,25.58
s_200_168,square,200,37,4976494.818197362,526109.7632754743,289.48853310148644,291.09541551924895,294.2345684465165,261.3810151724541,284.0498830599265,35.19,0.962205171923842,27.73,19.701132,18.41,21.07,23.32,25.48
s_200_169,square,200,37,4976491.738202641,526109.7632754743,222.47169047113488,218.97378846377265,219.58080288713475,199.06174347082958,215.02200632321797,37.325,0.9503014065639652,27.73,19.08786,17.22,20.38,23.02,25.31
s_200_170,square,200,37,4976490.786431929,526112.6925245249,272.3753811198718,241.92976404820365,246.92499187577846,233.97250697109942,248.80066100373833,37.0,0.9318918918918919,27.73,18.677214,16.967499,20.13,22.74,25.21
s_200_171,square,200,38,4976145.162599999,526065.2690000002,195.33651288576195,213.71472122971565,206.08175457965618,197.3727248707871,203.12642839148023,53.01,0.8837011884550084,26.14,15.94007,13.54,16.73,18.73,21.99
s_200_172,square,200,38,4976147.654368072,526063.4586245255,223.08183165555164,242.68825966291675,233.73469239815333,222.8474096365159,230.5880483382844,52.705,0.9106346646428233,24.61,15.132929,12.36,16.03,18.275002,21.21
s_200_173,square,200,38,4976146.70259736,526060.5293754749,156.57290354396665,171.05544774729427,166.61257940917818,155.0484489285143,162.32234490723835,49.16,0.9188364524003255,25.0,14.289856,11.39,15.03,17.7675,20.87
s_200_174,square,200,38,4976143.622602639,526060.5293754749,134.25666972784242,149.86214346465172,140.90178404403525,130.19870626192096,138.8048258746126,48.4,0.9144628099173554,25.05,14.676468,11.71,15.53,18.12,20.884499
s_200_175,square,200,38,4976142.670831927,526063.4586245255,167.50763465492994,186.81223400879753,175.77769557276892,162.7530036076338,173.21264196103255,51.775,0.8748430709802028,26.14,15.787197,13.13,16.63,18.8,22.32
s_200_176,square,200,39,4976667.816199999,524718.5300000001,253.00570690939767,273.04299395632376,281.385064377273,229.8555036697736,259.322317228192,43.78,0.86717679305619,30.84,19.564133,15.93,21.5,25.17,28.14
s_200_177,square,200,39,4976670.307968072,524716.7196245254,23.947633272958132,30.977948526769477,24.664816258854813,25.456954040746723,26.261838024832286,36.05,0.7689320388349514,30.84,16.135817,6.22,18.05,23.8125,27.8185
s_200_178,square,200,39,4976669.35619736,524713.7903754748,9.3583590083149,10.200734064414265,9.339901690131365,9.659375246036825,9.639592502224339,33.19,0.6834890027116601,30.84,14.948641,5.51,15.86,23.31,28.44
s_200_179,square,200,39,4976666.276202639,524713.7903754748,143.98885183410025,154.9383091921539,159.04070304962272,129.39762072862638,146.8413712011258,36.06,0.7346089850249584,30.84,18.527376,14.47,20.04,24.51,28.5315
s_200_180,square,200,39,4976665.324431927,524716.7196245254,151.88120787406524,165.02003706520298,167.29935172451258,140.768878715972,156.2423688449382,40.595,0.8387732479369381,30.84,20.00096,16.1525,21.09,24.93,28.2555
s_200_181,square,200,40,4975142.120300001,525339.0542999998,239.7562483091087,295.197537466468,264.71875304826204,234.20701251962532,258.469887835866,57.86,0.9257690978223297,30.77,16.66523,12.06,16.54,21.46,26.66
s_200_182,square,200,40,4975144.612068074,525337.2439245251,283.32844814144084,338.3363149730235,310.0889889324442,270.5110885510294,300.5662101494845,55.46,0.9145329967544176,30.77,16.894648,11.99,16.42,21.9925,28.188501
s_200_183,square,200,40,4975143.660297362,525334.3146754745,246.15402882189403,286.09719863412795,269.5102038857835,233.33384895681988,258.7738200746563,56.74,0.9040359534719774,30.77,16.232632,11.11,16.09,21.16,27.931
s_200_184,square,200,40,4975140.580302641,525334.3146754745,261.1287005608022,310.9079570585134,285.79662442442657,251.04728486675586,277.2201417276245,58.3,0.8993996569468268,30.77,15.472293,10.89,15.3,20.305,25.05
s_200_185,square,200,40,4975139.628531929,525337.2439245251,224.5651023458566,288.2511727431554,243.9067016371862,224.3017321184361,245.25617721115856,59.505,0.9097554827325435,30.77,15.967527,11.56,15.98,20.74,24.517
s_200_186,square,200,41,4975247.676100001,526354.5525999999,164.98857487143812,182.83364128909213,179.5340001434087,158.54573946509976,171.4754889422597,30.75,0.8398373983739837,30.56,16.09327,8.21,16.71,24.34,28.196001
s_200_187,square,200,41,4975250.167868073,526352.7422245252,256.01016098320963,283.1857959779236,277.63852707516514,244.71239833952302,265.3867205939554,32.53,0.8327697509990778,30.56,17.089695,8.14,20.19,24.8,28.161499
s_200_188,square,200,41,4975249.216097361,526349.8129754746,229.15086217671887,252.96908020156707,251.47979444989704,215.14568477149942,237.18635539992061,34.95,0.8556509298998569,30.56,17.16399,8.38,19.99,24.68,27.97
s_200_189,square,200,41,4975246.13610264,526349.8129754746,277.4225774276138,304.09585164861073,303.8808255388584,262.15811864044394,286.8893433138817,34.16,0.872072599531616,30.27,16.135279,8.38,17.415,23.89,27.06
s_200_190,square,200,41,4975245.184331928,526352.7422245252,288.7737839819381,316.9775739832637,314.8545133092012,274.42220391531316,298.75701879742905,32.045,0.8570759868934311,29.79,14.630172,8.28,12.95,21.73,26.467999
s_200_191,square,200,42,4976260.5759,526708.2552000004,131.73417662805645,144.59655286045458,141.5478433702179,125.59302834852119,135.8679003018125,16.835,0.9192159192159192,27.51,15.324206,12.18,15.66,18.78,22.963
s_200_192,square,200,42,4976263.067668072,526706.4448245256,98.51794313601117,108.89997019454552,104.55083513643802,94.10793017923991,101.51916966155866,17.39,0.9163312248418631,26.61,14.8797,11.95,15.42,18.115002,21.764
s_200_193,square,200,42,4976262.11589736,526703.5155754751,84.57788139239892,93.34131935167981,89.72622151291175,81.20329357101699,87.21217895700187,16.465,0.9085939872456726,22.98,14.275352,11.68,15.105,17.3925,20.0245
s_200_194,square,200,42,4976259.035902639,526703.5155754751,81.37376541887727,89.73614327937852,86.40517394081604,78.19856830517901,83.92841273606271,16.0,0.9040625,22.11,14.674211,12.26,15.43,17.86,19.94
s_200_195,square,200,42,4976258.084131927,526706.4448245256,95.45252495909293,105.15335883660967,101.8181274211784,91.30878709858172,98.43319957886568,15.57,0.9065510597302505,26.61,15.00413,12.42,15.67,18.21,20.729
s_200_196,square,200,43,4976353.940300001,526483.1703000002,126.26878644165123,140.93227770592304,130.49929350518565,121.64907894085935,129.8373591484048,54.785,0.9588390982933285,25.08,15.45908,12.67,16.36,19.03,22.04
s_200_197,square,200,43,4976356.432068073,526481.3599245255,181.83833540374025,195.59538717245576,182.78530103376545,171.56816420429254,182.9467969535635,55.42,0.9552508119812342,23.77,15.690785,12.467501,16.82,19.58,22.09
s_200_198,square,200,43,4976355.4802973615,526478.4306754749,158.431312860353,170.46910771119738,159.61327276216292,148.91889326340916,159.35814664928063,56.405,0.945483556422303,23.83,15.970915,12.61,17.0,19.95,22.1975
s_200_199,square,200,43,4976352.40030264,526478.4306754749,153.2592990086354,171.5390760019112,159.38501498153383,146.11202585954598,157.57385396290658,57.945,0.9518508930882733,26.25,16.108685,12.69,16.86,20.1,23.055
s_200_200,square,200,43,4976351.4485319285,526481.3599245255,183.27032361963748,196.69742046910315,183.84465659191812,172.88476834327608,184.17429225598372,59.01,0.9566175224538214,26.05,15.850933,12.3925,16.66,19.83,23.17
s_225_001,square,225,1,4974552.016,525143.9503982823,179.90242226815042,199.9747778658392,198.67968791666402,168.59936215832863,186.78906255224558,46.297777777777775,0.7675914370740137,28.8,20.046003,18.21,21.455,24.11,26.4625
s_225_002,square,225,1,4974553.930855556,525142.5591742857,193.72234468297873,211.2583172654708,213.76466758153487,179.8735922672858,199.65473044931758,46.85333333333333,0.7850502750901157,28.8,20.077963,17.99,21.68,23.86,26.3025
s_225_003,square,225,1,4974553.199445817,525140.3081265733,106.54879471388176,118.23317559404049,115.93142785362886,101.1823516879625,110.47393746237842,48.14666666666667,0.8482414843533648,28.8,19.806818,17.55,21.9,24.1,26.32
s_225_004,square,225,1,4974550.832554183,525140.3081265733,169.1528955583777,189.04537229473223,186.0593915056231,159.10633051562576,175.8409974685897,47.87555555555556,0.8724470850352767,28.8,19.52078,17.45,21.33,23.86,26.161499
s_225_005,square,225,1,4974550.101144443,525142.5591742857,171.2124794268861,190.52233882822975,189.116857744356,160.43522030649092,177.82172407649068,48.111111111111114,0.8322401847575057,28.8,19.704437,18.01,21.2,23.69,26.19
s_225_006,square,225,2,4975569.679,524907.4653982823,74.51353321392348,81.31088830390277,81.54443712746128,68.57291151930761,76.48544254114879,48.79555555555555,0.760360688587303,32.86,19.07111,11.7575,20.88,25.43,29.53
s_225_007,square,225,2,4975571.593855556,524906.0741742857,25.773975027046117,28.863338053562565,26.63376922766507,26.286381375854724,26.889365921032116,49.70666666666666,0.7522353361945636,32.31,17.414404,10.24,18.44,24.06,29.0
s_225_008,square,225,2,4975570.862445816,524903.8231265733,119.28163385895827,131.01086512371091,130.75002188466354,112.08998814993636,123.28312725431728,51.76,0.8008758371973209,31.7,18.739239,11.07,20.71,25.154999,29.25
s_225_009,square,225,2,4975568.495554183,524903.8231265733,181.57685883761508,197.88139502849074,199.1715261943882,168.12376169823293,186.68838543968172,51.04,0.8287182166492512,31.7,20.270195,15.27,22.32,26.06,29.51
s_225_010,square,225,2,4975567.764144443,524906.0741742857,103.66054534004654,115.09923381742567,109.09098025805812,94.07797201994201,105.48218285886809,47.2,0.7988700564971751,32.31,20.427547,16.127499,22.395,26.2325,29.5685
s_225_011,square,225,3,4975188.667,525007.9613982822,151.66130137494366,184.1641857479171,160.75552063959208,149.09915515229278,161.4200407286864,50.50222222222222,0.8023409310921411,26.3,10.715227,7.07,9.08,12.59,22.95
s_225_012,square,225,3,4975190.581855557,525006.5701742857,172.02275932521394,202.6542325595134,182.8450305617519,166.77344794471134,181.07386759779763,51.782222222222224,0.7816496438073985,26.53,11.837728,7.29,9.8,16.7,24.07
s_225_013,square,225,3,4975189.850445817,525004.3191265733,205.81632434820165,231.9948127397612,210.98696797388317,195.67103665657058,211.11728542960412,51.41777777777778,0.7699023251793586,26.3,11.547427,7.24,9.61,16.03,23.94
s_225_014,square,225,3,4975187.4835541835,525004.3191265733,163.1485021626504,190.01426102381103,161.20768111661945,155.4793308262487,167.4624437823324,49.60888888888889,0.766350116466583,25.92,10.249108,6.93,9.1,12.157499,20.6235
s_225_015,square,225,3,4975186.752144444,525006.5701742857,99.7526324909966,133.29768879569687,101.04883043362221,99.71987039862563,108.45475552973534,49.11555555555555,0.7794769704099177,25.36,9.34375,6.75,8.68,10.75,19.1935
s_225_016,square,225,4,4974882.089,525126.9733982822,120.00326258585542,133.8225822984496,129.51391363090258,117.15255031099069,125.12307720654957,51.72888888888889,0.8456052925509064,21.96,10.057595,6.03,9.63,13.77,18.03
s_225_017,square,225,4,4974884.003855556,525125.5821742857,64.81130703697809,73.64202602335686,69.65889819970454,64.01429982967285,68.03163277242808,50.80444444444444,0.8683404776484996,20.9,9.913579,5.62,9.72,13.84,17.6
s_225_018,square,225,4,4974883.272445817,525123.3311265733,135.30764358017285,149.7083370651715,148.02418653543495,129.29293022434214,140.58327435128038,51.217777777777776,0.8876258243665394,20.84,10.040204,5.91,10.19,13.61,17.33
s_225_019,square,225,4,4974880.905554183,525123.3311265733,139.1870374039182,152.76748667120708,151.53144676596958,132.92235846432678,144.1020823263554,51.0,0.8840958605664488,21.07,10.216692,6.35,10.25,13.8,17.58
s_225_020,square,225,4,4974880.174144443,525125.5821742857,64.09432712956082,72.1866876963214,67.24957550936588,64.13131704326116,66.9154768446273,50.19111111111111,0.8460993535818648,20.77,9.619754,5.86,9.18,13.23,16.79
s_225_021,square,225,5,4975907.399,524771.0693982822,76.67421029527928,99.02259881539595,85.70184726011567,82.52337925149266,85.9805089055709,48.093333333333334,0.8355050365030958,27.985,13.079457,9.225,13.505,17.405,21.305
s_225_022,square,225,5,4975909.313855557,524769.6781742857,55.78973886835092,64.8170947914386,60.14692876201913,58.367528927029426,59.780322837209525,47.83555555555556,0.8516212951779244,25.435,12.806241,8.805,13.315,17.235,20.675
s_225_023,square,225,5,4975908.582445817,524767.4271265733,63.84330801224594,79.60637474146571,74.93121931639651,72.52196293821697,72.72571625208128,49.53333333333333,0.8724091520861372,23.325,12.6675205,8.975,13.365,16.785,19.995
s_225_024,square,225,5,4975906.215554183,524767.4271265733,77.63545314894047,105.4454213981183,93.81065557157416,90.84517944362238,91.93417739056383,50.46666666666667,0.8679876706296785,28.425,12.867036,9.265,13.205,16.755,21.025
s_225_025,square,225,5,4975905.484144444,524769.6781742857,76.69890923392515,98.87826310372633,85.82310974683934,84.48516667662147,86.47136219027807,51.18222222222222,0.8421326849600556,29.835,13.385519,9.465,13.365,17.475,23.085
s_225_026,square,225,6,4976225.143,524509.8493982822,133.7877551502383,149.29746709781665,139.6562800563998,126.12716295463294,137.21716631477193,18.444444444444443,0.9665060240963855,24.82,15.4228525,12.55,15.5,18.52,22.845001
s_225_027,square,225,6,4976227.057855557,524508.4581742857,136.08337063941323,152.4219666643896,141.26755224733472,125.97765948207892,138.9376372583041,18.413333333333334,0.9640357229061067,24.82,15.379624,12.7925,15.64,18.24,22.37
s_225_028,square,225,6,4976226.326445817,524506.2071265733,206.340542282405,230.05079682801244,216.03813267086088,192.10765874079397,211.1342826305181,18.964444444444446,0.9512538082962269,25.95,15.746243,13.245,16.14,18.49,22.751
s_225_029,square,225,6,4976223.959554183,524506.2071265733,191.01065469967745,213.51530367922874,198.88969716868107,178.39222580120062,195.45197033719697,19.31111111111111,0.9433831990794016,25.66,16.021114,13.36,16.43,19.015,22.871
s_225_030,square,225,6,4976223.228144444,524508.4581742857,188.43090431045454,210.51210446716627,196.95425514480905,176.59257922229006,193.12246078617997,19.04,0.9572829131652661,26.4,15.982521,13.06,16.28,19.03,23.11
s_225_031,square,225,7,4976269.182,525026.5943982822,92.30079373990597,100.62826242511221,92.66084694293191,92.45382960756635,94.5109331788791,56.23111111111111,0.934476762567183,23.14,14.561427,11.684999,13.82,18.31,21.65
s_225_032,square,225,7,4976271.096855557,525025.2031742857,173.2363686950001,206.74191123277353,190.65398843406825,160.06063438987158,182.67322568792835,55.95111111111111,0.9345460322503774,23.14,14.289808,11.37,13.54,18.05,21.62
s_225_033,square,225,7,4976270.365445817,525022.9521265733,167.5288663765136,219.02076225400202,191.11956568857408,158.753689130078,184.10572086229192,51.693333333333335,0.9554638466168,23.04,13.088411,10.53,12.68,15.52,20.883999
s_225_034,square,225,7,4976267.998554183,525022.9521265733,95.29211716886596,119.3532259026017,99.8121508718728,97.17184907176794,102.9073357537771,49.54666666666667,0.9583781844277001,23.04,12.633877,10.15,12.48,14.74,20.27
s_225_035,square,225,7,4976267.2671444435,525025.2031742857,105.9856152515326,113.03011982665527,104.5957307520704,101.55953571803192,106.29275038707254,53.39555555555555,0.9482270684201765,23.14,13.727724,11.17,13.265,16.5,21.35
s_225_036,square,225,8,4976535.25,524985.7663982823,89.87344520965479,98.51464639375008,93.93680962755954,81.28250246462271,90.90185092389679,56.17777777777778,0.8930379746835443,25.85,11.955928,8.1,11.03,16.09,21.5565
s_225_037,square,225,8,4976537.164855557,524984.3751742857,107.73037765667067,114.49908198845728,109.42386764131876,97.33232569497724,107.246413245356,53.84888888888889,0.9007923407065038,28.3,12.488191,8.15,11.4,17.11,22.5
s_225_038,square,225,8,4976536.433445817,524982.1241265733,92.06860805536556,97.5554879558809,89.86095089558304,79.30274649079038,89.69694834940498,55.62222222222222,0.8801438274071115,33.06,13.435082,8.45,13.18,18.15,24.233
s_225_039,square,225,8,4976534.066554183,524982.1241265733,100.5248300068885,106.80814425993287,98.53042979377035,88.73911521892028,98.650629819878,58.675555555555555,0.8658536585365854,33.06,13.093668,8.25,12.85,17.87,23.625
s_225_040,square,225,8,4976533.335144443,524984.3751742857,74.0620438141178,78.2050662165334,71.66477008330914,66.70884583096002,72.66018148623009,57.38666666666666,0.8775557620817844,29.0,12.437748,8.21,11.82,16.88,21.814999
s_225_041,square,225,9,4976764.273,524973.2773982822,241.91980158730667,292.63933232582,262.6900205599211,201.20002895245548,249.61229585637582,55.84888888888889,0.924240012732771,32.98,15.930691,10.66,15.26,20.7475,28.6335
s_225_042,square,225,9,4976766.187855557,524971.8861742857,173.3020146107464,203.41148038924638,189.12489032824826,147.95740616265937,178.4489478727251,54.60444444444445,0.9081067882142275,32.98,16.670444,11.11,16.37,22.07,28.792
s_225_043,square,225,9,4976765.456445817,524969.6351265733,241.91980158730667,292.63933232582,262.6900205599211,201.20002895245548,249.61229585637582,53.38666666666666,0.8555611055611055,32.98,16.498304,10.14,15.79,23.09,29.17
s_225_044,square,225,9,4976763.089554183,524969.6351265733,188.03998407427514,223.42954608985747,205.0784387257427,158.36024671738753,193.7270539018157,55.05777777777778,0.8325799160477881,32.98,15.845338,9.47,14.955,22.22,29.14
s_225_045,square,225,9,4976762.3581444435,524971.8861742857,188.03998407427514,223.42954608985747,205.0784387257427,158.36024671738753,193.7270539018157,54.51555555555556,0.8689874449698353,32.98,14.884209,9.49,13.85,19.46,28.432001
s_225_046,square,225,10,4975957.068,525212.4903982822,227.69022982680724,260.24798809616635,235.8612245301681,234.09500246181386,239.4736112287389,56.44888888888889,0.9744901976222344,23.6,14.977375,12.82,15.49,17.52,19.66
s_225_047,square,225,10,4975958.9828555565,525211.0991742857,268.4280702450927,313.9259564840723,278.90390095912585,278.20614246146636,284.86601753743935,55.17777777777778,0.9692307692307692,23.6,15.988303,14.3,16.65,18.19,20.09
s_225_048,square,225,10,4975958.251445817,525208.8481265733,258.55329354918405,302.2111049489083,268.68890551580176,268.8194844591767,274.5681971182677,54.044444444444444,0.9657072368421052,23.6,16.284056,14.69,16.97,18.42,20.259
s_225_049,square,225,10,4975955.884554183,525208.8481265733,234.81393999393134,273.61597571903167,242.81848995599876,249.32563116684827,250.14350920895254,54.39555555555555,0.9735272489582483,23.6,15.799016,13.77,16.46,18.185001,20.07
s_225_050,square,225,10,4975955.153144443,525211.0991742857,224.2303602314942,257.9988143785261,231.34092762151693,235.337056647365,237.22678971972556,55.96,0.974346755619093,23.6,15.037179,12.89,15.5,17.54,19.78
s_225_051,square,225,11,4975613.36,525390.2333982822,249.28612586376178,279.6570223772533,263.26823447822926,245.73312052718737,259.48612581160796,67.11555555555556,0.8702072710416529,28.96,15.868118,11.96,15.71,19.4,25.93
s_225_052,square,225,11,4975615.274855557,525388.8421742857,220.98434629901027,247.24833950894038,234.56226221033626,215.54547442153188,229.58510560995472,66.55111111111111,0.8482035528248965,28.96,15.260009,11.41,15.29,18.4,25.54
s_225_053,square,225,11,4975614.543445817,525386.5911265733,118.73144026351196,136.8763779162884,121.34766053768807,120.39286641929107,124.33708628419487,60.23555555555556,0.8640891315575887,28.15,13.681367,9.61,13.8,16.95,23.94
s_225_054,square,225,11,4975612.1765541835,525386.5911265733,119.35827313010704,137.60931030673856,122.17075110513738,120.92296499483996,125.01532488420574,59.0,0.9025988700564972,28.15,13.692849,9.82,13.71,16.98,23.869501
s_225_055,square,225,11,4975611.445144444,525388.8421742857,234.3915924134396,262.6700264964899,248.71132839219996,227.72864460967097,243.37539797795012,64.83555555555556,0.9143816835755415,28.96,14.953616,11.16,14.84,18.39,25.49
s_225_056,square,225,12,4975652.244,525880.3773982822,279.28944884200644,266.9708655182633,247.54371752999003,258.25221039772083,263.0140605719951,44.88,0.9308774014656368,26.27,16.106886,11.89,16.59,20.7125,24.3905
s_225_057,square,225,12,4975654.1588555565,525878.9861742856,204.51942664046615,206.34406896008824,186.58717120579536,197.0354385709629,198.62152634432817,44.568888888888885,0.9313921021140805,26.27,16.146444,11.87,16.54,20.97,24.48
s_225_058,square,225,12,4975653.427445817,525876.7351265732,240.74918519521668,226.28148923834482,210.20314741846707,220.36677603281805,224.40014947121165,43.17333333333333,0.9239242330656784,26.27,16.524395,11.86,17.54,21.47,24.59
s_225_059,square,225,12,4975651.060554183,525876.7351265732,246.33794700763502,240.09614058671715,217.74123751223084,225.1385945402443,232.3284799117068,43.724444444444444,0.922341939418581,26.27,16.68765,12.16,17.81,21.34,24.43
s_225_060,square,225,12,4975650.329144443,525878.9861742856,241.21710446144547,231.41946772976698,213.90402513835988,225.29290874299178,227.95837651814105,45.986666666666665,0.9201700976128346,26.27,16.47975,12.14,17.38,21.12,24.35
s_225_061,square,225,13,4975983.789,525689.5863982822,176.1164142848654,192.0996331863783,193.55682989220435,162.94419132829543,181.17926717293588,40.55111111111111,0.8882069267864972,32.03,16.144415,9.55,15.755,23.3325,27.78
s_225_062,square,225,13,4975985.703855556,525688.1951742857,203.05597739454964,221.8120034361164,222.42968583878445,187.36774513090725,208.66635295008945,41.68,0.9288760929835785,32.11,16.497398,10.385,16.23,23.43,27.96
s_225_063,square,225,13,4975984.972445817,525685.9441265733,105.032361080749,116.24904010659321,113.54996818580452,96.97908326519043,107.95261315958429,36.82222222222222,0.9388050694025347,32.11,16.788868,11.28,16.77,23.02,27.993
s_225_064,square,225,13,4975982.605554183,525685.9441265733,103.95203377230645,115.07665336834475,112.4740084026563,95.86892848747871,106.84290600769654,33.977777777777774,0.908436886854153,32.11,17.122486,11.25,16.92,23.65,28.87
s_225_065,square,225,13,4975981.874144443,525688.1951742857,202.17306939903546,220.86252135438536,221.54506757043535,186.4735941148035,207.76356310966491,35.13777777777778,0.8738932456362256,32.11,16.056274,9.49,15.67,23.33,28.03
s_225_066,square,225,14,4976328.71,525886.6353982822,133.6866356739913,153.13820064564092,138.51955254249037,131.1025288990101,139.11172944028317,46.32888888888889,0.8962010744435918,17.24,10.058604,8.18,10.34,12.2,14.2895
s_225_067,square,225,14,4976330.6248555565,525885.2441742857,129.60512844663657,148.6647490809077,134.20478836288464,127.2326807923099,134.9268366706847,47.577777777777776,0.8855674918262494,17.53,10.225413,8.37,10.52,12.36,14.51
s_225_068,square,225,14,4976329.893445817,525882.9931265733,131.5825575786367,151.00907034580757,136.37448087561492,129.83283773163924,137.1997366329246,44.03111111111111,0.8847279701221359,17.53,10.40808,8.52,10.76,12.6,14.62
s_225_069,square,225,14,4976327.526554183,525882.9931265733,106.96056001717952,124.4971232324322,110.68551960991414,106.74972919020895,112.2232330124337,40.382222222222225,0.8920316971164429,17.53,10.284919,8.36,10.56,12.43,14.518001
s_225_070,square,225,14,4976326.795144443,525885.2441742857,133.05896534529677,154.28945298054245,137.46519116181733,133.35792119046002,139.54288266952915,43.15555555555556,0.8927909371781668,17.53,10.010668,8.05,10.24,12.15,14.45
s_225_071,square,225,15,4976514.12,524476.0033982822,111.89014454434172,126.45135381010982,111.63093678077188,112.6629037551708,115.65883472259856,16.608888888888888,0.8391758094728392,22.61,13.337041,10.74,13.635,16.68,19.46
s_225_072,square,225,15,4976516.034855557,524474.6121742857,72.81393789604782,81.07611018974794,74.54171256102818,72.979930503845,75.35292278766724,17.511111111111113,0.8251269035532995,22.61,13.317853,10.35,13.73,16.685001,19.5
s_225_073,square,225,15,4976515.303445817,524472.3611265733,74.65173340308871,82.9010824237403,76.86450848429308,75.72449870227301,77.53545575334878,18.004444444444445,0.82177240187608,22.61,13.298188,10.35,13.85,16.63,19.28
s_225_074,square,225,15,4976512.936554183,524472.3611265733,111.7272703473087,125.68313694952302,112.92019364719653,111.50137859017498,115.4579948835508,18.337777777777777,0.8460979156568105,22.61,13.458943,11.215,14.21,16.59,19.24
s_225_075,square,225,15,4976512.205144444,524474.6121742857,134.60645824209868,151.548992597796,135.71313698391918,132.97433909887613,138.7107317306725,17.61777777777778,0.8488900100908173,22.61,13.226464,10.97,13.8,16.17,19.128
s_225_076,square,225,16,4975318.712,525555.0383982823,105.12662781167228,114.1617738837065,115.88878343098116,98.73617914397988,108.47834106758496,67.15555555555555,0.8642620780939775,22.29,15.502936,13.97,15.99,17.695,19.470999
s_225_077,square,225,16,4975320.626855557,525553.6471742857,77.04382054588906,83.66368600925614,84.93289577492283,72.34425322434672,79.49616388860369,65.28444444444445,0.8448498876710464,22.29,15.647086,14.09,16.02,17.73,19.63
s_225_078,square,225,16,4975319.895445817,525551.3961265733,100.4693067606537,108.87256116640489,111.00201999602733,94.30524123163288,103.66228228867969,69.95555555555555,0.8236975857687421,22.97,16.104288,14.44,16.47,18.25,20.49
s_225_079,square,225,16,4975317.528554183,525551.3961265733,119.61246397371247,129.6913305583277,132.07339827564476,112.12060187283157,123.37444867012913,72.05333333333333,0.8235874660745127,22.97,15.990615,14.35,16.52,18.34,20.51
s_225_080,square,225,16,4975316.797144444,525553.6471742857,119.56237769021385,129.79744322041827,131.84699287773708,112.08673255441268,123.32338658569547,70.13777777777777,0.852037259996198,22.29,15.665779,14.02,16.24,18.06,19.91
s_225_081,square,225,17,4975371.046,526079.9053982822,103.06098553927633,120.11110164680505,106.98326626736778,98.38366597490958,107.13475485708969,33.208888888888886,0.8162473233404711,19.35,12.454036,10.42,13.12,14.94,16.92
s_225_082,square,225,17,4975372.960855557,526078.5141742857,126.0971928382699,148.42236857240414,131.0071778237518,126.55411910107786,133.0202145838759,35.471111111111114,0.8506452825460469,19.51,12.594776,10.61,13.24,15.08,17.13
s_225_083,square,225,17,4975372.229445817,526076.2631265733,100.08650554581743,120.3541246474428,104.78371051668827,99.25641881136157,106.12018988032752,33.32888888888889,0.8653153753833844,19.51,12.675829,10.57,13.49,15.31,17.32
s_225_084,square,225,17,4975369.862554183,526076.2631265733,89.6790635836974,108.77865948137011,94.43456542332653,88.64650422146254,95.38469817746414,31.09777777777778,0.8437901957981992,19.51,12.909145,10.89,13.81,15.45,17.41
s_225_085,square,225,17,4975369.1311444435,526078.5141742857,104.50997749626904,124.5386556883288,110.55747524200669,102.61834419091058,110.55611315437879,31.933333333333334,0.8119693806541406,19.51,12.792512,10.875,13.56,15.27,17.28
s_225_086,square,225,18,4975406.248,526551.0593982822,76.29564443122385,84.08685469947436,79.95824015551463,69.53889885923572,77.46990953636214,47.24888888888889,0.6826262816291976,18.94,8.494557,5.54,8.2,10.67,16.032001
s_225_087,square,225,18,4975408.162855556,526549.6681742857,52.08414925923685,57.582524039975745,54.81989173718514,48.279358320455884,53.191480839213405,48.56,0.6443346146805784,19.63,8.299726,5.3075,7.94,10.44,15.780499
s_225_088,square,225,18,4975407.4314458165,526547.4171265733,103.74899499702805,114.71403211633272,108.37837559271576,95.40640533929549,105.561952011343,50.297777777777775,0.6381549880710435,19.89,9.07599,5.7,8.67,12.44,16.449501
s_225_089,square,225,18,4975405.064554183,526547.4171265733,100.46560222212403,111.16752033938994,105.12244251471522,92.7216020783556,102.3692917886462,50.66222222222222,0.6821651022019476,19.89,9.32411,5.76,8.9,12.84,16.7
s_225_090,square,225,18,4975404.333144443,526549.6681742857,109.53196560951979,121.05266795386524,114.75581101414548,100.96786231465919,111.57707672304741,47.56,0.7041398000186898,19.63,8.911102,5.58,8.35,12.055,16.55
s_225_091,square,225,19,4975693.698,526338.3933982822,181.9034314771071,210.92164694067725,193.8727203182716,163.23082949186218,187.48215705697953,41.81777777777778,0.8909554681687746,24.67,14.464593,11.46,15.57,18.615002,21.53
s_225_092,square,225,19,4975695.612855556,526337.0021742857,111.39555234723959,121.23263789055218,114.98122815761361,105.25614356687015,113.21639049056888,42.973333333333336,0.9087806391560658,24.21,13.861952,10.63,14.9,17.89,20.89
s_225_093,square,225,19,4975694.881445817,526334.7511265733,73.0558639260224,78.70011481721278,76.15715005100202,70.77942647077174,74.67313881625223,41.6,0.9085470085470085,26.11,13.570889,10.16,14.45,17.54,21.01
s_225_094,square,225,19,4975692.514554183,526334.7511265733,117.82144052845423,140.76803881587796,125.83056986569088,103.18845897050892,121.902127045133,41.87111111111111,0.9094575947351661,26.65,14.178628,10.8375,15.01,18.26,21.7065
s_225_095,square,225,19,4975691.783144443,526337.0021742857,184.1011784279215,211.19934659018946,192.00595114866215,164.77336528730146,188.01996036351863,42.11555555555555,0.8944702406078514,24.75,14.051664,10.87,14.87,18.2,21.11
s_225_096,square,225,20,4976026.288,526562.9753982823,156.56443860919717,183.48824453768793,157.84075484740154,175.9708192506996,168.46606431124656,53.79555555555555,0.9384500991407799,21.4,13.344988,10.71,14.01,16.525002,19.18
s_225_097,square,225,20,4976028.202855556,526561.5841742858,212.79580803750645,246.32762938861293,216.99958662482413,226.46993971005702,225.64824094025013,55.19111111111111,0.9231760347882106,22.58,13.413366,10.73,14.1,16.8225,19.49
s_225_098,square,225,20,4976027.471445817,526559.3331265734,205.92980747272833,240.24454921437984,209.07551447887693,227.00750239678524,220.56434339069256,54.90222222222222,0.924147980247713,22.58,13.348417,10.327499,14.085,16.9025,19.48
s_225_099,square,225,20,4976025.104554183,526559.3331265734,188.16066513613694,217.67113727945423,190.16162394443856,210.69992262855476,201.67333724714612,53.87111111111111,0.9303687814536754,22.13,13.407576,10.48,14.25,16.86,19.19
s_225_100,square,225,20,4976024.373144443,526561.5841742858,201.4167759283273,239.57474675389824,204.98320699527983,221.17296115774295,216.78692270881209,53.68,0.9398907103825137,22.75,13.631008,10.98,14.36,16.84,19.26
s_225_101,square,225,21,4976291.761,525440.9013982823,206.39706886725736,233.78444818679068,220.37784583261103,204.8420631569164,216.35035651089387,59.88,0.93089883470645,28.33,17.372242,13.41,18.28,21.78,25.62
s_225_102,square,225,21,4976293.6758555565,525439.5101742857,200.1731102074529,224.84340054195553,216.02197314364798,198.09879674339626,209.78432015911318,61.39555555555555,0.9472274504126249,28.52,18.490402,14.68,19.71,22.76,26.17
s_225_103,square,225,21,4976292.944445817,525437.2591265733,286.1613793683228,321.2631989785385,308.32114632306127,275.096248802676,297.7104933681496,64.32,0.9508706467661692,28.52,18.24789,14.01,19.52,22.85,26.15
s_225_104,square,225,21,4976290.577554183,525437.2591265733,227.74430446465627,258.2448349512944,242.50743247332852,220.67998378682438,237.2941389190259,63.964444444444446,0.938438021122846,28.52,17.042908,12.22,18.23,22.02,25.74
s_225_105,square,225,21,4976289.846144443,525439.5101742857,141.72424873797138,161.6129710327067,150.17480824103004,142.64911834624644,149.04028658948863,61.56444444444445,0.9258590817210511,28.52,16.71596,12.37,17.55,21.39,25.55
s_225_106,square,225,22,4976583.131,525408.7883982823,82.52826507843501,92.0409407361515,85.05216435065631,85.06647262622431,86.17196069786678,55.12,0.7381873891307854,28.65,14.283769,11.245,14.69,17.26,22.843
s_225_107,square,225,22,4976585.045855557,525407.3971742857,107.53969643210601,119.91651210086121,111.0538831973218,108.50295135022691,111.75326077012897,57.57333333333333,0.7525860737995986,26.42,13.502837,10.64,14.32,16.34,19.986
s_225_108,square,225,22,4976584.314445817,525405.1461265733,115.86581471972559,129.22044020408615,119.70254454670004,116.33637761803223,120.281294272136,57.91111111111111,0.7699923254029164,26.45,13.264038,10.55,14.09,16.18,19.963999
s_225_109,square,225,22,4976581.947554183,525405.1461265733,90.62375142004889,101.08829243102944,93.46092778872023,92.68283030817511,94.46395048699341,56.55555555555556,0.7570923379174853,26.47,13.44551,10.532499,14.07,16.43,21.41
s_225_110,square,225,22,4976581.2161444435,525407.3971742857,80.71253268473244,90.0421657580932,83.24699916355053,83.18716816100257,84.29721644184468,57.83555555555556,0.7674633059248444,29.67,14.199173,10.78,14.37,17.44,23.507
s_225_111,square,225,23,4975689.685,526586.8803982822,163.58862427638624,176.2033435175295,179.2051081239609,146.27804943651708,166.31878133859846,48.88,0.8687034006182942,30.27,18.765163,10.952499,22.4,25.35,27.96
s_225_112,square,225,23,4975691.599855556,526585.4891742857,222.0936153484271,229.16326143132918,232.99411630132715,197.55064341074535,220.45040912295718,46.85333333333333,0.8398785809144375,30.27,19.09979,11.262501,22.93,25.53,27.95
s_225_113,square,225,23,4975690.868445816,526583.2381265733,212.1933438803524,218.40237561994158,222.09079378007283,188.23857726719507,210.23127263689048,49.25333333333333,0.794531672983216,30.27,19.216597,11.41,23.07,25.64,27.95
s_225_114,square,225,23,4975688.501554183,526583.2381265733,227.05235523051272,244.7212398671308,249.59415243776914,205.5855895175605,231.7383342632433,51.644444444444446,0.8048192771084337,30.27,19.198246,11.57,22.55,25.4,28.09
s_225_115,square,225,23,4975687.770144443,526585.4891742857,198.17895314016334,213.53072655993086,217.58907077590177,178.54743230613994,201.96154569553397,49.77777777777778,0.8459821428571429,30.27,18.683918,10.89,22.28,25.2,28.0
s_225_116,square,225,24,4975979.232,526255.4123982822,97.88550477791884,99.84845315156029,96.7103956062305,73.14325398036397,91.8969018790184,43.59111111111111,0.6438621533442088,25.78,13.56387,9.82,14.54,17.33,22.133
s_225_117,square,225,24,4975981.146855556,526254.0211742857,155.78718996579033,149.08036760174994,144.00016621688064,123.15951435523098,143.00680953491297,46.284444444444446,0.661897445746111,26.03,14.778216,11.19,15.5,18.63,23.564
s_225_118,square,225,24,4975980.415445817,526251.7701265733,135.81762111941885,132.59536153702487,128.06901171798276,106.18207547313156,125.66601746188951,48.715555555555554,0.6055104461271782,27.7,15.653765,11.75,15.75,20.23,24.752
s_225_119,square,225,24,4975978.048554183,526251.7701265733,23.916031436562633,25.675593325259264,25.72703389587186,21.180964831534965,24.12490587230718,44.586666666666666,0.5189393939393939,26.95,14.4513035,11.092501,14.7,18.2575,23.9075
s_225_120,square,225,24,4975977.317144443,526254.0211742857,19.683772531976526,21.051949498393775,20.977344485685677,17.33033200309841,19.760849629788595,39.577777777777776,0.5335204941044357,25.78,13.095528,9.52,14.16,16.7,22.17
s_225_121,square,225,25,4976208.282,526363.7923982822,72.23939372260234,76.97393076734406,70.46686665095167,69.4716971222664,72.28797206579111,50.16444444444444,0.9642066093736157,20.64,10.086026,7.68,9.52,12.19,17.159
s_225_122,square,225,25,4976210.196855556,526362.4011742857,58.44778720460015,66.14732801795269,59.590396989264356,57.26244193751664,60.36198853733346,49.39555555555555,0.9637394277487853,18.88,9.365918,7.49,9.09,10.95,15.79
s_225_123,square,225,25,4976209.4654458165,526360.1501265733,70.69156960908875,74.76269410204793,69.02136854433544,67.52083807267532,70.49911758203686,48.937777777777775,0.9601307783125965,20.0,9.578169,7.17,9.13,11.53,16.44
s_225_124,square,225,25,4976207.098554183,526360.1501265733,91.05621323727279,97.79088659912202,90.68107229745556,86.4066393534771,91.48370287183187,49.49333333333333,0.9581537356321839,20.86,10.093914,6.95,9.49,13.22,17.6555
s_225_125,square,225,25,4976206.367144443,526362.4011742857,97.12848657022546,104.79416704150964,96.58218169669355,92.52063480082066,97.75636752731234,50.05777777777778,0.9638639794015804,20.86,10.331871,7.36,9.75,13.47,17.7525
s_225_126,square,225,29,4975605.615,524628.8653982822,166.0498561457753,180.45026570026482,182.91080148445783,155.93581191828451,171.3366838121956,19.244444444444444,0.8547344110854503,26.08,16.823156,14.5,18.67,20.7,22.89
s_225_127,square,225,29,4975607.529855557,524627.4741742857,204.44981146727298,222.0594435717323,225.3392080630602,191.9863786245008,210.95871043164158,20.706666666666667,0.8727194676969307,25.6,16.400581,13.48,18.075,20.49,22.5375
s_225_128,square,225,29,4975606.798445817,524625.2231265733,214.30360351641252,232.67290177260088,236.2943060808783,201.3668347488326,221.15941152968108,21.00888888888889,0.8665115295113179,26.08,17.262625,14.93,18.98,21.0425,23.0025
s_225_129,square,225,29,4975604.431554183,524625.2231265733,217.54673972835616,236.11701051903665,239.9521226907362,204.50635793210108,224.53055771755754,20.035555555555554,0.8720053238686779,26.08,17.600637,15.635,19.26,21.27,23.335
s_225_130,square,225,29,4975603.700144444,524627.4741742857,184.16963389135282,199.997184815472,203.02437629085966,172.99424832738438,190.04636083126724,19.648888888888887,0.8574983035512328,26.08,17.555065,15.67,19.23,21.2,23.275002
s_225_131,square,225,30,4977166.833,524594.8123982822,124.68612309463364,135.2195193916362,136.91736151114964,120.6794771207137,129.37562027953328,41.053333333333335,0.7826134026198982,16.67,8.040562,4.93,8.07,11.06,13.72
s_225_132,square,225,30,4977168.747855556,524593.4211742857,101.41325486335397,114.38716206060701,115.5466431406316,100.33635291753365,107.92085324553156,40.32888888888889,0.7954595547718757,16.32,8.194191,5.01,8.3,11.3,13.83
s_225_133,square,225,30,4977168.0164458165,524591.1701265733,100.67861034928443,113.6706317717421,114.5687922938184,99.7446427138423,107.16566928217179,40.01777777777778,0.7950910706352732,16.32,8.211271,4.93,8.51,11.295,13.791
s_225_134,square,225,30,4977165.649554183,524591.1701265733,116.79118662390206,130.34962692271168,130.86355298972623,109.75509247646981,121.93986475320244,39.29333333333334,0.77344191833503,16.67,7.974,4.7625003,8.23,10.98,13.5315
s_225_135,square,225,30,4977164.918144443,524593.4211742857,123.37383433778092,139.1493631944319,139.73118014164268,117.9312451515894,130.0464057063612,40.19555555555556,0.7661432994250331,16.67,7.6533337,4.43,7.8,10.59,13.43
s_225_136,square,225,31,4976243.76,524837.2834982825,229.5518812850163,243.3087683629052,242.40810940950644,217.02871131096313,233.07436759209776,59.54666666666667,0.9655172413793104,30.73,15.996881,12.45,16.58,19.81,24.81
s_225_137,square,225,31,4976245.674855556,524835.892274286,217.57839036344166,232.76775927318687,232.9749113697846,208.96066775388476,223.07043219007448,58.906666666666666,0.9757808963331824,30.83,17.309393,13.84,17.94,21.43,26.61
s_225_138,square,225,31,4976244.943445817,524833.6412265736,222.9132864359281,230.83857978637536,235.1276177609634,209.9554546345598,224.70873465445666,56.382222222222225,0.9807661989594829,30.83,17.59597,13.97,18.195,21.64,26.89
s_225_139,square,225,31,4976242.576554183,524833.6412265736,231.4623499158733,240.75819138587605,243.94612305867986,218.05338530304027,233.55501241586737,55.55555555555556,0.97576,30.4,16.05484,12.13,16.9,20.1,24.3
s_225_140,square,225,31,4976241.845144443,524835.892274286,258.44370862275656,273.1501760783718,272.0879432428086,245.70321713325998,262.34626126929925,57.266666666666666,0.9682576639503299,27.8,15.305167,11.66,16.21,19.25,22.942501
s_225_141,square,225,32,4975778.346899999,525030.1287982818,188.21547030039366,198.52004150766192,196.4475982936351,182.18279981736006,191.3414774797627,65.49333333333334,0.9725162866449512,27.65,19.890636,16.57,21.45,23.4,25.33
s_225_142,square,225,32,4975780.261755556,525028.7375742852,136.1192965804583,137.73935227394452,134.84796380476615,140.59294333249707,137.3248889979165,64.37333333333333,0.9754211543772439,27.65,19.5471,15.99,20.96,23.11,25.17
s_225_143,square,225,32,4975779.530345816,525026.4865265728,184.1631859310131,190.51856073725727,187.19623491543615,181.0476946013012,185.73141904625192,66.26222222222222,0.9792742638674626,27.65,19.472939,15.84,20.95,23.22,25.14
s_225_144,square,225,32,4975777.163454182,525026.4865265728,211.65316870315965,223.22990689431347,219.61615964770377,207.50588478513092,215.50128000757695,65.74222222222222,0.975797728501893,27.65,19.600487,16.0,21.28,23.29,25.07
s_225_145,square,225,32,4975776.432044443,525028.7375742852,200.4561495702197,210.83008861679633,208.0268360978812,193.57922339035386,203.22307441881276,65.32888888888888,0.9702700864004354,27.65,19.703917,16.3425,21.35,23.2875,25.21
s_225_146,square,225,33,4975431.0747,525198.5842982819,113.73268115135566,126.98740451537506,118.13310345367832,109.9130377929629,117.19155672834297,60.68888888888889,0.9258147198828268,21.25,12.976319,10.67,13.81,16.06,18.45
s_225_147,square,225,33,4975432.989555556,525197.1930742854,128.54345864460947,143.42519363195044,133.7297839178607,123.76809081056429,132.36663175124622,61.32888888888889,0.9334009710848612,21.25,13.072115,10.56,13.77,16.19,18.69
s_225_148,square,225,33,4975432.258145817,525194.942026573,138.64291858658243,154.72659570105566,143.78497359187048,134.03686052884507,142.7978371020884,59.12,0.9360998346113366,21.25,12.976066,10.34,13.74,16.23,18.72
s_225_149,square,225,33,4975429.891254183,525194.942026573,193.7217556330096,215.74999214675753,201.151020703057,184.85372599775457,198.86912362014465,59.29333333333334,0.9347125402893336,21.25,12.98857,10.52,13.76,16.12,18.5655
s_225_150,square,225,33,4975429.159844443,525197.1930742854,183.62229569103664,204.44859007765228,191.09583102904725,174.58495627947377,188.4379182693025,61.346666666666664,0.93515902340071,21.25,13.004022,10.54,13.79,16.08,18.57
s_225_151,square,225,34,4975783.509400001,525502.8125982825,23.326964384491124,25.30314100568422,23.088398853365177,25.551558254974594,24.31751562462878,40.955555555555556,0.5434617471513836,33.65,22.866621,20.877499,24.71,27.8,31.0465
s_225_152,square,225,34,4975785.424255557,525501.421374286,23.326964384491124,25.30314100568422,23.088398853365177,25.551558254974594,24.31751562462878,39.275555555555556,0.5806269095847006,33.65,22.900558,20.41,24.41,27.79,30.994999
s_225_153,square,225,34,4975784.692845818,525499.1703265735,23.326964384491124,25.30314100568422,23.088398853365177,25.551558254974594,24.31751562462878,45.791111111111114,0.6818402407065903,33.65,24.11731,22.18,25.71,28.69,31.33
s_225_154,square,225,34,4975782.325954184,525499.1703265735,83.20014144471443,89.71017266561088,89.74871972883824,80.40003095952328,85.76476619967171,50.81777777777778,0.7036907468952248,33.65,24.468187,23.0,26.48,28.91,31.25
s_225_155,square,225,34,4975781.594544444,525501.421374286,83.20014144471443,89.71017266561088,89.74871972883824,80.40003095952328,85.76476619967171,48.28,0.6341710393077419,33.65,23.615541,21.76,25.69,28.27,30.75
s_225_156,square,225,35,4975143.703,524714.8329982823,32.85152375055701,58.3313949590081,57.252906520026826,52.780491231122184,50.30407911517854,12.973333333333333,0.670777663583419,25.58,14.0554495,10.51,14.68,18.0975,21.8775
s_225_157,square,225,35,4975145.617855556,524713.4417742857,26.078037247233368,42.24919695245231,41.06265712677761,37.612828594515776,36.75067998024477,11.733333333333333,0.7068181818181818,22.81,13.558723,10.47,14.38,17.4475,19.8175
s_225_158,square,225,35,4975144.886445817,524711.1907265733,27.709255558249126,44.81630662571152,43.909868353631715,40.159834943479765,39.14881637026804,11.408888888888889,0.7117257499026101,24.41,13.4585,10.3,13.84,17.455,20.02
s_225_159,square,225,35,4975142.519554183,524711.1907265733,34.482742061572765,60.898504632267304,60.100117746880926,55.32749758008617,52.70221550520179,11.373333333333333,0.6764361078546307,26.25,13.866089,10.205,13.89,17.97,22.154999
s_225_160,square,225,35,4975141.788144443,524713.4417742857,32.85152375055701,58.3313949590081,57.252906520026826,52.780491231122184,50.30407911517854,12.977777777777778,0.6842465753424658,26.25,14.636736,10.512501,15.025,18.8275,23.661499
s_225_161,square,225,36,4976621.261,525711.7140982822,56.998415140533595,62.82265681001981,59.874565276772856,53.778264988899465,58.36847555405643,47.16444444444444,0.7919336600075386,21.93,12.136605,7.31,13.04,16.67,18.88
s_225_162,square,225,36,4976623.1758555565,525710.3228742856,56.84862463129712,62.65294952322262,59.72971956467049,53.61382235469997,58.21127901847255,44.093333333333334,0.784699123072271,21.16,11.386828,7.1,12.04,15.72,17.84
s_225_163,square,225,36,4976622.444445817,525708.0718265732,36.76365887969445,49.37494010955692,40.406854990580285,37.68806459270615,41.05837964313445,42.413333333333334,0.7604526878340144,21.27,11.167934,6.94,11.51,15.7,18.02
s_225_164,square,225,36,4976620.077554183,525708.0718265732,40.63574298670246,53.620089032057834,44.50547116665052,41.34875097862516,45.02751354100899,43.13777777777778,0.7597362456212652,21.88,11.889112,7.23,12.25,16.5175,19.02
s_225_165,square,225,36,4976619.346144443,525710.3228742856,64.51198463389909,71.41107020868651,67.07910179499618,61.91422739527696,66.22909600821468,45.355555555555554,0.7770700636942676,21.88,12.275386,7.5,12.895,16.84,19.3455
s_225_166,square,225,37,4976493.278200001,526113.8962982818,192.45899696019205,205.36663977878584,209.0556898377939,179.30206816260383,196.54584868484392,35.217777777777776,0.9357647652700656,27.73,18.99517,17.39,20.33,22.89,25.373001
s_225_167,square,225,37,4976495.193055558,526112.5050742853,267.0422728342044,266.8621361835437,273.47371716162553,240.9593071697944,262.084358337292,34.40888888888889,0.9496254197881684,28.81,19.410645,17.9,20.84,23.26,25.59
s_225_168,square,225,37,4976494.461645818,526110.2540265729,265.8359201279382,268.2364123185574,270.4800853421129,240.30070971291323,261.21328187538046,34.98222222222222,0.9570575530428154,27.73,19.518211,18.08,20.92,23.23,25.44
s_225_169,square,225,37,4976492.094754185,526110.2540265729,197.75261375211988,194.64336752335345,195.18293589967533,176.94377197407076,191.13067228730486,36.92,0.9471530034910317,27.73,19.0172,17.2,20.39,23.01,25.2365
s_225_170,square,225,37,4976491.363344445,526112.5050742853,242.11144988433048,215.0486791539588,219.4888816673586,207.9755617520884,221.1561431144341,36.586666666666666,0.935131195335277,27.73,18.69573,16.9,20.14,22.8,25.231499
s_225_171,square,225,38,4976145.162599999,526064.6623982824,196.37939361602884,217.57235120770954,207.09912732275794,195.402795790173,204.11341698416732,52.52,0.8911737327578911,26.14,15.816135,13.225,16.57,18.7,22.19
s_225_172,square,225,38,4976147.077455556,526063.2711742859,191.93493314356152,209.7969616730826,202.11900534012997,192.75681601703405,199.15192904345201,52.48,0.903370596205962,25.51,15.06607,12.21,15.96,18.29,21.37
s_225_173,square,225,38,4976146.346045816,526061.0201265735,162.68788227331711,178.05985248726057,172.15993062712388,161.34393912347264,168.56290112779357,49.56,0.9109496906107075,25.7,14.52794,11.61,15.31,17.97,21.09
s_225_174,square,225,38,4976143.979154183,526061.0201265735,170.9520072806602,189.49400021454906,181.42979761686817,163.95853601760106,176.45858528241965,48.906666666666666,0.9070338058887677,25.97,14.909947,12.01,15.74,18.28,21.18
s_225_175,square,225,38,4976143.247744443,526063.2711742859,194.44470053542324,214.9918856022411,205.6649162118927,188.96482067126448,201.01658075520538,51.81333333333333,0.8813690169840452,26.14,15.689349,12.92,16.53,18.76,22.343
s_225_176,square,225,39,4976667.816199999,524717.9233982824,228.40307038285164,246.57595349285802,253.5767725032972,208.01468985576474,234.1426215586929,41.986666666666665,0.8461945591192971,30.84,19.083347,14.85,20.935001,24.99,28.09
s_225_177,square,225,39,4976669.731055556,524716.5321742859,123.64737382620754,137.32481047933865,136.13121649650358,113.92847522328546,127.75796900633381,36.791111111111114,0.7791737134573569,30.84,16.739246,6.7825003,18.74,24.28,28.05
s_225_178,square,225,39,4976668.999645816,524714.2811265734,10.902449498202548,11.868275867267355,10.879727746511133,11.396458645029368,11.261727939252602,34.64888888888889,0.7252437147255003,30.84,15.669576,6.22,16.895,23.59,28.37
s_225_179,square,225,39,4976666.632754182,524714.2811265734,129.28087373131993,139.13201605256407,142.649991795349,116.35954843755252,131.85560750419637,37.022222222222226,0.7599039615846338,30.84,17.880178,13.512501,19.52,24.03,28.32
s_225_180,square,225,39,4976665.901344443,524716.5321742859,239.04643905041024,258.3237815817569,264.57462262004634,218.19505059273428,245.03497346123697,40.48,0.8241106719367589,30.84,19.279964,14.9725,20.625,24.59,28.115002
s_225_181,square,225,40,4975142.120300001,525338.4476982821,258.47156024953443,312.72255885258517,282.5219847132246,250.14392108576828,275.9650062252781,56.937777777777775,0.9239715869174928,30.77,16.476292,11.86,16.25,21.3,26.572
s_225_182,square,225,40,4975144.035155558,525337.0564742855,257.0582638810052,308.5524953923396,281.00431543992914,246.84223766077292,273.36432809351174,55.04888888888889,0.9137736153721944,30.77,16.681604,11.85,16.32,21.63,27.913
s_225_183,square,225,40,4975143.303745818,525334.8054265731,239.52479351002,279.396873913929,261.23693344902966,228.32245759793366,252.12026461772808,56.373333333333335,0.9039735099337748,30.77,16.202316,11.202499,16.07,21.17,27.65
s_225_184,square,225,40,4975140.936854185,525334.8054265731,248.67393535069328,294.78530041940854,271.26633870752084,238.60388675073494,263.3323653070894,58.22222222222222,0.9030534351145039,30.77,15.720329,11.05,15.72,20.57,25.3365
s_225_185,square,225,40,4975140.205444445,525337.0564742855,271.853991757983,335.99626792484764,297.4730927936927,264.9479339407946,292.5678216043295,58.57333333333333,0.9105394946505805,30.77,16.098524,11.65,16.125,20.83,24.7305
s_225_186,square,225,41,4975247.676100001,526353.9459982822,147.78740911112803,163.74792374067846,160.71095681760556,142.0946529400587,153.5852356523677,31.355555555555554,0.847909284195606,30.56,16.219223,8.39,17.1,24.2575,27.9995
s_225_187,square,225,41,4975249.590955557,526352.5547742856,227.45187490403595,251.58833767572744,246.68340671096917,217.39684059594043,235.78011497166824,32.45333333333333,0.839906874828814,30.56,16.880152,8.27,19.19,24.58,27.95
s_225_188,square,225,41,4975248.859545818,526350.3037265732,215.71888147867213,238.5413091639347,235.14873399435461,204.29999464332954,223.42722982007277,34.14222222222222,0.8582400416558188,30.56,17.15015,8.43,19.6,24.61,27.824
s_225_189,square,225,41,4975246.492654184,526350.3037265732,250.1558567184088,274.2330946915046,273.62074652158935,236.78124257019465,258.6977351254244,33.54222222222222,0.8678945276268716,30.56,16.361946,8.41,17.695,24.23,27.3855
s_225_190,square,225,41,4975245.761244444,526352.5547742856,260.0276041543699,285.3965480742653,283.2256651078161,248.00994901902655,269.16494158886945,31.893333333333334,0.8620401337792643,30.27,15.209256,8.36,14.06,22.8175,27.11
s_225_191,square,225,42,4976260.5759,526707.6485982826,133.04159667412256,145.81336812873354,143.43093116773443,126.65688030639585,137.2356940692466,16.808888888888887,0.9161819143310418,27.51,15.300522,12.22,15.73,18.71,22.52
s_225_192,square,225,42,4976262.490755556,526706.2573742861,101.93462128509734,112.29694797059942,108.9074973742874,97.20045003293684,105.08487916573024,17.075555555555557,0.913846954711088,26.61,14.947083,12.1,15.47,18.05,21.77
s_225_193,square,225,42,4976261.759345816,526704.0063265737,75.1803390154657,82.9700616459376,79.75664134481043,72.18070539645954,77.52193685066831,16.213333333333335,0.9067982456140351,22.98,14.465042,11.8975,15.29,17.53,20.23
s_225_194,square,225,42,4976259.392454183,526704.0063265737,72.3322359278909,79.7654606927809,76.80459905850314,69.50983849349245,74.60303354316684,15.804444444444444,0.9038245219347582,22.66,14.72593,12.2925,15.47,17.9275,20.1135
s_225_195,square,225,42,4976258.661044443,526706.2573742861,86.53571827252826,95.37649111468477,92.25382778455726,82.73491829342652,89.2252388662992,15.817777777777778,0.9050295026692892,26.61,15.075013,12.42,15.6,18.26,21.36
s_225_196,square,225,43,4976353.940300001,526482.5636982825,144.35926838127807,161.2005405591097,149.35390557465237,138.32795390089223,148.3104171039831,55.17777777777778,0.9579540877970197,25.08,15.509721,12.54,16.45,19.17,22.16
s_225_197,square,225,43,4976355.855155557,526481.1724742859,163.44645770692335,175.86344929165878,164.26019394692216,154.41776754646503,164.49696712299234,55.49333333333333,0.9553099471407976,23.83,15.789249,12.5275,16.88,19.71,22.12
s_225_198,square,225,43,4976355.123745818,526478.9214265735,143.9926551919555,155.04933006344658,145.15890458896266,136.9476255419138,145.28712884656963,56.25333333333333,0.9488820415580311,24.15,15.966142,12.65,16.94,19.9375,22.28
s_225_199,square,225,43,4976352.756854184,526478.9214265735,139.39530954598433,156.0004129885256,144.95600878395902,134.4526322940354,143.70109090312607,57.74666666666667,0.9525128915569923,26.25,16.111427,12.72,16.93,20.06,22.98
s_225_200,square,225,43,4976352.025444444,526481.1724742859,164.03704893337905,176.06687007482364,164.54812880401846,154.85476093693936,164.87670218729014,58.50222222222222,0.9588239762971967,26.25,15.911806,12.52,16.76,19.83,23.1
s_250_001,square,250,1,4974552.016,525143.3766601125,167.9287812228352,186.53171621392843,185.4221895785747,157.3740055448526,174.31417314004773,45.432,0.7847332276809298,28.8,19.888687,17.98,21.4,23.94,26.264
s_250_002,square,250,1,4974553.385198131,525142.381879441,238.43699009086384,259.3834957073138,263.61195931818634,220.4325662249465,245.46625283532762,47.076,0.7960744328320163,28.8,19.802261,17.55,21.6,23.87,26.426
s_250_003,square,250,1,4974552.8622109825,525140.7722905029,209.48890627301662,232.16259812981693,230.5178182468905,196.26123741421836,217.10764001598562,48.564,0.8403755868544601,28.8,19.67021,17.4,21.72,24.05,26.359001
s_250_004,square,250,1,4974551.169789017,525140.7722905029,196.3869864658611,217.68792073565493,216.54838429647356,183.95842933184247,203.64543020745802,48.328,0.8568117861281245,28.8,19.515007,17.5075,21.3,23.81,26.12
s_250_005,square,250,1,4974550.646801868,525142.381879441,163.28021632065744,181.8190637128748,180.14282377896293,153.23018028766097,169.61807102503906,47.48,0.8251053074978939,28.8,19.624186,17.89,21.2,23.64,26.11
s_250_006,square,250,2,4975569.679,524906.8916601125,70.12251944361408,76.59719722990563,76.5646327592671,66.14406616375669,72.35710389913588,49.324,0.7747952315302895,32.86,19.080816,11.442499,21.08,25.51,29.7
s_250_007,square,250,2,4975571.048198131,524905.896879441,103.94896772904546,112.65810951703332,113.95534561796487,96.9981690058244,106.89014796746702,50.6,0.7725691699604743,32.4,17.919504,10.48,19.16,24.56,29.294
s_250_008,square,250,2,4975570.525210982,524904.2872905029,107.35347047306246,117.90977861133982,117.67501969619718,100.88098933494273,110.95481452888555,51.476,0.8031704095112285,31.7,18.64261,11.0275,20.63,25.09,29.27
s_250_009,square,250,2,4975568.832789017,524904.2872905029,163.41917295385358,178.09325552564164,179.2543735749494,151.31138552840963,168.01954689571357,51.14,0.8236996480250294,31.7,19.62885,12.66,21.94,25.695,29.404999
s_250_010,square,250,2,4975568.309801868,524905.896879441,178.09537844859415,194.812302365993,192.36694877389357,161.82148660182605,181.77402904757668,49.232,0.802811179720507,32.4,19.83827,13.05,21.97,25.94,29.5
s_250_011,square,250,3,4975188.667,525007.3876601125,137.1786877992575,166.31573459128558,145.21469804886982,134.635689573135,145.83620250313697,50.332,0.7974250973535723,26.3,10.818656,7.15,9.15,12.71,23.3
s_250_012,square,250,3,4975190.036198132,525006.3928794409,190.75187296428248,221.87351663652566,204.248651933681,184.0422739773521,200.22907887796032,51.544,0.7848828185627813,26.53,11.630741,7.31,9.71,15.7875,23.96
s_250_013,square,250,3,4975189.513210983,525004.7832905028,191.53611820723725,217.32929311805148,196.22765188172576,183.38754514971268,197.12015208918177,51.704,0.7819897880241374,26.3,11.484069,7.33,9.665,15.54,23.83
s_250_014,square,250,3,4975187.820789018,525004.7832905028,155.6105038929066,184.19128983120066,154.3163428510129,149.51518464754292,160.90833030566577,50.388,0.7767722473604827,26.3,10.525371,7.09,9.19,12.67,21.94
s_250_015,square,250,3,4975187.297801869,525006.3928794409,158.68468034254755,195.20493815894784,166.48735681303498,155.21068568385587,168.8969152495966,49.628,0.7810913194164585,25.92,9.932108,6.88,8.88,11.48,20.4
s_250_016,square,250,4,4974882.089,525126.3996601125,84.19064061162432,94.73645179519636,90.10230393855666,83.19964463916781,88.05726024613628,51.552,0.8529639975170702,21.96,10.04041,5.95,9.63,13.91,17.92
s_250_017,square,250,4,4974883.458198131,525125.4048794409,75.74780353445357,85.1366175622806,81.95317067196927,74.00459096193282,79.21054568265907,50.892,0.8687416489821583,20.9,10.045311,5.81,9.95,13.96,17.7
s_250_018,square,250,4,4974882.935210982,525123.7952905028,125.70493938478164,139.20245025761744,137.01414184683193,120.6371133657514,130.6396612137456,51.536,0.8820242160819621,20.84,10.129922,5.98,10.205,13.8825,17.57
s_250_019,square,250,4,4974881.242789017,525123.7952905028,128.14299276322447,141.88956448736087,139.37557009089113,123.24061264030061,133.16218499544428,51.42,0.8770128354725788,21.07,10.198302,6.15,10.1,14.01,17.9435
s_250_020,square,250,4,4974880.719801868,525125.4048794409,84.2841784293576,93.69805622847223,90.0130813603148,82.61602134826106,87.65283434160142,50.46,0.8525564803804994,21.17,9.900355,5.94,9.38,13.64,17.64
s_250_021,square,250,5,4975907.399,524770.4956601125,73.34070742476806,95.7986069323889,83.90788891053232,80.7922272150559,83.4598576206863,48.732,0.8444553886563244,28.425,13.230068,9.345,13.525,17.655,21.7115
s_250_022,square,250,5,4975908.768198132,524769.5008794409,65.37865914618189,80.74171866439143,74.83422686343536,72.02716142593891,73.24544152498689,48.652,0.8534078763462961,25.435,12.900436,9.135,13.4,17.205,20.715
s_250_023,square,250,5,4975908.245210983,524767.8912905029,72.59754647779732,99.80869618845809,89.61952315351277,86.58702668185349,87.15319812540542,49.8,0.868995983935743,23.895,12.912411,9.41,13.515,16.905,20.305
s_250_024,square,250,5,4975906.552789018,524767.8912905029,73.12695708182387,98.57782453694567,87.58538484079332,85.2855371786697,86.14392590955815,50.408,0.864069195365815,28.425,13.177354,9.575,13.515,16.985,21.361
s_250_025,square,250,5,4975906.029801869,524769.5008794409,82.72544006337135,104.64688730890478,90.41838664752322,89.05519755921131,91.71147789475266,51.072,0.8477443609022557,29.835,13.446206,9.575,13.515,17.545,22.955
s_250_026,square,250,6,4976225.143,524509.2756601125,120.40897963521445,134.367720388035,125.69065205075981,113.51444665916965,123.49544968329472,18.292,0.9639186529630439,24.82,15.564627,12.737499,15.69,18.62,22.82
s_250_027,square,250,6,4976226.5121981315,524508.280879441,132.46818907490604,148.6077625064677,137.18173710648827,123.69471605457208,135.4881011856085,18.388,0.9575810311072439,24.82,15.529383,12.8325,15.8,18.36,22.629
s_250_028,square,250,6,4976225.989210983,524506.6712905029,187.76067426428432,209.330974820365,196.4463952660251,175.08658519349208,192.15615738604163,18.716,0.9527676854028638,25.99,15.724658,13.08,16.075,18.5875,22.811499
s_250_029,square,250,6,4976224.2967890175,524506.6712905029,182.14090496109836,203.9131080781853,189.0124823540528,169.66564134984182,186.18303418579458,18.856,0.9463300806109461,25.66,15.835857,13.16,16.26,18.85,22.76
s_250_030,square,250,6,4976223.773801869,524508.280879441,179.28429506327464,200.35231327622907,187.31461362239418,168.04515034401263,183.74909307647764,18.704,0.9548759623609923,26.4,15.861646,12.99,16.25,18.93,22.904
s_250_031,square,250,7,4976269.182,525026.0206601125,168.92539913099444,197.8290503275959,183.01714119920473,156.9888123089783,176.69010074169336,55.372,0.9358520551903489,23.14,14.356169,11.45,13.63,18.16,21.6
s_250_032,square,250,7,4976270.551198131,525025.025879441,174.5457782858213,218.9884070906332,193.21911449555077,167.787320080341,188.63515498808658,55.668,0.9382769274987426,23.14,14.128406,11.19,13.38,17.83,21.59
s_250_033,square,250,7,4976270.028210983,525023.4162905029,172.24493405059758,216.45599546231495,190.83979140394402,164.47395025914932,186.00366779400147,53.044,0.9496267249830329,23.14,13.3234415,10.57,12.82,16.11,21.19
s_250_034,square,250,7,4976268.335789017,525023.4162905029,102.29925973011908,121.27768030231664,103.55264986590974,101.94490450726366,107.26862360140228,51.416,0.9509102224988331,23.14,13.021272,10.39,12.7,15.55,20.87
s_250_035,square,250,7,4976267.812801869,525025.025879441,116.90082606196984,143.376338470575,119.59760500224435,116.96464352635923,124.2098532652871,53.548,0.9433032046014791,23.14,13.705021,11.05,13.2,16.67,21.39
s_250_036,square,250,8,4976535.25,524985.1926601125,95.16071874823781,101.02304620596597,96.62062751832492,85.92265550108422,94.68176199340323,56.216,0.8878611071581044,27.01,12.20531,8.14,11.43,16.42,21.77
s_250_037,square,250,8,4976536.619198131,524984.197879441,103.46460934855416,109.45794890440942,104.65131619924372,90.56457907181712,102.0346133810061,54.14,0.889176209826376,28.47,12.547116,8.18,11.63,17.045,22.376001
s_250_038,square,250,8,4976536.096210983,524982.5882905029,86.39580606339453,91.74363902202015,84.46083261530859,74.85282405559951,84.3632754390807,56.468,0.8790111213430616,33.06,13.259887,8.38,12.82,18.0,23.828
s_250_039,square,250,8,4976534.403789017,524982.5882905029,94.00640581976516,100.07102969566691,92.26336362367718,83.34555591091643,92.42158876250642,58.62,0.8752644148754691,33.06,13.1572485,8.34,12.82,17.83,23.68
s_250_040,square,250,8,4976533.880801869,524984.197879441,110.57333775848218,117.25457135574209,111.90810775222779,97.97749316871231,109.4283775087911,57.2,0.881958041958042,29.0,12.54608,8.22,11.9,17.04,21.88
s_250_041,square,250,9,4976764.273,524972.7036601125,217.72782142857602,263.375399093238,236.42101850392902,181.08002605720995,224.65106627073826,55.08,0.9108206245461148,32.98,15.721994,10.42,15.08,20.61,28.21
s_250_042,square,250,9,4976765.642198131,524971.7088794409,217.72782142857602,263.375399093238,236.42101850392902,181.08002605720995,224.65106627073826,54.188,0.9004945744445265,32.98,16.23558,10.66,15.69,21.64,28.303
s_250_043,square,250,9,4976765.119210983,524970.0992905028,217.72782142857602,263.375399093238,236.42101850392902,181.08002605720995,224.65106627073826,53.804,0.8644710430451268,32.98,16.381723,10.28,15.77,22.74,28.883
s_250_044,square,250,9,4976763.426789017,524970.0992905028,217.72782142857602,263.375399093238,236.42101850392902,181.08002605720995,224.65106627073826,55.048,0.846969917163203,32.98,15.921428,9.717501,15.15,22.16,28.87
s_250_045,square,250,9,4976762.903801869,524971.7088794409,169.23598566684763,201.0865914808717,184.57059485316844,142.52422204564877,174.35434851163416,54.94,0.8726610848198034,32.98,15.188853,9.61,14.31,20.03,28.4125
s_250_046,square,250,10,4975957.068,525211.9166601124,245.42759401426142,285.5324920351598,254.67886137407518,252.29069153460864,259.48240973952625,55.904,0.9736691471093303,23.6,15.155608,12.99,15.66,17.73,19.8
s_250_047,square,250,10,4975958.437198131,525210.9218794409,277.39898673988677,324.7518517580886,288.4537596098269,282.7847344445519,293.3473331380885,55.2,0.9698550724637681,23.6,15.814712,14.0,16.505001,18.14,20.04
s_250_048,square,250,10,4975957.914210983,525209.3122905028,255.136234807388,299.50296590594286,265.5368920995536,261.2185297019498,270.34865562870857,53.932,0.9679596528962398,23.6,16.105623,14.34,16.84,18.34,20.15
s_250_049,square,250,10,4975956.221789017,525209.3122905028,259.8062167671793,303.9273290219307,269.4962056390624,268.8441000378993,275.5184628665179,54.344,0.9737965552774915,23.6,15.768014,13.76,16.43,18.1675,20.0
s_250_050,square,250,10,4975955.698801869,525210.9218794409,277.92026159881664,324.29049753691,288.09369242723835,288.6391023015126,294.7358884661194,55.548,0.975084611507165,23.6,15.17577,13.07,15.65,17.7,19.76
s_250_051,square,250,11,4975613.36,525389.6596601125,224.3575132773856,251.69132013952802,236.94141103040633,221.15980847446863,233.53751323044713,66.148,0.8680534558867993,28.96,15.39971,11.53,15.27,18.95,25.73
s_250_052,square,250,11,4975614.729198132,525388.6648794409,208.53544014027506,234.67510372432233,221.175626849215,203.54573691145288,216.9829769063163,64.908,0.8561040241572687,28.96,14.997943,10.94,14.96,18.17,25.5
s_250_053,square,250,11,4975614.206210983,525387.0552905028,204.7209527181451,229.59835431183814,217.4638331419302,198.16065681825623,212.4859492475424,61.124,0.8681369020352071,28.96,14.026824,9.85,13.97,17.29,25.0
s_250_054,square,250,11,4975612.513789018,525387.0552905028,230.91870521953254,258.2484502334444,243.78532009185722,225.9928797649219,239.736338827439,60.352,0.892762460233298,28.96,13.979939,9.94,13.81,17.33,24.98
s_250_055,square,250,11,4975611.990801869,525388.6648794409,234.73319264166253,263.3251996459286,247.49711379914197,231.37795985811852,244.2333664862129,64.22,0.8962939894113984,28.96,14.774759,10.73,14.605,18.21,25.47
s_250_056,square,250,12,4975652.244,525879.8036601124,254.04946528503956,243.64062448987545,225.45425399256825,235.35613388562595,239.6251194132773,44.736,0.9297210300429185,26.27,16.170237,11.952499,16.66,20.807499,24.321499
s_250_057,square,250,12,4975653.613198131,525878.8088794409,237.14614106011953,226.07081542926696,209.15268004534,219.85108160028332,223.05517953375244,44.636,0.9276816919078771,26.27,16.214823,11.82,16.765,21.04,24.45
s_250_058,square,250,12,4975653.090210983,525877.1992905028,230.68237041669587,220.21046251426472,203.35748694750697,215.67734224091637,217.48191552984596,43.9,0.9251025056947608,26.27,16.458466,11.82,17.37,21.35,24.473999
s_250_059,square,250,12,4975651.397789017,525877.1992905028,253.90720785572177,246.63762934775212,224.6288677895252,235.1238497124749,240.0743886763685,43.916,0.9233081337098097,26.27,16.557917,12.1,17.54,21.22,24.33
s_250_060,square,250,12,4975650.874801869,525878.8088794409,253.52025587470285,244.4232193938973,224.15568155855894,233.10644617878307,238.80140075148557,45.28,0.9221731448763251,26.27,16.407867,12.12,17.22,21.045,24.28
s_250_061,square,250,13,4975983.789,525689.0126601125,216.67187290608865,235.86687322054146,238.1449690898425,200.4557463802118,222.7848653991711,40.72,0.8955795677799607,32.11,16.416824,9.62,16.1,23.63,28.03
s_250_062,square,250,13,4975985.158198131,525688.0178794409,184.04056135316534,201.04413211038374,201.46361141694118,169.97713892149082,189.13136095049526,41.192,0.9189162944261021,32.11,16.66019,10.41,16.51,23.5,28.08
s_250_063,square,250,13,4975984.6352109825,525686.4082905028,151.51331979592263,165.90369180508546,165.66025725201922,139.35444947382524,155.60792958171314,37.276,0.9249919519261723,32.11,16.982048,11.24,17.095001,23.34,28.281
s_250_064,square,250,13,4975982.942789017,525686.4082905028,150.54102521832434,164.84854374066185,164.69189344718583,138.35531017388467,154.60919314501416,35.136,0.9045992714025501,32.11,17.083113,11.13,17.1,23.69,28.6875
s_250_065,square,250,13,4975982.4198018685,525688.0178794409,183.06826677556703,199.98898404596008,200.49524761210776,168.97799962155028,188.13262451379626,36.792,0.883235485975212,32.11,16.385319,9.75,16.08,23.4525,28.13
s_250_066,square,250,14,4976328.71,525886.0616601125,136.52795516856654,157.7718021933087,141.4859374134486,134.8111753687152,142.64921753600976,45.948,0.8933577087141986,17.53,10.097466,8.2,10.37,12.23,14.35
s_250_067,square,250,14,4976330.079198131,525885.0668794409,124.62791052142595,142.755281277534,129.06634876268367,122.02362247217992,129.61829075845588,46.456,0.8892715687962803,17.53,10.243575,8.39,10.52,12.37,14.52
s_250_068,square,250,14,4976329.556210983,525883.4572905028,129.76070198001253,149.82345151516233,134.69974735692958,128.35930533379104,135.66080154647386,43.976,0.8886665453883936,17.53,10.32589,8.43,10.63,12.51,14.58
s_250_069,square,250,14,4976327.863789017,525883.4572905028,103.98208464667778,120.20088327808801,107.7247687377512,102.85971407036625,108.6918626832208,41.484,0.8934528975026517,17.53,10.212163,8.28,10.48,12.39,14.48
s_250_070,square,250,14,4976327.340801869,525885.0668794409,123.62957024972035,143.21065091520418,127.7399959999807,123.67033251235696,129.56263741931554,43.072,0.8912518573551264,17.53,10.047147,8.09,10.29,12.21,14.44
s_250_071,square,250,15,4976514.12,524475.4296601125,109.5909002550479,123.72908946978112,109.70517357935606,109.7491363148559,113.19357490476024,17.176,0.843735444806707,22.61,13.201406,10.595,13.58,16.485,19.368
s_250_072,square,250,15,4976515.4891981315,524474.4348794409,87.58297079438972,98.64068619246919,88.24762294870595,86.38215675601703,90.21335917289548,17.656,0.8323516085183507,22.61,13.243382,10.35,13.67,16.59,19.3735
s_250_073,square,250,15,4976514.966210983,524472.8252905029,92.93514848411093,104.70755746956515,93.57741084130407,91.82158380343535,95.76042514960386,17.732,0.8314910895556057,22.61,13.253106,10.44,13.79,16.5775,19.227499
s_250_074,square,250,15,4976513.273789017,524472.8252905029,124.20574385576175,139.73322008796404,125.62866488620887,121.94174260735107,127.87734285932143,17.98,0.8464961067853171,22.61,13.392691,11.05,14.08,16.5,19.147999
s_250_075,square,250,15,4976512.750801869,524474.4348794409,125.92603753483935,141.75115938802955,127.10272903813913,124.17892387024762,129.73971245781394,17.772,0.8476254782804411,22.61,13.253534,11.02,13.84,16.24,19.0375
s_250_076,square,250,16,4975318.712,525554.4646601125,111.20247288190527,120.71171268895618,122.63783325906267,104.4788301589138,114.75771224720948,67.904,0.857504712535344,22.29,15.493524,13.92,15.99,17.72,19.55
s_250_077,square,250,16,4975320.081198132,525553.469879441,96.87446789326515,105.03213893833029,106.97183330601634,90.8662795647245,99.93617992558407,66.472,0.8425201588638825,22.29,15.653369,14.09,16.04,17.78,19.69
s_250_078,square,250,16,4975319.558210983,525551.8602905029,97.3381495601403,105.53824571942222,107.48023217750374,91.29887941054947,100.41387671690394,69.172,0.8276759382409067,22.97,15.963056,14.33,16.34,18.17,20.35
s_250_079,square,250,16,4975317.865789018,525551.8602905029,121.66206513931013,131.9688195941108,134.2775167610394,114.05414400872024,125.49063637579515,70.82,0.8308387461169161,22.97,15.93219,14.26,16.41,18.27,20.45
s_250_080,square,250,16,4975317.342801869,525553.469879441,135.14116932315744,146.55252042837623,149.19452069854916,126.63451096178385,139.38068035296666,69.848,0.8511625243385638,22.29,15.6869,14.13,16.19,18.0,19.91
s_250_081,square,250,17,4975371.046,526079.3316601125,94.06234886095065,112.31406437178208,98.66895795517388,93.07604803626198,99.53035480604214,33.0,0.8167272727272727,19.51,12.473713,10.48,13.13,14.99,17.0215
s_250_082,square,250,17,4975372.415198131,526078.3368794409,124.61712667006319,146.20941465516768,129.42302015528642,124.86515257233202,131.27867851321233,34.444,0.8367204738125653,19.51,12.541689,10.55,13.21,15.06,17.16
s_250_083,square,250,17,4975371.892210983,526076.7272905029,118.35997040022009,139.32965995656545,123.16057524419863,118.46109113660378,124.82782418439699,32.708,0.850189556071909,19.51,12.634152,10.6075,13.43,15.24,17.2445
s_250_084,square,250,17,4975370.199789017,526076.7272905029,90.8734546730637,109.22968128766044,95.45367782243623,89.53785499868721,96.27366719546191,31.32,0.8397190293742018,19.51,12.762216,10.715,13.58,15.32,17.293001
s_250_085,square,250,17,4975369.676801869,526078.3368794409,102.52602623547467,121.81883692853833,107.94079555273085,101.01815085023546,108.32595239174483,32.084,0.8111208078793168,19.51,12.708895,10.77,13.43,15.2,17.2475
s_250_086,square,250,18,4975406.248,526550.4856601125,102.90509496530211,113.69136222168311,107.94315554200531,94.59888372289797,104.78462411297212,48.16,0.6806478405315615,19.63,8.618367,5.605,8.25,10.99,16.236
s_250_087,square,250,18,4975407.617198131,526549.4908794409,98.88171806552305,109.28063963757279,103.5517876734883,90.91168999824978,100.65645884370849,49.028,0.6542383943868809,19.89,8.553676,5.46,8.11,11.13,16.09
s_250_088,square,250,18,4975407.094210982,526547.8812905028,93.37409549732524,103.24262890469946,97.54053803344418,85.86576480536594,95.00575681020871,50.044,0.6492686435936376,19.89,8.989761,5.57,8.6,12.26,16.5
s_250_089,square,250,18,4975405.401789017,526547.8812905028,90.41904199991163,100.05076830545094,94.61019826324369,83.44944187052005,92.13236260978157,49.772,0.679016314393635,19.89,9.201913,5.73,8.83,12.58,16.6
s_250_090,square,250,18,4975404.878801868,526549.4908794409,102.00775569408742,112.70576966727931,106.88890810131163,94.1843088934587,103.94668558903427,48.272,0.6951441829632085,19.89,8.91666,5.68,8.4,11.96,16.55
s_250_091,square,250,19,4975693.698,526337.8196601125,174.16792182877302,201.02545632622775,184.8001550626368,158.14220351252342,179.53393418254026,42.908,0.8951244523165843,24.58,14.370561,11.36,15.43,18.51,21.47
s_250_092,square,250,19,4975695.067198131,526336.824879441,112.58769049891123,122.56383141221733,116.80767647535109,106.61324574166957,114.64311103203731,43.576,0.9087571140077106,24.21,13.984348,10.83,14.97,18.0825,21.1005
s_250_093,square,250,19,4975694.5442109825,526335.2152905029,65.75027753342016,70.83010333549151,68.54143504590182,63.70148382369457,67.20582493462702,42.472,0.9119419853079676,26.59,13.869711,10.675,14.76,17.85,21.05
s_250_094,square,250,19,4975692.851789017,526335.2152905029,112.1693040283169,133.0325420463794,119.15897921177988,98.98544483241892,115.83656752972378,42.616,0.911957950065703,26.65,14.201958,10.94,15.17,18.26,21.4625
s_250_095,square,250,19,4975692.3288018685,526336.824879441,150.8824158950781,176.59301324023957,159.75626451727908,135.01456050921672,155.56156354045336,43.012,0.8984469450385939,24.75,14.118505,10.9,15.07,18.3,21.22
s_250_096,square,250,20,4976026.288,526562.4016601125,146.5128977807363,171.21674037141275,147.6304019272548,164.62126151783104,157.49532539930874,53.756,0.9342957065257832,21.59,13.396703,10.7575,14.08,16.64,19.24
s_250_097,square,250,20,4976027.657198131,526561.406879441,204.66611461650913,237.81643951072428,208.426804930877,218.7825314044939,217.42297261565108,54.988,0.9271113697534007,22.58,13.461158,10.74,14.14,16.91,19.49
s_250_098,square,250,20,4976027.134210982,526559.7972905029,210.97330601721413,248.13889413043967,215.01683460890658,230.81999810084372,226.23725821435102,54.904,0.9291854873961825,22.58,13.398614,10.5,14.13,16.9,19.43
s_250_099,square,250,20,4976025.441789017,526559.7972905029,179.28168159429046,210.30673365200087,181.53648335413328,202.00948062950562,193.28359480748253,53.944,0.9328192199317811,22.13,13.402084,10.5975,14.18,16.75,19.2
s_250_100,square,250,20,4976024.918801868,526561.406879441,193.31078698389152,229.03791783519583,196.4153361739501,212.39570196978912,207.78993574070665,53.688,0.9362986142154671,22.28,13.567201,10.9,14.28,16.78,19.257
s_250_101,square,250,21,4976291.761,525440.3276601125,186.67610132642042,210.89944127022147,199.36139971507708,186.20941106147274,195.78658834329792,60.532,0.9348443798321548,28.52,17.449915,13.35,18.41,21.95,25.73
s_250_102,square,250,21,4976293.130198131,525439.332879441,270.7740151031909,301.9966087679676,294.2981476936657,263.8128176316686,282.7203972991232,61.792,0.9459476954945624,28.52,18.171185,14.03,19.38,22.62,26.11
s_250_103,square,250,21,4976292.607210983,525437.7232905029,283.0630227533862,317.25312977848324,304.50308776263864,274.11868974746017,294.73448251049206,63.544,0.9495152964874732,28.52,18.01762,13.61,19.325,22.7,26.04
s_250_104,square,250,21,4976290.914789017,525437.7232905029,234.47239993508407,265.3251580686943,250.3728804144544,227.07495928927995,244.31134942687817,63.644,0.9407328263465528,28.52,17.190882,12.52,18.35,22.08,25.72
s_250_105,square,250,21,4976290.391801869,525439.332879441,207.8381176605036,234.65537892293472,223.78480849700395,204.74622691168815,217.7561329980326,61.712,0.9314882032667876,28.52,16.95355,12.58,17.91,21.65,25.63
s_250_106,square,250,22,4976583.131,525408.2146601125,85.0055682982792,94.79947384550394,87.70082092400895,86.62077992518573,88.53166074824446,55.564,0.742855086026924,29.03,14.159452,11.04,14.55,17.06,22.91
s_250_107,square,250,22,4976584.500198131,525407.219879441,107.56176588418182,119.98593774159119,111.13631330375988,107.78853507743675,111.61813800174241,57.176,0.7501748985588359,28.2,13.509318,10.54,14.28,16.35,20.799
s_250_108,square,250,22,4976583.977210983,525405.6102905029,107.56176588418182,119.98593774159119,111.13631330375988,107.78853507743675,111.61813800174241,56.904,0.7581189371573176,28.2,13.39103,10.5,14.14,16.28,20.78
s_250_109,square,250,22,4976582.284789017,525405.6102905029,87.14471078188606,97.23030912648305,89.91102050673209,88.67320494571523,90.7398113402041,56.324,0.7552730629926852,28.41,13.657493,10.58,14.18,16.66,22.243
s_250_110,square,250,22,4976581.761801869,525407.219879441,81.56137627804401,90.9794631879265,84.1148350098482,83.4145472773576,85.01755543829408,57.296,0.7580982965652052,29.67,14.157726,10.88,14.44,17.23,23.351
s_250_111,square,250,23,4975689.685,526586.3066601125,156.14000617001483,168.26780639602538,171.09758758069373,140.03110402206067,158.88412604219866,48.492,0.8539140476779675,30.27,18.803024,11.01,22.41,25.29,27.9445
s_250_112,square,250,23,4975691.054198131,526585.3118794409,199.8842538135844,206.24693528819625,209.69470467119447,177.79557906967082,198.4053682106615,48.024,0.8373313343328336,30.27,18.870537,11.0,22.6,25.38,27.85
s_250_113,square,250,23,4975690.531210982,526583.7022905028,225.87031569489886,234.3183972646762,238.4992781668751,202.1299205599493,225.20447792159985,49.584,0.8065505001613423,30.27,19.009636,11.1,22.83,25.5,27.88
s_250_114,square,250,23,4975688.838789017,526583.7022905028,204.34711970746147,220.24911588041772,224.6347371939922,185.0270305658044,208.56450083691897,50.848,0.8071900566393958,30.27,19.06622,11.36,22.47,25.35,28.03
s_250_115,square,250,23,4975688.315801868,526585.3118794409,204.34711970746147,220.24911588041772,224.6347371939922,185.0270305658044,208.56450083691897,49.224,0.8338209003738014,30.27,18.755594,10.91,22.3,25.23,28.04
s_250_116,square,250,24,4975979.232,526254.8386601125,139.51116933351153,138.30336575471065,133.73580797119277,111.946533289438,130.87421908721325,44.096,0.6378809869375908,26.03,13.883601,10.0675,14.72,17.69,22.64
s_250_117,square,250,24,4975980.601198131,526253.8438794409,144.96749621796357,139.3637619484823,134.82151089345604,115.28407078202068,133.60920996048065,46.196,0.6524374404710365,26.62,14.712665,11.13,15.44,18.53,23.69
s_250_118,square,250,24,4975980.0782109825,526252.2342905028,135.2328345136387,133.43193506871862,129.6085744007124,107.80736672502904,126.52017767702469,48.16,0.6172757475083056,27.7,15.403403,11.75,15.61,19.54,24.53
s_250_119,square,250,24,4975978.385789017,526252.2342905028,86.1268992201549,85.22420339255284,83.64171857322634,63.194796615397344,79.54690445033286,45.624,0.5613712081360688,27.7,14.694648,11.335,14.89,18.49,24.27
s_250_120,square,250,24,4975977.8628018685,526253.8438794409,43.124374373657126,40.67864483162853,40.719837840531554,37.62583236698842,40.53717235320141,41.444,0.5623009362030692,25.78,13.601665,10.0,14.43,17.38,22.5175
s_250_121,square,250,25,4976208.282,526363.2186601125,90.97263547139747,97.82439867737837,90.2277237308259,86.47618649029391,91.37523609247391,49.544,0.9646374939447764,20.86,9.987513,7.52,9.42,12.01,17.16
s_250_122,square,250,25,4976209.651198131,526362.2238794409,69.08745864783727,73.589377089992,67.43023014921611,66.271350168017,69.0946040137656,49.084,0.9644690734251488,20.03,9.541198,7.44,9.16,11.23,16.35
s_250_123,square,250,25,4976209.128210982,526360.6142905029,66.58642813707932,71.04628408202542,65.05872349398192,64.02208461677395,66.67838008246515,48.928,0.961085676913015,20.6,9.6739235,7.2174997,9.17,11.68,16.76
s_250_124,square,250,25,4976207.435789017,526360.6142905029,86.58007604502197,93.42442436759582,86.10547993946167,82.52065371466918,87.15765851668715,49.072,0.9572872513857189,20.86,10.015314,7.06,9.41,12.9025,17.4885
s_250_125,square,250,25,4976206.912801868,526362.2238794409,89.08110655577988,95.96751737556238,88.47698659469586,84.76991926591222,89.57388244798759,49.452,0.9606891531181752,20.86,10.145249,7.28,9.55,13.05,17.592001
s_250_126,square,250,29,4975605.615,524628.2916601124,169.74998954614614,184.45835552968396,187.00026411551522,159.45615021707647,175.16618985210545,19.444,0.8603168072413083,26.08,16.84826,14.53,18.7,20.75,22.89
s_250_127,square,250,29,4975606.984198132,524627.2968794409,200.7953029451981,218.0445050092257,221.35989608002427,188.5933818157163,207.1982714625411,20.524,0.8739037224712531,26.08,16.662027,13.875,18.39,20.69,22.81
s_250_128,square,250,29,4975606.461210983,524625.6872905028,206.73725115132618,224.48784138717093,227.91975823053093,194.23497360771765,213.34495609418641,20.96,0.8708015267175573,26.08,16.951345,14.41,18.75,20.98,23.04
s_250_129,square,250,29,4975604.768789018,524625.6872905028,212.56667907520807,230.78346926388022,234.38298014014333,199.74964219501473,219.3706926685616,20.232,0.8695136417556346,26.08,17.299868,15.172501,19.06,21.15,23.301498
s_250_130,square,250,29,4975604.245801869,524627.2968794409,185.23218453906514,201.11792000278757,204.23120902913357,173.97770284021814,191.1397541028011,19.828,0.8565664716562437,26.08,17.439928,15.512501,19.11,21.12,23.255001
s_250_131,square,250,30,4977166.833,524594.2386601125,120.93567302034559,130.38694992503162,131.55966857500422,112.26521368035608,123.78687630018436,40.804,0.7861974316243505,16.67,8.122072,4.94,8.19,11.17,13.8
s_250_132,square,250,30,4977168.202198131,524593.2438794409,91.27192937701857,102.94844585454629,103.99197882656844,90.30271762578028,97.12876792097839,40.612,0.7961193735841623,16.35,8.292686,5.05,8.41,11.44,13.92
s_250_133,square,250,30,4977167.679210982,524591.6342905029,92.82786864403025,104.73279541783978,105.53322126714525,91.80659924529283,98.72512114357703,40.468,0.7915389937728575,16.67,8.331843,5.02,8.64,11.442499,13.87
s_250_134,square,250,30,4977165.986789017,524591.6342905029,107.32918729118612,119.74389105371236,120.19850589346231,100.81600403165758,112.0218970675046,40.004,0.7797220277972203,16.67,8.151004,4.88,8.45,11.18,13.63
s_250_135,square,250,30,4977165.463801868,524593.2438794409,117.67651205540761,134.12671716615253,135.1230824037625,114.32373591192831,125.31251188431276,40.696,0.7773736976607037,16.67,7.8894386,4.66,8.02,10.85,13.61
s_250_136,square,250,31,4976243.76,524836.7097601128,221.82681174128572,235.89007956600807,233.93980057623486,211.0804144393853,225.6842765807285,58.8,0.9685714285714285,30.78,16.166628,12.4925,16.73,20.04,24.99
s_250_137,square,250,31,4976245.129198131,524835.7149794413,216.3281776139396,230.8633410108688,228.22669607536753,206.75949289418497,220.54442689859022,58.268,0.9760417381753278,30.83,17.036325,13.2725,17.62,21.2,26.48
s_250_138,square,250,31,4976244.606210982,524834.1053905032,208.34494277695194,216.4023976695023,219.61780228614322,197.5614718117056,210.48165363607575,56.636,0.9790239423688114,30.83,17.244593,13.4,17.77,21.46,26.68
s_250_139,square,250,31,4976242.913789017,524834.1053905032,224.29791670955075,234.50430532492715,236.16321258750924,211.19233355766664,226.53944204491344,55.732,0.9760999066963324,30.4,16.273544,12.33,16.99,20.32,24.96
s_250_140,square,250,31,4976242.390801868,524835.7149794413,233.5085883829527,249.24307210295575,246.04160016983053,220.6999594074827,237.37330501580544,57.172,0.9695655215839921,30.4,15.645766,11.87,16.51,19.717499,24.0
s_250_141,square,250,32,4975778.346899999,525029.555060112,171.08371708146424,180.57444212610653,178.55282890222597,165.53967977785152,173.93766697191205,65.176,0.973303056339757,27.65,19.782831,16.35,21.33,23.34,25.31
s_250_142,square,250,32,4975779.716098131,525028.5602794405,178.14298975299806,185.47199224732594,181.3675927004766,178.19525681323432,180.79445787850872,63.86,0.9765111180707798,27.65,19.538815,15.97,20.95,23.137499,25.16
s_250_143,square,250,32,4975779.193110982,525026.9506905024,193.9901984404955,202.2046710151448,199.26896622621604,190.20021764655084,196.4160133321018,65.996,0.9779986665858537,27.65,19.507957,15.88,21.02,23.22,25.15
s_250_144,square,250,32,4975777.500689017,525026.9506905024,203.15672939758602,211.94408453286707,208.5125769120198,198.5393412650524,205.5381830268813,65.912,0.9753610875106202,27.65,19.641808,16.08,21.25,23.31,25.2
s_250_145,square,250,32,4975776.977701868,525028.5602794405,201.04543739965737,209.62276074906836,206.33035934797775,195.40485170582681,203.10085230063257,64.528,0.9721671212496901,27.65,19.720716,16.28,21.31,23.314999,25.28
s_250_146,square,250,33,4975431.0747,525198.0105601122,115.68911278014853,129.08267426875537,120.35680552607462,111.39128172950785,119.12996857612158,61.624,0.9261975853563547,21.25,12.9463215,10.54,13.78,16.05,18.51
s_250_147,square,250,33,4975432.443898131,525197.0157794406,164.92378917456094,183.8612129994581,171.23027722834084,157.70290754080966,169.42954673579237,61.096,0.9317140238313474,21.25,12.948403,10.38,13.69,16.14,18.61
s_250_148,square,250,33,4975431.920910982,525195.4061905026,204.9359837279724,228.2729540335423,212.83082322025336,194.94048044502748,210.24506035669887,59.424,0.9318120624663435,21.25,12.899757,10.26,13.66,16.16,18.659
s_250_149,square,250,33,4975430.228489017,525195.4061905026,204.9359837279724,228.2729540335423,212.83082322025336,194.94048044502748,210.24506035669887,59.78,0.932485781197725,21.25,12.959107,10.48,13.75,16.09,18.55
s_250_150,square,250,33,4975429.705501868,525197.0157794406,184.960928982847,206.11039202981888,192.08494998606025,176.29463369813277,189.8627261742147,61.08,0.9323510150622135,21.25,12.956569,10.51,13.78,16.06,18.52
s_250_151,square,250,34,4975783.509400001,525502.2388601127,74.88012730024298,80.73915539904979,80.7738477559544,72.36002786357093,77.18828957970453,42.252,0.5750260342705671,33.65,23.21487,21.21,25.0,28.01,30.81
s_250_152,square,250,34,4975784.878598132,525501.2440794412,20.994267946042015,22.7728269051158,20.77955896802866,22.996402429477136,21.885764062165904,40.848,0.5999804151978065,33.65,23.52313,21.21,25.14,28.19,31.13
s_250_153,square,250,34,4975784.355610983,525499.6344905031,20.994267946042015,22.7728269051158,20.77955896802866,22.996402429477136,21.885764062165904,45.608,0.6658480968251184,33.65,24.11119,22.53,25.73,28.72,31.31
s_250_154,square,250,34,4975782.663189018,525499.6344905031,74.88012730024298,80.73915539904979,80.7738477559544,72.36002786357093,77.18828957970453,49.576,0.683798612231725,33.65,24.235838,22.79,26.23,28.805,31.19
s_250_155,square,250,34,4975782.140201869,525501.2440794412,74.88012730024298,80.73915539904979,80.7738477559544,72.36002786357093,77.18828957970453,47.396,0.6304329479280952,33.65,23.814497,21.92,25.93,28.45,30.94
s_250_156,square,250,35,4975143.703,524714.2592601125,29.566371375501305,52.498255463107284,51.527615868024135,47.502442108009966,45.273671203660676,12.28,0.6742671009771987,25.83,14.204778,10.575,14.78,18.23,22.271
s_250_157,square,250,35,4975145.072198131,524713.264479441,24.938330002424212,40.33467596314036,39.51888151826854,36.14385144913178,35.23393473324123,11.652,0.690010298661174,24.73,13.781419,10.6025,14.575,17.63,20.9865
s_250_158,square,250,35,4975144.549210982,524711.6548905029,24.938330002424212,40.33467596314036,39.51888151826854,36.14385144913178,35.23393473324123,11.64,0.7044673539518901,24.89,13.814121,10.56,14.37,17.7475,21.285501
s_250_159,square,250,35,4975142.856789017,524711.6548905029,31.034467855415485,54.80865416904058,54.09010597219283,49.794747822077554,47.431993954681616,11.668,0.6924922865958176,26.25,14.229238,10.5275,14.63,18.282501,22.7605
s_250_160,square,250,35,4975142.333801868,524713.264479441,31.034467855415485,54.80865416904058,54.09010597219283,49.794747822077554,47.431993954681616,12.248,0.6809274983670803,26.25,14.666096,10.68,15.05,18.75,23.578
s_250_161,square,250,36,4976621.261,525711.1403601124,54.95893659738236,60.55902689821802,57.7460284903264,51.8869233040915,56.287728822504576,45.58,0.7867485739359368,21.93,12.096233,7.33,12.92,16.61,18.93
s_250_162,square,250,36,4976622.630198131,525710.1455794409,61.306595109008626,75.67801916777312,65.64941116925033,60.19905405335818,65.70826987484756,44.264,0.773721308512561,21.66,11.476506,7.1025,12.04,15.88,18.1095
s_250_163,square,250,36,4976622.107210983,525708.5359905028,61.306595109008626,75.67801916777312,65.64941116925033,60.19905405335818,65.70826987484756,43.088,0.7602116598588934,21.62,11.411842,7.07,11.86,15.87,18.24
s_250_164,square,250,36,4976620.414789017,525708.5359905028,63.52761465711009,78.11510933298672,68.08675143421993,62.17636709737114,67.97646063042197,43.42,0.7587286964532474,21.88,11.916001,7.26,12.355,16.51,19.01
s_250_165,square,250,36,4976619.891801869,525710.1455794409,69.15292473879398,84.58594568429908,73.47447319505741,68.3311829654241,73.88613164589364,45.04,0.772380106571936,21.88,12.16833,7.48,12.64,16.72,19.2
s_250_166,square,250,37,4976493.278200001,526113.3225601121,282.950104211233,286.5831393006174,292.7588413376195,256.8984936842807,279.79764463343764,35.352,0.9396922380629101,27.73,19.016985,17.45,20.36,22.93,25.3
s_250_167,square,250,37,4976494.647398133,526112.3277794406,258.27451418294316,260.1882613349011,264.7665906297674,233.6889617606402,254.22958197706294,34.448,0.9498374361356247,28.68,19.306356,17.76,20.68,23.15,25.49
s_250_168,square,250,37,4976494.124410984,526110.7181905025,256.75396485810654,259.41770374723615,261.51458276630865,232.51708349775,252.55083371735034,35.336,0.9550599954720398,27.73,19.30383,17.78,20.73,23.09,25.37
s_250_169,square,250,37,4976492.431989019,526110.7181905025,293.04541140752815,275.6176964656592,278.9917945236292,257.07001068208046,276.1812282697242,36.448,0.9479806848112379,27.73,18.932259,17.14,20.365002,22.92,25.16
s_250_170,square,250,37,4976491.90900187,526112.3277794406,274.97418145073163,255.5633636084923,260.02363726952194,240.27380351150643,257.7087464600631,36.32,0.9387665198237886,27.73,18.764744,16.977499,20.2,22.81,25.1685
s_250_171,square,250,38,4976145.162599999,526064.0886601127,177.95302443541541,197.18492079192254,187.64310386307102,176.98498896129325,184.94150951292556,52.476,0.8920649439743883,26.14,15.656821,12.91,16.44,18.69,22.27
s_250_172,square,250,38,4976146.531798131,526063.0938794411,172.74143982920538,188.81726550577434,181.907104806117,173.48113441533062,179.23673613910682,52.596,0.8988516236976196,26.07,15.123871,12.25,15.97,18.404999,21.611
s_250_173,square,250,38,4976146.008810982,526061.4842905031,154.01748981837642,168.52035562654027,163.30411829487923,152.34606455414206,159.5470070734845,50.248,0.9039961789523961,26.14,14.843011,11.9,15.62,18.2,21.51
s_250_174,square,250,38,4976144.316389017,526061.4842905031,159.72999089489932,176.97198307419563,169.15674841053416,153.8996743256808,164.93959917632748,49.992,0.9007841254600736,26.14,15.1627035,12.26,15.95,18.4475,21.69
s_250_175,square,250,38,4976143.793401868,526063.0938794411,167.40183470948992,185.2262086540112,176.73824386023568,162.93181926112135,173.07452662121455,52.056,0.8852773935761488,26.14,15.633123,12.89,16.46,18.76,22.33
s_250_176,square,250,39,4976667.816199999,524717.3496601126,215.60657082969692,233.01514326742017,238.5682280789357,196.8829261438396,221.0182170799731,40.736,0.8322859387274155,30.84,18.526394,14.12,20.57,24.7125,28.04
s_250_177,square,250,39,4976669.185398131,524716.3548794411,109.46054122956738,121.53765957763342,120.63080309570631,100.83503435238859,113.11600956382392,37.688,0.7911271492252175,30.84,17.03542,7.4325,19.17,24.32,28.09
s_250_178,square,250,39,4976668.662410982,524714.745290503,117.54693344298397,130.1294308167332,129.86931614766885,107.30100066948553,121.21167026921789,35.992,0.7530562347188264,30.84,16.29707,6.86,17.89,23.78,28.195
s_250_179,square,250,39,4976666.969989017,524714.745290503,118.66622368393823,128.62870902310772,130.74881421847132,107.51809569915353,121.3904606561677,37.756,0.775082106155313,30.84,17.466606,11.6825,18.73,23.8525,28.0625
s_250_180,square,250,39,4976666.447001868,524716.3548794411,215.1417951453692,232.49140342358123,238.1171603580417,196.37554553346087,220.53147611511326,40.436,0.8188742704520724,30.84,18.528042,14.42,20.28,24.2875,28.04
s_250_181,square,250,40,4975142.120300001,525337.8739601123,232.62440422458099,281.45030296732665,254.26978624190212,225.12952897719146,248.3685056027503,56.756,0.9214179998590457,30.77,16.415997,11.87,16.21,21.16,26.44
s_250_182,square,250,40,4975143.489498133,525336.8791794408,230.813358030478,278.8912686764816,252.46100093735868,223.04142105873058,246.30176217576224,55.284,0.9121626510382751,30.77,16.521221,11.81,16.22,21.41,27.511
s_250_183,square,250,40,4975142.966510984,525335.2695905027,217.383360353121,254.01622081338118,236.9220254086701,207.57831975660113,228.97498158294334,56.44,0.9063075832742735,30.77,16.161875,11.31,15.995,21.1,27.0765
s_250_184,square,250,40,4975141.274089019,525335.2695905027,223.80654181562394,265.3067703774677,244.1397048367688,214.74349807566145,236.9991287763805,58.024,0.9073486833034606,30.77,15.900751,11.2325,15.89,20.77,25.75
s_250_185,square,250,40,4975140.75110187,525336.8791794408,244.66859258218474,302.3966411323629,267.7257835143234,238.45314054671513,263.3110394438965,58.204,0.9116211944196275,30.77,16.141891,11.68,16.16,20.89,25.067999
s_250_186,square,250,41,4975247.676100001,526353.3722601124,221.2763517947306,242.60713062870565,242.45983467073015,209.21775281271027,228.89026747671917,31.968,0.8554804804804805,30.56,16.1313,8.37,16.92,24.02,27.722
s_250_187,square,250,41,4975249.045298132,526352.3774794409,199.07075641042067,220.09085145343766,216.53485161557575,189.5798592081883,206.31907967190557,32.312,0.8458776924981432,30.56,16.687717,8.36,18.64,24.39,27.723999
s_250_188,square,250,41,4975248.522310983,526350.7678905028,195.52166627094857,216.16121770324077,213.0474148193752,185.8197267354854,202.63750638226247,33.464,0.8579966531197705,30.56,16.898956,8.48,19.154999,24.4475,27.6115
s_250_189,square,250,41,4975246.829889018,526350.7678905028,232.39370012569407,255.0560986423105,253.2971648718169,221.4874946887394,240.55861458214022,33.072,0.8652636671504595,30.56,16.365,8.45,17.575,24.25,27.44
s_250_190,square,250,41,4975246.306901869,526352.3774794409,234.0248437389329,256.85689326683877,254.90309859703447,223.20895411712388,242.24844742998252,32.04,0.8620474406991261,30.56,15.646282,8.4,14.53,23.74,27.358
s_250_191,square,250,42,4976260.5759,526707.0748601129,119.73743700671031,131.23203131586018,129.087838050961,113.99119227575626,123.51212466232194,16.648,0.9120615088899567,27.51,15.312805,12.37,15.78,18.62,22.2425
s_250_192,square,250,42,4976261.945098131,526706.0800794413,114.66481342161812,125.9706294962484,123.10534431288988,109.14736912753503,118.22203908957286,16.84,0.91187648456057,26.61,15.022375,12.23,15.6,18.095001,21.77
s_250_193,square,250,42,4976261.422110982,526704.4704905032,86.30579499098639,94.93188520298938,92.3189892034769,82.50420096945943,89.01521759172802,16.1,0.9063354037267081,24.64,14.700001,12.21,15.48,17.74,20.563
s_250_194,square,250,42,4976259.729689017,526704.4704905032,83.74250221216909,92.04774434514835,89.66215114580035,80.10042075678905,86.3882046149767,15.908,0.9052049283379432,24.64,14.842233,12.39,15.57,18.02,20.3105
s_250_195,square,250,42,4976259.206701868,526706.0800794413,98.93584373565477,108.63392895805198,106.18007435559687,94.38240797494191,102.03306375606138,16.108,0.9073752172833375,26.61,15.161418,12.44,15.67,18.37,21.64
s_250_196,square,250,43,4976353.940300001,526481.9899601127,147.47448273858907,161.04949382344043,149.91724962991034,139.98021903952153,149.60536130786534,56.116,0.9575878537315561,25.25,15.659339,12.49,16.605,19.46,22.38
s_250_197,square,250,43,4976355.309498132,526480.9951794412,147.101811936231,158.2771043624929,147.83417455222994,138.97599079181853,148.04727041069307,55.932,0.9561610527068584,24.25,15.849054,12.6,16.89,19.78,22.2
s_250_198,square,250,43,4976354.7865109835,526479.3855905031,132.67401983547919,143.00653714497844,133.83725329587637,126.14729541832745,133.91627642366535,56.74,0.951639055340148,25.08,15.977614,12.63,16.97,19.99,22.380999
s_250_199,square,250,43,4976353.094089018,526479.3855905031,160.7984891936019,169.91482936442313,159.75064698943697,151.3129392633002,160.44422620269054,58.316,0.953220385485973,26.25,16.071957,12.62,16.95,20.05,22.9
s_250_200,square,250,43,4976352.571101869,526480.9951794412,147.63334404004115,158.46018306734126,148.09331592361661,139.36928484324542,148.3890319685611,58.14,0.9583075335397316,26.25,15.950064,12.56,16.84,19.83,22.99
s_300_001,square,300,1,4974552.016,525142.3095512862,177.21525497738025,196.17158753973217,195.33681485310038,166.0327040332255,183.68909035085957,46.406666666666666,0.8161183737968682,28.8,19.589245,17.56,21.26,23.73,26.13
s_300_002,square,300,1,4974552.370317328,525142.0521246787,239.7279332062257,263.55497761774365,264.6404149890474,222.82284732170956,247.68654328368157,46.94,0.8186337168015907,28.8,19.56997,17.46,21.3,23.81,26.25
s_300_003,square,300,1,4974552.234980151,525141.6355996783,182.40991576173246,201.9831755425011,200.7307075013985,170.92419061924417,189.01199735621907,47.43666666666667,0.8284730517883494,28.8,19.51271,17.3825,21.3,23.81,26.19
s_300_004,square,300,1,4974551.797019849,525141.6355996783,176.50548357368604,195.3829578262604,194.59823792069864,165.36733355256163,182.96350321830167,47.38333333333333,0.8324305311290889,28.8,19.493422,17.46,21.24,23.73,26.06
s_300_005,square,300,1,4974551.661682672,525142.0521246787,176.50548357368604,195.3829578262604,194.59823792069864,165.36733355256163,182.96350321830167,46.86333333333334,0.8250231168646419,28.8,19.540236,17.59,21.21,23.69,26.06
s_300_006,square,300,2,4975569.679,524905.8245512862,141.61379052532556,154.7127369919812,155.05953860929833,130.9658613967139,145.58798188082974,50.593333333333334,0.8014231123995257,32.4,18.904453,11.2,20.95,25.4625,29.49
s_300_007,square,300,2,4975570.0333173275,524905.5671246788,141.61379052532556,154.7127369919812,155.05953860929833,130.9658613967139,145.58798188082974,51.09,0.7996998760357539,32.4,18.737322,11.14,20.71,25.28,29.45
s_300_008,square,300,2,4975569.897980151,524905.1505996783,141.61379052532556,154.7127369919812,155.05953860929833,130.9658613967139,145.58798188082974,51.373333333333335,0.8070334804048793,32.4,18.760956,11.112499,20.79,25.29,29.4
s_300_009,square,300,2,4975569.460019848,524905.1505996783,141.61379052532556,154.7127369919812,155.05953860929833,130.9658613967139,145.58798188082974,51.18666666666667,0.8113441000260484,32.4,18.941393,11.22,21.03,25.42,29.390999
s_300_010,square,300,2,4975569.324682672,524905.5671246788,141.61379052532556,154.7127369919812,155.05953860929833,130.9658613967139,145.58798188082974,50.723333333333336,0.8069264638233554,32.4,19.050402,11.34,21.11,25.54,29.45
s_300_011,square,300,3,4975188.667,525006.3205512861,179.52319800660493,213.7075961392213,190.86879107050524,172.89079638636463,189.24759540067402,50.806666666666665,0.794646371867209,26.3,11.083007,7.2,9.345,13.87,23.6045
s_300_012,square,300,3,4975189.021317328,525006.0631246787,197.21591390746792,225.70202493094743,204.75387812929125,188.80787036955905,204.11992183431641,51.193333333333335,0.7946998307071234,26.44,11.279908,7.27,9.5,14.82,23.73
s_300_013,square,300,3,4975188.885980152,525005.6465996782,201.26594192524084,231.88993712268297,208.9696401470539,193.8619592662678,208.99686961531137,51.373333333333335,0.7937970412665456,26.3,11.233626,7.27,9.5,14.7275,23.63
s_300_014,square,300,3,4975188.448019849,525005.6465996782,167.3459319895241,196.4941628276429,169.41475552938118,161.74134815193446,173.74904962462068,50.96666666666667,0.7930019620667103,26.3,11.0295925,7.2,9.4,13.87,23.056
s_300_015,square,300,3,4975188.312682672,525006.0631246787,164.2776798959778,191.59436895905492,166.14106576861957,157.7241539251463,169.93431713719966,50.45333333333333,0.7929439746300211,26.3,10.926825,7.17,9.3,13.35,22.949501
s_300_016,square,300,4,4974882.089,525125.3325512861,112.06959712746138,124.1747510270948,121.25769761618326,108.40178792695156,116.47595842442274,51.986666666666665,0.8661195178250833,21.48,10.159889,6.03,9.72,14.08,18.21
s_300_017,square,300,4,4974882.443317328,525125.0751246787,106.67687637634991,118.13262329774169,115.99967396785395,102.6301148904988,110.8598221331111,52.013333333333335,0.8709946167649321,20.91,10.183254,6.05,9.9,14.07,18.08
s_300_018,square,300,4,4974882.307980151,525124.6585996782,110.01444435162415,121.79265325648034,119.51923787975898,105.86093216858545,114.29681691411223,52.0,0.8732051282051282,20.95,10.167389,6.03,9.94,14.0675,17.93
s_300_019,square,300,4,4974881.870019848,525124.6585996782,113.34076515732441,125.50317566919189,122.77183812595192,109.40992123683372,117.75642504732548,52.13333333333333,0.8702685421994885,21.17,10.164538,6.01,9.86,14.09,18.1
s_300_020,square,300,4,4974881.734682672,525125.0751246787,111.21556040296426,123.17653258559722,120.44894529932081,107.45168216153088,115.57318011235328,52.14,0.8662575118271321,21.21,10.159917,6.0125003,9.715,14.1,18.26
s_300_021,square,300,5,4975907.399,524769.4285512861,65.72242009181545,84.95520890746405,74.43467343289085,72.22295961085285,74.3338155107558,50.06333333333333,0.8555163459617817,28.425,13.599557,9.705,13.895,17.895,22.505
s_300_022,square,300,5,4975907.753317328,524769.1711246787,67.15743304522798,90.92413240617776,81.01145867455996,77.94268152093726,79.25892641172574,49.82666666666667,0.8574391222906075,28.425,13.477481,9.665,13.825,17.665,21.865
s_300_023,square,300,5,4975907.617980151,524768.7545996782,69.72093084258252,93.81446675502049,83.49991985448045,80.71421784626752,81.93738382458774,50.3,0.859973492379059,28.425,13.513341,9.745,13.905,17.575,21.795
s_300_024,square,300,5,4975907.180019849,524768.7545996782,75.0586997642423,99.98105799674684,88.59747840171237,86.56003377940749,87.54931748552725,50.7,0.8589086127547666,28.425,13.611606,9.835,13.96,17.647501,22.405
s_300_025,square,300,5,4975907.044682672,524769.1711246787,75.0586997642423,99.98105799674684,88.59747840171237,86.56003377940749,87.54931748552725,50.47666666666667,0.8562372053093839,29.825,13.653705,9.785,13.925,17.845,22.715
s_300_026,square,300,6,4976225.143,524508.2085512861,165.69237276075782,183.67095675016805,175.3080001409124,154.86341911097313,169.88368719070286,18.213333333333335,0.9533308931185944,25.66,15.708526,12.96,16.07,18.76,22.63
s_300_027,square,300,6,4976225.497317328,524507.9511246787,145.28414710785185,161.6174281046808,152.6943541150154,135.7327997146537,148.83218226055044,18.286666666666665,0.9527889172438936,25.67,15.708574,12.975,16.06,18.73,22.67
s_300_028,square,300,6,4976225.361980151,524507.5345996782,176.87545420647626,196.49600766245808,186.31897541425127,165.03610705756284,181.18163608518714,18.263333333333332,0.9509034495345866,25.67,15.759291,13.0825,16.13,18.74,22.7
s_300_029,square,300,6,4976224.924019849,524507.5345996782,188.28085216796055,209.50712084229747,197.88156749472745,175.60903028927498,192.8196426985651,18.153333333333332,0.9493206022769005,25.67,15.77536,13.1,16.19,18.78,22.685501
s_300_030,square,300,6,4976224.788682672,524507.9511246787,182.58574692305925,202.83350568352037,192.79502132639504,170.86675135020613,187.27025632079523,18.136666666666667,0.9520308766770814,25.67,15.757297,13.0275,16.17,18.79,22.6805
s_300_031,square,300,7,4976269.182,525024.9535512861,164.35617657464238,206.14238586104446,179.6517941978547,157.1965922984366,176.83673723299455,54.89,0.9418837675350702,23.14,13.928973,11.0,13.35,17.71,21.54
s_300_032,square,300,7,4976269.536317328,525024.6961246787,158.69930955548745,199.5652341284843,173.73215710382146,152.12489474092405,171.03039888217933,55.07,0.9436474789661643,23.14,13.849219,10.88,13.27,17.6,21.53
s_300_033,square,300,7,4976269.400980151,525024.2795996782,158.69930955548745,199.5652341284843,173.73215710382146,152.12489474092405,171.03039888217933,54.413333333333334,0.9457240872335212,23.14,13.636398,10.72,13.11,17.04,21.46
s_300_034,square,300,7,4976268.963019849,525024.2795996782,164.35617657464238,206.14238586104446,179.6517941978547,157.1965922984366,176.83673723299455,53.82666666666667,0.944760961109735,23.14,13.583061,10.7075,13.09,16.8525,21.43
s_300_035,square,300,7,4976268.827682672,525024.6961246787,164.35617657464238,206.14238586104446,179.6517941978547,157.1965922984366,176.83673723299455,54.166666666666664,0.9424,23.14,13.764923,10.85,13.225,17.27,21.49
s_300_036,square,300,8,4976535.25,524984.1255512862,114.62012039135432,122.8483211096518,116.559364143597,102.8539851815941,114.22044770654931,56.803333333333335,0.8903233378322868,28.72,12.855573,8.28,12.225,17.38,23.214499
s_300_037,square,300,8,4976535.604317328,524983.8681246787,113.7090839219668,121.8827075865538,115.62491028781203,101.5735116001697,113.19755334912558,56.61333333333334,0.8880122468205369,28.72,12.92106,8.29,12.33,17.5,23.35
s_300_038,square,300,8,4976535.468980151,524983.4515996783,114.62012039135432,122.8483211096518,116.559364143597,102.8539851815941,114.22044770654931,57.28666666666667,0.8879902246014197,33.06,13.090294,8.33,12.62,17.65,23.7
s_300_039,square,300,8,4976535.031019849,524983.4515996783,114.62012039135432,122.8483211096518,116.559364143597,102.8539851815941,114.22044770654931,57.74333333333333,0.8892224210587081,33.06,13.105804,8.34,12.67,17.64,23.7
s_300_040,square,300,8,4976534.895682672,524983.8681246787,114.62012039135432,122.8483211096518,116.559364143597,102.8539851815941,114.22044770654931,57.46666666666667,0.8903132250580046,28.72,12.967207,8.32,12.42,17.5,23.43
s_300_041,square,300,9,4976764.273,524971.6365512861,181.43985119048,219.479499244365,197.01751541994085,150.90002171434162,187.20922189228187,54.736666666666665,0.880945131234395,32.98,15.585906,9.98,14.95,21.19,27.77
s_300_042,square,300,9,4976764.627317328,524971.3791246787,181.43985119048,219.479499244365,197.01751541994085,150.90002171434162,187.20922189228187,54.93333333333333,0.8807038834951456,32.98,15.771975,10.12,15.15,21.48,27.8835
s_300_043,square,300,9,4976764.491980151,524970.9625996782,181.43985119048,219.479499244365,197.01751541994085,150.90002171434162,187.20922189228187,55.403333333333336,0.8713073822273029,32.98,15.862456,10.032499,15.21,21.7475,28.0695
s_300_044,square,300,9,4976764.054019849,524970.9625996782,181.43985119048,219.479499244365,197.01751541994085,150.90002171434162,187.20922189228187,55.583333333333336,0.8665067466266867,32.98,15.764821,9.92,15.09,21.66,28.076
s_300_045,square,300,9,4976763.918682672,524971.3791246787,181.43985119048,219.479499244365,197.01751541994085,150.90002171434162,187.20922189228187,55.22666666666667,0.8728874939642685,32.98,15.587993,9.89,14.9,21.32,27.9
s_300_046,square,300,10,4975957.068,525210.8495512861,242.71274497342998,284.49033247710304,251.916453099946,248.85604068332725,256.99389280845156,55.126666666666665,0.9722457370903375,23.6,15.443185,13.35,16.04,18.0,19.9
s_300_047,square,300,10,4975957.422317328,525210.5921246787,234.678585841562,275.7775841410993,243.9423994543663,239.8858710840619,248.5711101302724,54.96333333333333,0.9708290375401784,23.6,15.5711975,13.53,16.23,18.08,19.96
s_300_048,square,300,10,4975957.286980151,525210.1755996782,229.02171882240708,269.2004324085391,238.0227623603331,234.8141735265494,242.7647717794572,54.75333333333333,0.9702301229757702,23.6,15.671901,13.68,16.38,18.14,20.01
s_300_049,square,300,10,4975956.849019849,525210.1755996782,252.2671617461991,294.8721843483987,261.7895572393129,261.52053834829763,267.6123604205521,54.78,0.971279055616405,23.6,15.605669,13.57,16.29,18.1,19.97
s_300_050,square,300,10,4975956.713682672,525210.5921246787,256.8455060107866,300.2963828600945,266.60089978529163,265.0660001698386,272.20219720650283,55.013333333333335,0.971703829374697,23.6,15.454603,13.37,16.05,18.0,19.902
s_300_051,square,300,11,4975613.36,525388.5925512861,196.96155814054345,220.961765568444,207.64615335555942,194.0730126454379,204.91062242749618,63.43666666666667,0.8680573800641059,28.96,14.626661,10.39,14.39,17.9625,25.45
s_300_052,square,300,11,4975613.714317328,525388.3351246787,190.98997770460372,214.28697194226584,201.4438007381608,188.4533054449521,198.7935139574956,62.82666666666667,0.8661396434634975,28.96,14.546198,10.32,14.33,17.77,25.42
s_300_053,square,300,11,4975613.578980152,525387.9185996782,193.39507918772676,216.99105817837616,203.93727079308394,190.7116418456048,201.2587625011979,61.89,0.870684547853719,28.96,14.324449,10.11,14.09,17.6,25.36
s_300_054,square,300,11,4975613.141019849,525387.9185996782,199.3666596236665,223.6658518045544,210.13962341048259,196.33134904609062,207.37587097119854,61.74333333333333,0.8742104410732603,28.96,14.275017,10.03,14.03,17.61,25.36
s_300_055,square,300,11,4975613.005682672,525388.3351246787,196.96155814054345,220.961765568444,207.64615335555942,194.0730126454379,204.91062242749618,62.526666666666664,0.872587695916409,28.96,14.467036,10.19,14.21,17.8,25.42
s_300_056,square,300,12,4975652.244,525878.7365512861,251.82683059371325,244.4397731542048,223.2661930115371,231.66248378987842,237.7988201373334,44.52333333333333,0.9258815602305907,26.27,16.181705,11.91,16.71,20.88,24.23
s_300_057,square,300,12,4975652.598317328,525878.4791246786,250.183546641025,242.08345565942642,221.61190320326148,229.73630361810484,235.90380228045444,44.556666666666665,0.9269843644796888,26.27,16.215948,11.86,16.81,20.98,24.27
s_300_058,square,300,12,4975652.462980151,525878.0625996782,240.3287307966518,230.29847472572553,211.23634690852217,221.05474123617455,225.72957341676852,44.57333333333333,0.9255160035895902,26.27,16.250788,11.85,16.91,21.02,24.2625
s_300_059,square,300,12,4975652.025019849,525878.0625996782,220.59141833196423,214.67244013554577,195.47886382913984,204.38950241269353,208.78305617733585,44.48,0.9246103117505995,26.27,16.256588,11.91,16.93,20.98,24.221498
s_300_060,square,300,12,4975651.889682672,525878.4791246786,232.50882856767473,228.77871322282738,207.99213630922966,215.0044964166279,221.0710436290899,44.446666666666665,0.9250787460626969,26.27,16.203821,11.92,16.79,20.89,24.2
s_300_061,square,300,13,4975983.789,525687.9455512861,188.32988893994153,205.22607820438026,206.61864663521797,174.14133479679663,193.5789871440841,40.28,0.9042535584243628,32.11,16.8971,10.22,16.98,23.84,28.49
s_300_062,square,300,13,4975984.143317328,525687.6881246787,154.42034791780918,168.68972997951744,168.929188092029,142.74536968733747,158.69615891917329,40.68666666666667,0.9089791905620187,32.11,16.91935,10.41,17.11,23.77,28.48
s_300_063,square,300,13,4975984.007980151,525687.2715996782,153.3671344609711,167.5367767586531,167.88634284745098,141.64761576790903,157.60946745874605,39.72666666666667,0.910135928847122,32.11,16.989386,10.55,17.32,23.76,28.55
s_300_064,square,300,13,4975983.570019849,525687.2715996782,153.3671344609711,167.5367767586531,167.88634284745098,141.64761576790903,157.60946745874605,39.02333333333333,0.9053557700521055,32.11,17.00584,10.525,17.32,23.83,28.56
s_300_065,square,300,13,4975983.434682672,525687.6881246787,154.42034791780918,168.68972997951744,168.929188092029,142.74536968733747,158.69615891917329,39.46,0.9014191586416624,32.11,16.914818,10.265,17.06,23.84,28.51
s_300_066,square,300,14,4976328.71,525884.9945512861,133.84261823821075,155.2409863892608,138.70450883205075,133.89630622345453,140.4211049207442,45.32,0.8923212709620476,17.53,10.164888,8.25,10.43,12.34,14.52
s_300_067,square,300,14,4976329.064317328,525884.7371246787,134.83558153377083,156.34311447471393,139.73811102881805,134.82356253903592,141.43509239408468,45.336666666666666,0.8926549518417763,17.53,10.203808,8.3,10.47,12.37,14.55
s_300_068,square,300,14,4976328.928980151,525884.3205996782,140.87475095416283,163.09296805692173,146.01080696983541,140.50651559674105,147.62126039441526,44.78666666666667,0.8934206609109854,17.53,10.208838,8.29,10.49,12.38,14.56
s_300_069,square,300,14,4976328.491019849,525884.3205996782,133.84261823821075,155.2409863892608,138.70450883205075,133.89630622345453,140.4211049207442,44.28666666666667,0.8940990516332982,17.53,10.181203,8.24,10.46,12.38,14.56
s_300_070,square,300,14,4976328.355682672,525884.7371246787,133.84261823821075,155.2409863892608,138.70450883205075,133.89630622345453,140.4211049207442,44.663333333333334,0.8934248824539145,17.53,10.155933,8.21,10.43,12.36,14.54
s_300_071,square,300,15,4976514.12,524474.3625512861,97.26442759684197,109.77293193913314,97.58121278644823,97.04078733566695,100.41483991452257,17.676666666666666,0.8532905902319442,22.61,13.280635,10.68,13.79,16.57,19.19
s_300_072,square,300,15,4976514.474317328,524474.1051246787,97.26442759684197,109.77293193913314,97.58121278644823,97.04078733566695,100.41483991452257,17.596666666666668,0.8533813222201174,22.61,13.281695,10.61,13.77,16.58,19.22
s_300_073,square,300,15,4976514.338980151,524473.6885996782,94.47216029322212,106.51179493986297,94.93549358335886,93.93921597652161,97.46466619824139,17.626666666666665,0.851928895612708,22.61,13.302624,10.67,13.82,16.57,19.208
s_300_074,square,300,15,4976513.901019849,524473.6885996782,108.38279723772422,121.97626443633658,109.40836641476102,106.89213872672114,111.66489170388574,17.546666666666667,0.851823708206687,22.61,13.307469,10.75,13.86,16.56,19.15
s_300_075,square,300,15,4976513.765682672,524474.1051246787,111.17506454134409,125.23740143560678,112.05408561785038,109.99371008586648,114.61506542016693,17.576666666666668,0.853593779632088,22.61,13.287738,10.75,13.83,16.52,19.13
s_300_076,square,300,16,4975318.712,525553.3975512862,122.06075834303321,132.42582658335348,134.6911806500038,114.47856457547091,125.91408253796534,68.77,0.8493529155154864,22.64,15.650814,14.03,16.11,17.95,19.9
s_300_077,square,300,16,4975319.066317328,525553.1401246787,101.36286093596425,109.94977215478778,111.87361828097858,95.02448471821674,104.55268402248683,68.74333333333334,0.845609271202056,22.97,15.678198,14.04,16.11,17.97,19.97
s_300_078,square,300,16,4975318.9309801515,525552.7235996783,102.51129475523771,111.21152385109136,113.12422002233413,96.06746972583215,105.72862708862384,69.54333333333334,0.8421128313281887,22.97,15.747921,14.09,16.2,18.08,20.16
s_300_079,square,300,16,4975318.493019849,525552.7235996783,103.55131041854251,112.35481214068885,114.256079926397,97.00974473619601,106.7929868054561,70.07333333333334,0.8436875654076682,22.97,15.766508,14.1,16.24,18.13,20.23
s_300_080,square,300,16,4975318.357682672,525553.1401246787,120.04284470368724,130.1977647155209,132.50625913973175,112.5128087424826,123.81491932535562,69.57333333333334,0.8484093522422385,22.97,15.714172,14.06,16.19,18.05,20.04
s_300_081,square,300,17,4975371.046,526078.2645512861,106.75298507723517,125.11704388265342,110.88388417852876,106.95652817483204,112.42761032831235,32.53333333333333,0.8183401639344262,19.51,12.431958,10.42,13.15,15.0,17.087
s_300_082,square,300,17,4975371.400317328,526078.0071246787,105.7807769201758,124.10219346430651,109.83909401670692,105.89366759697414,111.40393299954083,32.62,0.82158185162477,19.51,12.422956,10.4,13.15,15.01,17.11
s_300_083,square,300,17,4975371.264980151,526077.5905996782,105.7807769201758,124.10219346430651,109.83909401670692,105.89366759697414,111.40393299954083,32.55,0.8268305171530977,19.51,12.419709,10.38,13.18,15.02,17.1035
s_300_084,square,300,17,4975370.827019849,526077.5905996782,90.92330396736048,107.61441301542602,94.55916828437317,91.33384153853424,96.10768170142347,32.39333333333333,0.8252726898538794,19.51,12.4184675,10.377501,13.19,15.02,17.1
s_300_085,square,300,17,4975370.691682672,526078.0071246787,90.92330396736048,107.61441301542602,94.55916828437317,91.33384153853424,96.10768170142347,32.3,0.8198142414860681,19.51,12.434276,10.4,13.18,15.012501,17.11
s_300_086,square,300,18,4975406.248,526549.4185512861,84.16156681337937,92.99626204248628,88.21483043807261,77.37460330671837,85.68681565016416,49.483333333333334,0.6844055237453688,19.89,8.755024,5.68,8.29,11.35,16.35
s_300_087,square,300,18,4975406.602317328,526549.1611246787,84.16156681337937,92.99626204248628,88.21483043807261,77.37460330671837,85.68681565016416,49.64333333333333,0.6771637682132545,19.89,8.744834,5.59,8.29,11.39,16.32
s_300_088,square,300,18,4975406.466980151,526548.7445996782,84.16156681337937,92.99626204248628,88.21483043807261,77.37460330671837,85.68681565016416,49.583333333333336,0.6724033613445378,19.89,8.835592,5.66,8.38,11.69,16.3795
s_300_089,square,300,18,4975406.029019848,526548.7445996782,85.88692005528374,94.86647988846411,89.93667882394881,79.01010685722537,87.4250464062305,49.54333333333334,0.676310300746821,19.89,8.889831,5.73,8.45,11.76,16.43
s_300_090,square,300,18,4975405.893682672,526549.1611246787,85.88692005528374,94.86647988846411,89.93667882394881,79.01010685722537,87.4250464062305,49.5,0.6827609427609428,19.89,8.8252945,5.7,8.36,11.57,16.390999
s_300_091,square,300,19,4975693.698,526336.7525512861,164.46447728522503,188.45099913900765,174.3238228670009,148.85505167421948,169.02358774136326,44.096666666666664,0.9083830977398141,26.65,14.205734,11.11,15.18,18.28,21.37
s_300_092,square,300,19,4975694.052317328,526336.4951246787,139.75803552150904,161.52546874548926,146.52526408967594,124.90460478621657,143.1783432857227,44.04333333333334,0.9116022099447514,26.65,14.1717825,11.16,15.1,18.22,21.31
s_300_093,square,300,19,4975693.916980151,526336.0785996782,139.75803552150904,161.52546874548926,146.52526408967594,124.90460478621657,143.1783432857227,43.96666666666667,0.9145564821834723,26.65,14.197168,11.17,15.11,18.23,21.31
s_300_094,square,300,19,4975693.479019849,526336.0785996782,138.0961242331576,159.9988439365089,145.06068926359924,124.26559271770294,141.85531253774218,44.13333333333333,0.9135196374622356,26.65,14.233667,11.16,15.18,18.29,21.393
s_300_095,square,300,19,4975693.343682672,526336.4951246787,136.10489303563693,158.1501259993592,143.28616413664295,123.48092856567546,140.25552793432863,44.29333333333334,0.9095424443106562,26.65,14.223044,11.11,15.2,18.29,21.377499
s_300_096,square,300,20,4976026.288,526561.3345512862,216.59941407791126,253.33633747723889,221.14212569254377,232.60629736362577,230.92104365282992,54.123333333333335,0.9340395393237667,22.58,13.467645,10.8,14.16,16.75,19.35
s_300_097,square,300,20,4976026.642317328,526561.0771246788,197.03626859473604,230.62732142465237,200.77760282424126,213.690527893911,210.53293018438518,54.17333333333333,0.932254491754861,22.58,13.504709,10.85,14.18,16.82,19.41
s_300_098,square,300,20,4976026.506980151,526560.6605996783,214.39395954086496,250.01342329462332,218.86164907532583,229.8789789016065,228.28700270310517,54.42666666666667,0.9326923076923077,22.58,13.471947,10.8,14.17,16.75,19.38
s_300_099,square,300,20,4976026.0690198485,526560.6605996783,222.84965837186587,259.18506806321045,227.2458657786265,239.3750986426738,237.16392271409416,54.43666666666667,0.934174269793644,22.17,13.4341,10.75,14.155,16.67,19.3
s_300_100,square,300,20,4976025.933682672,526561.0771246788,222.68293991919717,258.8841974100948,227.0552494432422,239.12812835291572,236.93762878136246,54.07666666666667,0.9344757443136288,22.17,13.452614,10.8,14.16,16.68,19.28
s_300_101,square,300,21,4976291.761,525439.2605512862,257.67246188092935,288.9330603338606,276.73451970653394,248.5166320593712,267.9641684951738,62.44,0.9405829596412556,28.52,17.459532,13.025,18.55,22.26,25.83
s_300_102,square,300,21,4976292.115317328,525439.0031246787,287.6708227276827,321.36567922066575,309.92291246652763,276.44313797809497,298.85063809824277,62.55,0.9430322408739675,28.52,17.62359,13.1075,18.83,22.4,25.94
s_300_103,square,300,21,4976291.979980151,525438.5865996783,275.90130599366705,308.2339522805826,297.6915827916411,265.4301087935808,286.8142374648679,62.91,0.94367615111535,28.52,17.577309,13.02,18.84,22.4,25.9
s_300_104,square,300,21,4976291.542019849,525438.5865996783,242.81294127030546,272.5773605891318,260.9202856260137,234.77012198967793,252.7701773687822,62.95666666666666,0.9418647747127654,28.52,17.40362,12.85,18.55,22.26,25.8
s_300_105,square,300,21,4976291.406682672,525439.0031246787,252.9930711179358,283.9173553778289,271.5052067761678,244.29867933117436,263.17857815077673,62.5,0.9400533333333333,28.52,17.321672,12.81,18.38,22.15,25.7775
s_300_106,square,300,22,4976583.131,525407.1475512862,91.37916583349164,101.93193612893481,94.42713955727584,91.47169649776464,94.80248450436673,54.77333333333333,0.7403846153846154,29.56,13.990306,10.76,14.38,16.86,23.02
s_300_107,square,300,22,4976583.485317328,525406.8901246787,89.63480490348486,99.98828145132599,92.6135944197999,89.82377923119728,93.01511500145202,54.88333333333333,0.7406012754327361,29.56,13.862548,10.73,14.32,16.67,22.71
s_300_108,square,300,22,4976583.349980151,525406.4735996783,94.11460969718229,105.00488742719618,97.2638255670507,94.04319251543774,97.60662880171672,54.93666666666667,0.7418239184515503,29.56,13.820745,10.7,14.29,16.65,22.67
s_300_109,square,300,22,4976582.912019849,525406.4735996783,91.37916583349164,101.93193612893481,94.42713955727584,91.47169649776464,94.80248450436673,54.74,0.7436974789915967,29.67,13.916307,10.75,14.31,16.81,22.87
s_300_110,square,300,22,4976582.776682672,525406.8901246787,91.37916583349164,101.93193612893481,94.42713955727584,91.47169649776464,94.80248450436673,54.72666666666667,0.7438786697527104,29.67,14.02386,10.8,14.37,16.92,23.16
s_300_111,square,300,23,4975689.685,526585.2395512861,214.16800972691522,223.2608683356978,227.53737046135157,192.64363761884155,214.40247153570155,48.56333333333333,0.8301873841718718,30.27,18.693644,10.85,22.33,25.19,27.88
s_300_112,square,300,23,4975690.039317328,526584.9821246787,188.22526307908242,195.26533105389686,198.7493984723959,168.4416004666244,187.6703982679999,48.653333333333336,0.8270759112085503,30.27,18.696812,10.82,22.36,25.22,27.86
s_300_113,square,300,23,4975689.903980151,526584.5655996782,188.22526307908242,195.26533105389686,198.7493984723959,168.4416004666244,187.6703982679999,48.876666666666665,0.8207733751619724,30.27,18.764542,10.89,22.38,25.24,27.88
s_300_114,square,300,23,4975689.466019848,526584.5655996782,188.71446891481645,203.5407814779086,207.51638289613652,171.53551997251756,192.8267883153448,48.843333333333334,0.8190131713642258,30.27,18.777191,10.92,22.36,25.23,27.9
s_300_115,square,300,23,4975689.330682672,526584.9821246787,188.71446891481645,203.5407814779086,207.51638289613652,171.53551997251756,192.8267883153448,48.516666666666666,0.8248711782892477,30.27,18.713717,10.842501,22.31,25.21,27.9
s_300_116,square,300,24,4975979.232,526253.7715512861,120.22516215188648,119.57899738468166,115.79764105788021,96.98920095979231,113.14775038856017,45.093333333333334,0.6351271437019516,27.67,14.486892,11.01,15.025,18.21,23.93
s_300_117,square,300,24,4975979.586317328,526253.5141246787,131.63705977010443,127.88322636156545,124.30664562331998,106.27297465102609,122.524976601504,46.083333333333336,0.641880650994575,27.7,14.674848,11.22,15.19,18.4475,24.07
s_300_118,square,300,24,4975979.450980151,526253.0975996782,131.63705977010443,127.88322636156545,124.30664562331998,106.27297465102609,122.524976601504,46.57666666666667,0.6347956773778001,27.7,14.864797,11.44,15.255,18.69,24.31
s_300_119,square,300,24,4975979.013019849,526253.0975996782,113.48568895688624,112.0517389428725,108.79601269150695,90.6519208681241,106.24634036484744,45.75333333333333,0.6215940550779543,27.7,14.740775,11.35,15.08,18.49,24.33
s_300_120,square,300,24,4975978.877682672,526253.5141246787,113.48568895688624,112.0517389428725,108.79601269150695,90.6519208681241,106.24634036484744,44.723333333333336,0.621673995677126,27.7,14.467416,11.04,14.93,18.15,24.08
s_300_121,square,300,25,4976208.282,526362.1515512861,77.62759237772923,83.56696397912063,77.07253063171291,73.76395168657453,78.00775966878433,48.596666666666664,0.960010974689622,20.86,9.84068,7.25,9.29,11.98,17.1425
s_300_122,square,300,25,4976208.636317328,526361.8941246787,77.62759237772923,83.56696397912063,77.07253063171291,73.76395168657453,78.00775966878433,48.47666666666667,0.9604620779756584,20.86,9.770163,7.24,9.23,11.76,17.08
s_300_123,square,300,25,4976208.500980151,526361.4775996782,77.62759237772923,83.56696397912063,77.07253063171291,73.76395168657453,78.00775966878433,48.526666666666664,0.9589229289737601,20.86,9.785676,7.19,9.24,11.92,17.11
s_300_124,square,300,25,4976208.063019848,526361.4775996782,77.62759237772923,83.56696397912063,77.07253063171291,73.76395168657453,78.00775966878433,48.54333333333334,0.957220352949255,20.86,9.85422,7.16,9.28,12.21,17.2
s_300_125,square,300,25,4976207.927682672,526361.8941246787,77.62759237772923,83.56696397912063,77.07253063171291,73.76395168657453,78.00775966878433,48.413333333333334,0.957862847700358,20.86,9.8763075,7.19,9.3,12.22,17.21
s_300_126,square,300,29,4975605.615,524627.2245512861,173.1828785422331,188.0769421053963,190.90148038209801,162.6580268937177,178.7048319808613,19.756666666666668,0.8695798886451831,26.08,16.961872,14.53,18.765,20.9375,23.07
s_300_127,square,300,29,4975605.969317328,524626.9671246787,193.65291450438863,210.28631144787568,213.4881597815077,181.94204415468658,199.84235747211466,19.9,0.8720268006700167,26.08,16.89206,14.3825,18.71,20.89,23.07
s_300_128,square,300,29,4975605.833980151,524626.5505996782,204.8236531493315,222.3995868466362,225.82106985794357,192.46509165859695,211.37735037812706,19.893333333333334,0.8729892761394102,26.08,16.962101,14.445,18.79,20.95,23.0955
s_300_129,square,300,29,4975605.396019849,524626.5505996782,184.9752505145036,200.86339260670312,203.92163835504613,173.773735647761,190.88350428100347,19.833333333333332,0.8690756302521009,26.08,17.0981,14.84,18.87,21.02,23.165
s_300_130,square,300,29,4975605.260682672,524626.9671246787,184.9752505145036,200.86339260670312,203.92163835504613,173.773735647761,190.88350428100347,19.73,0.8668694036154756,26.08,17.113409,14.875,18.87,21.02,23.16
s_300_131,square,300,30,4977166.833,524593.1715512861,101.33622445793799,112.70449178413664,113.27811692838544,95.18008292074136,105.62472902280035,41.526666666666664,0.7985230374056831,16.67,8.375231,5.04,8.6,11.56,13.95
s_300_132,square,300,30,4977167.187317328,524592.9141246787,86.94101008209071,97.06650681544673,97.415186999999,81.65709010084832,90.7699484995962,41.406666666666666,0.7992271775881501,16.67,8.429384,5.08,8.69,11.62,13.95
s_300_133,square,300,30,4977167.051980151,524592.4975996782,86.94101008209071,97.06650681544673,97.415186999999,81.65709010084832,90.7699484995962,41.223333333333336,0.7962319074957548,16.67,8.442846,5.075,8.78,11.63,13.92
s_300_134,square,300,30,4977166.614019848,524592.4975996782,90.58942322859524,101.04832757439723,101.4160233192408,85.05632170066336,94.52752395572415,41.156666666666666,0.7935530898193893,16.67,8.377199,5.02,8.7,11.52,13.8615
s_300_135,square,300,30,4977166.478682672,524592.9141246787,96.89957189592647,108.16225215225467,108.27020534503376,91.28274895344475,101.15369458666491,41.29,0.7955114232663276,16.67,8.322562,4.97,8.57,11.45,13.8735
s_300_136,square,300,31,4976243.76,524835.6426512864,186.92791712249235,199.06454673778242,196.9720582566277,178.078675604356,190.26079943031462,57.72666666666667,0.9719367132463334,30.83,16.314306,12.29,16.84,20.4125,25.7945
s_300_137,square,300,31,4976244.114317328,524835.385224679,185.93082786613027,197.7528404865725,196.01391228189175,177.02215228588298,189.17993323011936,57.39666666666667,0.9738660781694639,30.83,16.522015,12.47,16.99,20.81,26.36
s_300_138,square,300,31,4976243.978980151,524834.9686996785,188.5205961135314,200.8110865466988,198.70985743689286,179.53647540005264,191.89450387429392,56.7,0.9754262198706644,30.83,16.565636,12.49,17.03,20.9,26.38
s_300_139,square,300,31,4976243.541019849,524834.9686996785,199.73961487624985,213.30053217600536,210.3772626719866,190.0219331694994,203.3598357234353,56.60333333333333,0.97402979800954,30.83,16.370579,12.26,16.91,20.5925,25.800499
s_300_140,square,300,31,4976243.405682672,524835.385224679,198.14693588521078,211.55399236708905,208.63946349172147,188.5641333738028,201.726131279456,57.20333333333333,0.9720296020045451,30.83,16.22004,12.14,16.8,20.29,25.42
s_300_141,square,300,32,4975778.346899999,525028.4879512857,186.468638767828,192.5349181613225,189.0411592870025,183.23875776046665,187.82086849415492,64.12666666666667,0.9750493814325814,27.65,19.603186,16.06,21.08,23.21,25.21
s_300_142,square,300,32,4975778.701217327,525028.2305246782,169.98708421832404,177.84068041141953,174.70118998525479,168.80381170297437,172.8331915794932,64.08333333333333,0.9762808842652796,27.65,19.55924,15.97,21.01,23.19,25.19
s_300_143,square,300,32,4975778.5658801505,525027.8139996778,186.468638767828,192.5349181613225,189.0411592870025,183.23875776046665,187.82086849415492,64.56333333333333,0.9765604832464247,27.65,19.55706,15.97,21.04,23.2,25.183
s_300_144,square,300,32,4975778.127919848,525027.8139996778,178.4915039465687,187.1175281457625,183.34241223613083,176.7322639977226,181.42092708154615,64.87333333333333,0.9755934641866201,27.65,19.580984,16.02,21.08,23.23,25.2
s_300_145,square,300,32,4975777.992582671,525028.2305246782,178.4915039465687,187.1175281457625,183.34241223613083,176.7322639977226,181.42092708154615,64.54666666666667,0.9746953108861806,27.65,19.6162,16.09,21.1,23.23,25.22
s_300_146,square,300,33,4975431.0747,525196.9434512858,154.13410748570584,171.7586600248491,160.0707916550502,146.91219474844394,158.21893847851226,60.346666666666664,0.9273088820150243,21.25,12.820545,10.29,13.64,15.97,18.4565
s_300_147,square,300,33,4975431.429017328,525196.6860246784,169.98832624445635,189.36900197567826,176.57015199263122,161.63795177358963,174.39135799658888,60.00666666666667,0.9269525608265748,21.25,12.777222,10.2,13.57,15.96,18.45
s_300_148,square,300,33,4975431.293680151,525196.2694996779,170.77998643997702,190.22746169461857,177.35901935021116,162.45040037085624,175.20421696391577,59.626666666666665,0.9287231663685152,21.25,12.789295,10.21,13.58,15.97,18.46
s_300_149,square,300,33,4975430.855719849,525196.2694996779,170.77998643997702,190.22746169461857,177.35901935021116,162.45040037085624,175.20421696391577,59.73,0.9292929292929293,21.25,12.827288,10.29,13.63,15.98,18.48
s_300_150,square,300,33,4975430.720382672,525196.6860246784,169.98832624445635,189.36900197567826,176.57015199263122,161.63795177358963,174.39135799658888,60.05,0.9275603663613655,21.25,12.836347,10.31,13.65,15.97,18.46
s_300_151,square,300,34,4975783.509400001,525501.1717512864,62.400106083535825,67.28262949920816,67.31153979662867,60.300023219642455,64.32357464975378,43.75666666666667,0.6149158223508798,33.65,23.9594,22.2675,25.855,28.63,31.1745
s_300_152,square,300,34,4975783.863717329,525500.914324679,62.400106083535825,67.28262949920816,67.31153979662867,60.300023219642455,64.32357464975378,43.42,0.6216797174881007,33.65,24.00898,22.3425,25.86,28.68,31.23
s_300_153,square,300,34,4975783.728380152,525500.4977996785,62.400106083535825,67.28262949920816,67.31153979662867,60.300023219642455,64.32357464975378,44.6,0.6386397608370703,33.65,24.067627,22.62,25.89,28.72,31.18
s_300_154,square,300,34,4975783.29041985,525500.4977996785,62.400106083535825,67.28262949920816,67.31153979662867,60.300023219642455,64.32357464975378,45.75666666666667,0.6420193778684344,33.65,24.091661,22.6,25.94,28.71,31.144
s_300_155,square,300,34,4975783.155082673,525500.914324679,62.400106083535825,67.28262949920816,67.31153979662867,60.300023219642455,64.32357464975378,45.32,0.6276110620770815,33.65,24.039417,22.34,25.91,28.65,31.164
s_300_156,square,300,35,4975143.703,524713.1921512862,25.862056546179574,45.67387847420048,45.07508831016069,41.49562318506462,39.526661628901344,11.263333333333334,0.6836342113051198,26.25,14.427614,10.7225,14.93,18.36,22.7
s_300_157,square,300,35,4975144.057317328,524712.9347246788,25.862056546179574,45.67387847420048,45.07508831016069,41.49562318506462,39.526661628901344,11.253333333333334,0.6857227488151659,26.25,14.317312,10.72,14.81,18.18,22.402
s_300_158,square,300,35,4975143.921980151,524712.5181996783,25.862056546179574,45.67387847420048,45.07508831016069,41.49562318506462,39.526661628901344,11.25,0.6903703703703704,26.25,14.302632,10.7125,14.785,18.18,22.4575
s_300_159,square,300,35,4975143.4840198485,524712.5181996783,25.862056546179574,45.67387847420048,45.07508831016069,41.49562318506462,39.526661628901344,11.253333333333334,0.6880924170616114,26.25,14.430693,10.705,14.87,18.39,22.829
s_300_160,square,300,35,4975143.348682672,524712.9347246788,25.862056546179574,45.67387847420048,45.07508831016069,41.49562318506462,39.526661628901344,11.306666666666667,0.6839622641509434,26.25,14.534079,10.72,15.0,18.48,22.9105
s_300_161,square,300,36,4976621.261,525710.073251286,53.99289233776319,66.24887766501996,57.78180477309463,52.91139316723775,57.73374198577888,45.06333333333333,0.7815666839263259,21.93,11.959386,7.48,12.46,16.38,18.89
s_300_162,square,300,36,4976621.615317328,525709.8158246786,53.99289233776319,66.24887766501996,57.78180477309463,52.91139316723775,57.73374198577888,44.87,0.7792883143897185,21.88,11.832676,7.41,12.3,16.2,18.65
s_300_163,square,300,36,4976621.479980151,525709.3992996782,53.99289233776319,66.24887766501996,57.78180477309463,52.91139316723775,57.73374198577888,44.36333333333334,0.7730107446089113,21.88,11.775459,7.34,12.25,16.17,18.64
s_300_164,square,300,36,4976621.042019849,525709.3992996782,53.99289233776319,66.24887766501996,57.78180477309463,52.91139316723775,57.73374198577888,44.25666666666667,0.7725389771785794,21.88,11.873558,7.36,12.35,16.33,18.83
s_300_165,square,300,36,4976620.906682672,525709.8158246786,58.680650739166424,71.64124129111359,62.271572907125865,58.040406390615196,62.65846783200527,44.7,0.77889634601044,21.88,11.981527,7.48,12.46,16.44,18.93
s_300_166,square,300,37,4976493.278200001,526112.2554512857,241.64371447425412,245.90862884727937,248.89468266855425,219.41938628830286,238.96660306959762,35.67333333333333,0.9459914034759858,27.73,18.932732,17.28,20.34,22.88,25.188501
s_300_167,square,300,37,4976493.632517329,526111.9980246783,241.64371447425412,245.90862884727937,248.89468266855425,219.41938628830286,238.96660306959762,35.45333333333333,0.9487589319292967,28.43,19.013626,17.39,20.38,22.94,25.28
s_300_168,square,300,37,4976493.497180153,526111.5814996778,245.84363683255293,250.6137655646414,253.25381662829597,223.37513458901873,243.27158840362722,35.45666666666666,0.9502679326877879,27.73,18.963787,17.28,20.37,22.91,25.21
s_300_169,square,300,37,4976493.05921985,526111.5814996778,299.7544505798069,289.7969840800321,293.83713236699253,266.0466558811179,287.3588057269874,35.78333333333333,0.9484862598975314,27.73,18.844204,17.05,20.32,22.84,25.11
s_300_170,square,300,37,4976492.9238826735,526111.9980246783,295.55452822150806,285.09184736267,289.47799840725077,262.09090758040196,283.0538203929577,35.903333333333336,0.9465230712097298,27.73,18.847826,17.09,20.31,22.83,25.12
s_300_171,square,300,38,4976145.162599999,526063.0215512863,163.22606062009976,180.2027172618524,171.6540226752536,161.65894358509408,169.18543603557495,52.14,0.8910625239739164,26.14,15.418476,12.55,16.22,18.67,22.32
s_300_172,square,300,38,4976145.516917327,526062.7641246789,163.22606062009976,180.2027172618524,171.6540226752536,161.65894358509408,169.18543603557495,51.75666666666667,0.8924454176595608,26.14,15.331359,12.44,16.13,18.62,22.26
s_300_173,square,300,38,4976145.381580151,526062.3475996784,161.0548535574818,177.79788377488785,169.40569507016568,158.52459749818527,166.69575747518016,51.25333333333333,0.8943158168574402,26.14,15.296881,12.375,16.1,18.59,22.175
s_300_174,square,300,38,4976144.943619848,526062.3475996784,155.0436138984327,171.2794844511962,163.43326304353303,151.80938627490505,160.39143691701676,51.29333333333334,0.8933584611385496,26.14,15.381741,12.51,16.16,18.64,22.257
s_300_175,square,300,38,4976144.8082826715,526062.7641246789,157.21482096105066,173.6843179381608,165.6815906486209,154.94373236181391,162.88111547741158,51.77333333333333,0.8908060777749163,26.14,15.4557905,12.59,16.24,18.69,22.33
s_300_176,square,300,39,4976667.816199999,524716.2825512863,186.51507489572313,204.07879206133813,206.04726302381127,171.41884317579158,192.01499328916603,39.67,0.8115284429879842,30.84,17.41496,10.3925,18.994999,24.05,27.9
s_300_177,square,300,39,4976668.170517327,524716.0251246789,187.8777800701664,205.97070352853063,207.39538944788396,172.9586262569677,193.55062482588718,38.99666666666667,0.8039148645183349,30.84,17.123089,9.49,18.58,24.01,27.91
s_300_178,square,300,39,4976668.0351801505,524715.6085996784,186.51507489572313,204.07879206133813,206.04726302381127,171.41884317579158,192.01499328916603,38.60666666666667,0.7943360386807115,30.84,16.984142,9.39,18.255001,23.8525,27.91
s_300_179,square,300,39,4976667.597219848,524715.6085996784,184.57714377761448,201.9780745371638,204.11406834068214,169.31108268937746,189.99509233620947,39.05,0.7977806231327358,30.84,17.19096,10.202499,18.29,23.81,27.9
s_300_180,square,300,39,4976667.461882671,524716.0251246789,180.4273846301665,194.99697606140467,199.56022455115559,164.8420922272482,184.95666936749376,39.693333333333335,0.8096237823312059,30.84,17.404213,10.82,18.63,23.93,27.88
s_300_181,square,300,40,4975142.120300001,525336.806851286,201.24110851972108,246.97793698970668,219.99579897836125,196.06128657544338,216.06903276580812,57.56666666666667,0.9167921250723798,30.77,16.264572,11.76,16.18,20.94,26.344
s_300_182,square,300,40,4975142.474617329,525336.5494246786,201.24110851972108,246.97793698970668,219.99579897836125,196.06128657544338,216.06903276580812,57.28,0.9167830540037244,30.77,16.260132,11.7325,16.15,20.9475,26.4435
s_300_183,square,300,40,4975142.339280153,525336.1328996781,201.24110851972108,246.97793698970668,219.99579897836125,196.06128657544338,216.06903276580812,57.47666666666667,0.9159079046569623,30.77,16.20384,11.65,16.13,20.93,26.404
s_300_184,square,300,40,4975141.90131985,525336.1328996781,201.24110851972108,246.97793698970668,219.99579897836125,196.06128657544338,216.06903276580812,58.163333333333334,0.9157544844976789,30.77,16.160763,11.63,16.13,20.89,26.271
s_300_185,square,300,40,4975141.7659826735,525336.5494246786,205.92528093230504,255.02442749049806,225.19439718196338,201.19331428416285,221.83435497223235,58.21,0.916108343354521,30.77,16.19103,11.7,16.16,20.88,26.211498
s_300_186,square,300,41,4975247.676100001,526352.3051512861,205.10079077377983,225.87347054569108,222.98727886823357,195.7165305420406,212.41951768243626,31.82,0.857427194636497,30.56,16.024942,8.33,16.65,23.93,27.29
s_300_187,square,300,41,4975248.030417329,526352.0477246786,205.1165899992699,226.17373920984312,222.8449240363688,195.64427336382724,212.44488165232727,31.723333333333333,0.8547861721130608,30.56,16.20173,8.36,17.45,24.06,27.3
s_300_188,square,300,41,4975247.895080152,526351.6311996782,209.5321485942546,230.9613887056256,227.2367968990753,200.56210045791292,217.07310866421713,31.87,0.8565003660704947,30.56,16.267101,8.41,17.61,24.07,27.29
s_300_189,square,300,41,4975247.4571198495,526351.6311996782,196.45803976058875,215.60647032423432,213.90092142255162,188.06173062170333,203.5067905322695,32.07666666666667,0.8607502857736673,30.56,16.122805,8.4,16.97,23.99,27.289001
s_300_190,square,300,41,4975247.321782673,526352.0477246786,195.02070311577742,214.04741105569897,212.41924883086205,186.00746176426992,201.8737061916521,31.94333333333333,0.8622560784722947,30.56,15.986861,8.37,16.47,23.9,27.29
s_300_191,square,300,42,4976260.5759,526706.0077512865,95.43881438389872,104.8463792155072,102.46825078947876,90.84696470213237,98.40010227275425,16.25,0.9103589743589744,27.51,15.317366,12.56,15.91,18.47,21.971498
s_300_192,square,300,42,4976260.930217328,526705.7503246791,96.87629874154256,106.46791671980583,103.95700545920052,92.18739412321409,99.87215376094073,16.216666666666665,0.9095580678314491,27.38,15.262649,12.53,15.86,18.35,21.85
s_300_193,square,300,42,4976260.794880151,526705.3337996786,95.55401118468176,104.975524580207,102.58778692740825,90.95614093961252,98.51836590797737,16.17,0.9082663368377654,26.61,15.203919,12.56,15.875,18.2475,21.612501
s_300_194,square,300,42,4976260.356919848,526705.3337996786,94.01886451950716,103.19961748201453,101.077783402264,89.49491970883085,96.94779627815413,16.18,0.9074989699217141,26.61,15.215059,12.61,15.88,18.31,21.58
s_300_195,square,300,42,4976260.221582672,526705.7503246791,92.55822934816194,101.5970792693473,99.48489281890653,88.16072602933596,95.45023186643795,16.14666666666667,0.9077208918249381,27.38,15.275986,12.58,15.88,18.43,21.82
s_300_196,square,300,43,4976353.940300001,526480.9228512864,133.85561957208532,146.36955125173014,136.2476490083546,127.06828896044678,135.88527719815423,56.63666666666666,0.9570949326113825,26.25,15.991219,12.622499,16.93,19.94,22.66
s_300_197,square,300,43,4976354.294617329,526480.6654246789,141.4563543645357,155.1332836407335,144.80189831674753,134.55304001897218,143.98614408524722,56.55,0.9565576186265842,25.88,16.02263,12.67,16.99,19.98,22.5865
s_300_198,square,300,43,4976354.159280152,526480.2488996785,158.5197128617378,172.62308877116138,161.34290459962477,150.11901147725456,160.65117942744462,57.013333333333335,0.955799812909261,25.88,16.063288,12.69,17.04,20.05,22.65
s_300_199,square,300,43,4976353.72131985,526480.2488996785,177.33015180839243,188.37639093296244,176.97039406135787,166.22225112058794,177.22479698082515,57.46333333333333,0.9562619641510528,26.25,16.086727,12.68,17.04,20.06,22.78
s_300_200,square,300,43,4976353.585982673,526480.6654246789,160.2667933111903,170.8865858025345,160.4293877784806,150.65627966230556,160.55976163862772,57.27,0.9572783889179908,26.25,16.06453,12.665,17.0,20.005001,22.827
